--
-- PostgreSQL database dump
--

\restrict qElUIrtRO7jgKilmjf88PrcWHW68FMHLcPd42KkxT2Kzo7OitQgvVeZBQwEf97L

-- Dumped from database version 17.6 (Ubuntu 17.6-1.pgdg24.04+1)
-- Dumped by pg_dump version 17.6 (Ubuntu 17.6-1.pgdg24.04+1)

SET statement_timeout = 0;
SET lock_timeout = 0;
SET idle_in_transaction_session_timeout = 0;
SET transaction_timeout = 0;
SET client_encoding = 'UTF8';
SET standard_conforming_strings = on;
SELECT pg_catalog.set_config('search_path', '', false);
SET check_function_bodies = false;
SET xmloption = content;
SET client_min_messages = warning;
SET row_security = off;

ALTER TABLE IF EXISTS ONLY public.webhook_delivery_logs DROP CONSTRAINT IF EXISTS webhook_delivery_logs_company_id_fkey;
ALTER TABLE IF EXISTS ONLY public.users DROP CONSTRAINT IF EXISTS users_company_id_fkey;
ALTER TABLE IF EXISTS ONLY public.users DROP CONSTRAINT IF EXISTS users_branch_id_fkey;
ALTER TABLE IF EXISTS ONLY public.user_sessions DROP CONSTRAINT IF EXISTS user_sessions_user_id_fkey;
ALTER TABLE IF EXISTS ONLY public.user_activity_logs DROP CONSTRAINT IF EXISTS user_activity_logs_user_id_fkey;
ALTER TABLE IF EXISTS ONLY public.provider_order_logs DROP CONSTRAINT IF EXISTS provider_order_logs_company_provider_config_id_fkey;
ALTER TABLE IF EXISTS ONLY public.promotions DROP CONSTRAINT IF EXISTS promotions_company_id_fkey;
ALTER TABLE IF EXISTS ONLY public.promotion_variants DROP CONSTRAINT IF EXISTS promotion_variants_campaign_id_fkey;
ALTER TABLE IF EXISTS ONLY public.promotion_usage DROP CONSTRAINT IF EXISTS promotion_usage_code_id_fkey;
ALTER TABLE IF EXISTS ONLY public.promotion_usage DROP CONSTRAINT IF EXISTS promotion_usage_campaign_id_fkey;
ALTER TABLE IF EXISTS ONLY public.promotion_templates DROP CONSTRAINT IF EXISTS promotion_templates_company_id_fkey;
ALTER TABLE IF EXISTS ONLY public.promotion_targets DROP CONSTRAINT IF EXISTS promotion_targets_campaign_id_fkey;
ALTER TABLE IF EXISTS ONLY public.promotion_products DROP CONSTRAINT IF EXISTS promotion_products_promotion_id_fkey;
ALTER TABLE IF EXISTS ONLY public.promotion_products DROP CONSTRAINT IF EXISTS promotion_products_product_id_fkey;
ALTER TABLE IF EXISTS ONLY public.promotion_platform_configs DROP CONSTRAINT IF EXISTS promotion_platform_configs_campaign_id_fkey;
ALTER TABLE IF EXISTS ONLY public.promotion_modifier_markups DROP CONSTRAINT IF EXISTS promotion_modifier_markups_promotion_id_fkey;
ALTER TABLE IF EXISTS ONLY public.promotion_modifier_markups DROP CONSTRAINT IF EXISTS promotion_modifier_markups_product_id_fkey;
ALTER TABLE IF EXISTS ONLY public.promotion_modifier_markups DROP CONSTRAINT IF EXISTS promotion_modifier_markups_modifier_id_fkey;
ALTER TABLE IF EXISTS ONLY public.promotion_menu_items DROP CONSTRAINT IF EXISTS promotion_menu_items_menu_item_id_fkey;
ALTER TABLE IF EXISTS ONLY public.promotion_menu_items DROP CONSTRAINT IF EXISTS promotion_menu_items_campaign_id_fkey;
ALTER TABLE IF EXISTS ONLY public.promotion_codes DROP CONSTRAINT IF EXISTS promotion_codes_campaign_id_fkey;
ALTER TABLE IF EXISTS ONLY public.promotion_campaigns DROP CONSTRAINT IF EXISTS promotion_campaigns_company_id_fkey;
ALTER TABLE IF EXISTS ONLY public.promotion_analytics DROP CONSTRAINT IF EXISTS promotion_analytics_campaign_id_fkey;
ALTER TABLE IF EXISTS ONLY public.product_modifier_categories DROP CONSTRAINT IF EXISTS product_modifier_categories_product_id_fkey;
ALTER TABLE IF EXISTS ONLY public.product_modifier_categories DROP CONSTRAINT IF EXISTS product_modifier_categories_modifier_category_id_fkey;
ALTER TABLE IF EXISTS ONLY public.product_images DROP CONSTRAINT IF EXISTS product_images_product_id_fkey;
ALTER TABLE IF EXISTS ONLY public.printers DROP CONSTRAINT IF EXISTS printers_company_id_fkey;
ALTER TABLE IF EXISTS ONLY public.printers DROP CONSTRAINT IF EXISTS printers_branch_id_fkey;
ALTER TABLE IF EXISTS ONLY public.print_templates DROP CONSTRAINT IF EXISTS print_templates_company_id_fkey;
ALTER TABLE IF EXISTS ONLY public.print_jobs DROP CONSTRAINT IF EXISTS print_jobs_user_id_fkey;
ALTER TABLE IF EXISTS ONLY public.print_jobs DROP CONSTRAINT IF EXISTS print_jobs_printer_id_fkey;
ALTER TABLE IF EXISTS ONLY public.print_jobs DROP CONSTRAINT IF EXISTS print_jobs_company_id_fkey;
ALTER TABLE IF EXISTS ONLY public.print_jobs DROP CONSTRAINT IF EXISTS print_jobs_branch_id_fkey;
ALTER TABLE IF EXISTS ONLY public.price_history DROP CONSTRAINT IF EXISTS price_history_promotion_id_fkey;
ALTER TABLE IF EXISTS ONLY public.orders DROP CONSTRAINT IF EXISTS orders_delivery_zone_id_fkey;
ALTER TABLE IF EXISTS ONLY public.orders DROP CONSTRAINT IF EXISTS orders_delivery_provider_id_fkey;
ALTER TABLE IF EXISTS ONLY public.orders DROP CONSTRAINT IF EXISTS orders_branch_id_fkey;
ALTER TABLE IF EXISTS ONLY public.order_items DROP CONSTRAINT IF EXISTS order_items_product_id_fkey;
ALTER TABLE IF EXISTS ONLY public.order_items DROP CONSTRAINT IF EXISTS order_items_order_id_fkey;
ALTER TABLE IF EXISTS ONLY public.modifiers DROP CONSTRAINT IF EXISTS modifiers_modifier_category_id_fkey;
ALTER TABLE IF EXISTS ONLY public.modifiers DROP CONSTRAINT IF EXISTS modifiers_company_id_fkey;
ALTER TABLE IF EXISTS ONLY public.modifier_categories DROP CONSTRAINT IF EXISTS modifier_categories_company_id_fkey;
ALTER TABLE IF EXISTS ONLY public.menu_products DROP CONSTRAINT IF EXISTS menu_products_company_id_fkey;
ALTER TABLE IF EXISTS ONLY public.menu_products DROP CONSTRAINT IF EXISTS menu_products_category_id_fkey;
ALTER TABLE IF EXISTS ONLY public.menu_categories DROP CONSTRAINT IF EXISTS menu_categories_company_id_fkey;
ALTER TABLE IF EXISTS ONLY public.licenses DROP CONSTRAINT IF EXISTS licenses_company_id_fkey;
ALTER TABLE IF EXISTS ONLY public.delivery_zones DROP CONSTRAINT IF EXISTS delivery_zones_global_location_id_fkey;
ALTER TABLE IF EXISTS ONLY public.delivery_zones DROP CONSTRAINT IF EXISTS delivery_zones_branch_id_fkey;
ALTER TABLE IF EXISTS ONLY public.delivery_providers DROP CONSTRAINT IF EXISTS delivery_providers_company_id_fkey;
ALTER TABLE IF EXISTS ONLY public.delivery_provider_orders DROP CONSTRAINT IF EXISTS delivery_provider_orders_delivery_provider_id_fkey;
ALTER TABLE IF EXISTS ONLY public.delivery_provider_orders DROP CONSTRAINT IF EXISTS delivery_provider_orders_company_id_fkey;
ALTER TABLE IF EXISTS ONLY public.delivery_provider_orders DROP CONSTRAINT IF EXISTS delivery_provider_orders_branch_id_fkey;
ALTER TABLE IF EXISTS ONLY public.delivery_provider_analytics DROP CONSTRAINT IF EXISTS delivery_provider_analytics_company_id_fkey;
ALTER TABLE IF EXISTS ONLY public.delivery_error_logs DROP CONSTRAINT IF EXISTS delivery_error_logs_company_id_fkey;
ALTER TABLE IF EXISTS ONLY public.company_provider_configs DROP CONSTRAINT IF EXISTS company_provider_configs_company_id_fkey;
ALTER TABLE IF EXISTS ONLY public.branches DROP CONSTRAINT IF EXISTS branches_company_id_fkey;
ALTER TABLE IF EXISTS ONLY public.branch_provider_mappings DROP CONSTRAINT IF EXISTS branch_provider_mappings_company_provider_config_id_fkey;
ALTER TABLE IF EXISTS ONLY public.branch_provider_mappings DROP CONSTRAINT IF EXISTS branch_provider_mappings_branch_id_fkey;
ALTER TABLE IF EXISTS ONLY public.branch_availabilities DROP CONSTRAINT IF EXISTS branch_availabilities_company_id_fkey;
ALTER TABLE IF EXISTS ONLY public.branch_availabilities DROP CONSTRAINT IF EXISTS branch_availabilities_branch_id_fkey;
ALTER TABLE IF EXISTS ONLY public.availability_templates DROP CONSTRAINT IF EXISTS availability_templates_company_id_fkey;
ALTER TABLE IF EXISTS ONLY public.availability_audit_logs DROP CONSTRAINT IF EXISTS availability_audit_logs_company_id_fkey;
ALTER TABLE IF EXISTS ONLY public.availability_audit_logs DROP CONSTRAINT IF EXISTS availability_audit_logs_branch_availability_id_fkey;
ALTER TABLE IF EXISTS ONLY public.availability_alerts DROP CONSTRAINT IF EXISTS availability_alerts_company_id_fkey;
ALTER TABLE IF EXISTS ONLY public.availability_alerts DROP CONSTRAINT IF EXISTS availability_alerts_branch_id_fkey;
ALTER TABLE IF EXISTS ONLY public."_DeliveryProviderToJordanLocation" DROP CONSTRAINT IF EXISTS "_DeliveryProviderToJordanLocation_B_fkey";
ALTER TABLE IF EXISTS ONLY public."_DeliveryProviderToJordanLocation" DROP CONSTRAINT IF EXISTS "_DeliveryProviderToJordanLocation_A_fkey";
DROP TRIGGER IF EXISTS update_webhook_delivery_logs_updated_at ON public.webhook_delivery_logs;
DROP TRIGGER IF EXISTS update_delivery_provider_analytics_updated_at ON public.delivery_provider_analytics;
DROP TRIGGER IF EXISTS update_delivery_error_logs_updated_at ON public.delivery_error_logs;
DROP TRIGGER IF EXISTS license_audit_trigger ON public.licenses;
DROP INDEX IF EXISTS public.webhook_delivery_logs_status_created_at_idx;
DROP INDEX IF EXISTS public.webhook_delivery_logs_provider_type_webhook_type_created_at_idx;
DROP INDEX IF EXISTS public.webhook_delivery_logs_company_id_created_at_idx;
DROP INDEX IF EXISTS public.users_username_key;
DROP INDEX IF EXISTS public.users_status_last_login_at_idx;
DROP INDEX IF EXISTS public.users_failed_login_attempts_locked_until_idx;
DROP INDEX IF EXISTS public.users_company_id_status_idx;
DROP INDEX IF EXISTS public.users_company_id_role_idx;
DROP INDEX IF EXISTS public.users_branch_id_idx;
DROP INDEX IF EXISTS public.user_sessions_user_id_is_active_idx;
DROP INDEX IF EXISTS public.user_sessions_refresh_expires_at_idx;
DROP INDEX IF EXISTS public.user_sessions_last_used_at_idx;
DROP INDEX IF EXISTS public.user_sessions_ip_address_user_agent_idx;
DROP INDEX IF EXISTS public.user_sessions_expires_at_is_active_idx;
DROP INDEX IF EXISTS public.user_activity_logs_user_id_timestamp_idx;
DROP INDEX IF EXISTS public.user_activity_logs_timestamp_idx;
DROP INDEX IF EXISTS public.user_activity_logs_success_timestamp_idx;
DROP INDEX IF EXISTS public.user_activity_logs_resource_type_resource_id_idx;
DROP INDEX IF EXISTS public.user_activity_logs_action_timestamp_idx;
DROP INDEX IF EXISTS public.provider_order_logs_provider_order_id_idx;
DROP INDEX IF EXISTS public.provider_order_logs_order_status_idx;
DROP INDEX IF EXISTS public.provider_order_logs_order_id_idx;
DROP INDEX IF EXISTS public.provider_order_logs_company_provider_config_id_created_at_idx;
DROP INDEX IF EXISTS public.promotion_platform_configs_campaign_id_platform_key;
DROP INDEX IF EXISTS public.promotion_menu_items_menu_item_id_is_active_idx;
DROP INDEX IF EXISTS public.promotion_menu_items_campaign_id_platforms_idx;
DROP INDEX IF EXISTS public.promotion_menu_items_campaign_id_menu_item_id_key;
DROP INDEX IF EXISTS public.promotion_codes_campaign_id_code_key;
DROP INDEX IF EXISTS public.promotion_campaigns_slug_key;
DROP INDEX IF EXISTS public.promotion_analytics_campaign_id_date_platform_key;
DROP INDEX IF EXISTS public.product_images_product_id_idx;
DROP INDEX IF EXISTS public.product_images_created_at_idx;
DROP INDEX IF EXISTS public.printers_company_id_status_idx;
DROP INDEX IF EXISTS public."printers_branch_id_assignedTo_idx";
DROP INDEX IF EXISTS public.print_templates_company_id_type_idx;
DROP INDEX IF EXISTS public.print_jobs_priority_created_at_idx;
DROP INDEX IF EXISTS public.print_jobs_printer_id_status_created_at_idx;
DROP INDEX IF EXISTS public.print_jobs_company_id_status_created_at_idx;
DROP INDEX IF EXISTS public.orders_payment_status_status_idx;
DROP INDEX IF EXISTS public.orders_order_type_status_created_at_idx;
DROP INDEX IF EXISTS public.orders_order_number_key;
DROP INDEX IF EXISTS public.orders_order_number_idx;
DROP INDEX IF EXISTS public.orders_estimated_delivery_time_idx;
DROP INDEX IF EXISTS public.orders_delivery_provider_id_status_idx;
DROP INDEX IF EXISTS public.orders_customer_phone_idx;
DROP INDEX IF EXISTS public.orders_branch_id_status_created_at_idx;
DROP INDEX IF EXISTS public.order_items_product_id_idx;
DROP INDEX IF EXISTS public.order_items_order_id_idx;
DROP INDEX IF EXISTS public.menu_products_company_id_status_idx;
DROP INDEX IF EXISTS public.menu_products_company_id_created_at_idx;
DROP INDEX IF EXISTS public.menu_products_company_id_category_id_priority_idx;
DROP INDEX IF EXISTS public.menu_categories_company_id_is_active_display_number_idx;
DROP INDEX IF EXISTS public.licenses_status_expires_at_idx;
DROP INDEX IF EXISTS public.licenses_expires_at_idx;
DROP INDEX IF EXISTS public.licenses_days_remaining_idx;
DROP INDEX IF EXISTS public.licenses_company_id_status_idx;
DROP INDEX IF EXISTS public.license_invoices_invoice_number_key;
DROP INDEX IF EXISTS public.jordan_locations_governorate_city_idx;
DROP INDEX IF EXISTS public.jordan_locations_area_name_en_area_name_ar_idx;
DROP INDEX IF EXISTS public.idx_webhook_delivery_logs_status;
DROP INDEX IF EXISTS public.idx_webhook_delivery_logs_provider;
DROP INDEX IF EXISTS public.idx_webhook_delivery_logs_company;
DROP INDEX IF EXISTS public.idx_users_role;
DROP INDEX IF EXISTS public.idx_users_last_login;
DROP INDEX IF EXISTS public.idx_users_company_status;
DROP INDEX IF EXISTS public.idx_users_company_role_status;
DROP INDEX IF EXISTS public.idx_users_branch_role;
DROP INDEX IF EXISTS public.idx_user_sessions_user_active;
DROP INDEX IF EXISTS public.idx_sessions_token;
DROP INDEX IF EXISTS public.idx_order_items_order_id;
DROP INDEX IF EXISTS public.idx_menu_products_status_priority;
DROP INDEX IF EXISTS public.idx_menu_products_slug;
DROP INDEX IF EXISTS public.idx_menu_products_deleted_at;
DROP INDEX IF EXISTS public.idx_menu_products_company_category_status;
DROP INDEX IF EXISTS public.idx_menu_categories_company_active;
DROP INDEX IF EXISTS public.idx_licenses_expiry_active;
DROP INDEX IF EXISTS public.idx_licenses_expires_at;
DROP INDEX IF EXISTS public.idx_licenses_days_remaining;
DROP INDEX IF EXISTS public.idx_delivery_provider_orders_status;
DROP INDEX IF EXISTS public.idx_delivery_provider_analytics_provider;
DROP INDEX IF EXISTS public.idx_delivery_provider_analytics_company;
DROP INDEX IF EXISTS public.idx_delivery_error_logs_unresolved;
DROP INDEX IF EXISTS public.idx_delivery_error_logs_provider;
DROP INDEX IF EXISTS public.idx_delivery_error_logs_company;
DROP INDEX IF EXISTS public.idx_company_provider_configs_provider_type;
DROP INDEX IF EXISTS public.idx_company_provider_configs_active;
DROP INDEX IF EXISTS public.idx_branches_default;
DROP INDEX IF EXISTS public.idx_branches_company_active;
DROP INDEX IF EXISTS public.idx_branches_active;
DROP INDEX IF EXISTS public.idx_branch_provider_mappings_active;
DROP INDEX IF EXISTS public.global_locations_search_text_idx;
DROP INDEX IF EXISTS public.global_locations_is_active_city_name_idx;
DROP INDEX IF EXISTS public.global_locations_governorate_city_name_idx;
DROP INDEX IF EXISTS public.global_locations_country_name_city_name_area_name_idx;
DROP INDEX IF EXISTS public.global_locations_city_name_area_name_idx;
DROP INDEX IF EXISTS public.delivery_zones_branch_id_is_active_priority_level_idx;
DROP INDEX IF EXISTS public.delivery_providers_is_active_priority_idx;
DROP INDEX IF EXISTS public.delivery_providers_company_id_is_active_idx;
DROP INDEX IF EXISTS public.delivery_provider_orders_order_number_idx;
DROP INDEX IF EXISTS public.delivery_provider_orders_delivery_provider_id_provider_orde_idx;
DROP INDEX IF EXISTS public.delivery_provider_orders_company_id_order_status_created_at_idx;
DROP INDEX IF EXISTS public.delivery_provider_analytics_provider_type_date_idx;
DROP INDEX IF EXISTS public.delivery_provider_analytics_company_id_provider_type_date_key;
DROP INDEX IF EXISTS public.delivery_provider_analytics_company_id_date_idx;
DROP INDEX IF EXISTS public.delivery_error_logs_provider_type_error_type_created_at_idx;
DROP INDEX IF EXISTS public.delivery_error_logs_created_at_idx;
DROP INDEX IF EXISTS public.delivery_error_logs_company_id_created_at_idx;
DROP INDEX IF EXISTS public.company_provider_configs_company_id_provider_type_is_active_idx;
DROP INDEX IF EXISTS public.company_provider_configs_company_id_priority_idx;
DROP INDEX IF EXISTS public.companies_subscription_expires_at_idx;
DROP INDEX IF EXISTS public.companies_status_idx;
DROP INDEX IF EXISTS public.companies_business_type_status_idx;
DROP INDEX IF EXISTS public.branches_latitude_longitude_idx;
DROP INDEX IF EXISTS public.branches_company_id_is_default_idx;
DROP INDEX IF EXISTS public.branches_company_id_is_active_idx;
DROP INDEX IF EXISTS public.branches_city_is_active_idx;
DROP INDEX IF EXISTS public.branches_allows_delivery_allows_online_orders_idx;
DROP INDEX IF EXISTS public.branch_provider_mappings_provider_branch_id_idx;
DROP INDEX IF EXISTS public.branch_provider_mappings_company_provider_config_id_is_acti_idx;
DROP INDEX IF EXISTS public.branch_provider_mappings_branch_id_is_active_idx;
DROP INDEX IF EXISTS public.branch_availabilities_connected_id_connected_type_branch_id_idx;
DROP INDEX IF EXISTS public.branch_availabilities_company_id_connected_type_is_in_stock_idx;
DROP INDEX IF EXISTS public.branch_availabilities_branch_id_is_active_priority_idx;
DROP INDEX IF EXISTS public.branch_availabilities_branch_id_connected_type_is_active_idx;
DROP INDEX IF EXISTS public.availability_templates_company_id_template_type_is_active_idx;
DROP INDEX IF EXISTS public.availability_audit_logs_company_id_change_type_timestamp_idx;
DROP INDEX IF EXISTS public.availability_audit_logs_branch_availability_id_timestamp_idx;
DROP INDEX IF EXISTS public.availability_audit_logs_batch_id_idx;
DROP INDEX IF EXISTS public.availability_alerts_company_id_is_read_severity_created_at_idx;
DROP INDEX IF EXISTS public.availability_alerts_branch_id_alert_type_is_resolved_idx;
DROP INDEX IF EXISTS public."_DeliveryProviderToJordanLocation_B_index";
DROP INDEX IF EXISTS public."_DeliveryProviderToJordanLocation_AB_unique";
ALTER TABLE IF EXISTS ONLY public.webhook_delivery_logs DROP CONSTRAINT IF EXISTS webhook_delivery_logs_pkey;
ALTER TABLE IF EXISTS ONLY public.users DROP CONSTRAINT IF EXISTS users_pkey;
ALTER TABLE IF EXISTS ONLY public.users DROP CONSTRAINT IF EXISTS users_email_key;
ALTER TABLE IF EXISTS ONLY public.user_sessions DROP CONSTRAINT IF EXISTS user_sessions_token_hash_key;
ALTER TABLE IF EXISTS ONLY public.user_sessions DROP CONSTRAINT IF EXISTS user_sessions_refresh_token_hash_key;
ALTER TABLE IF EXISTS ONLY public.user_sessions DROP CONSTRAINT IF EXISTS user_sessions_pkey;
ALTER TABLE IF EXISTS ONLY public.user_activity_logs DROP CONSTRAINT IF EXISTS user_activity_logs_pkey;
ALTER TABLE IF EXISTS ONLY public.provider_order_logs DROP CONSTRAINT IF EXISTS provider_order_logs_pkey;
ALTER TABLE IF EXISTS ONLY public.promotions DROP CONSTRAINT IF EXISTS promotions_pkey;
ALTER TABLE IF EXISTS ONLY public.promotion_variants DROP CONSTRAINT IF EXISTS promotion_variants_pkey;
ALTER TABLE IF EXISTS ONLY public.promotion_usage DROP CONSTRAINT IF EXISTS promotion_usage_pkey;
ALTER TABLE IF EXISTS ONLY public.promotion_templates DROP CONSTRAINT IF EXISTS promotion_templates_pkey;
ALTER TABLE IF EXISTS ONLY public.promotion_targets DROP CONSTRAINT IF EXISTS promotion_targets_pkey;
ALTER TABLE IF EXISTS ONLY public.promotion_products DROP CONSTRAINT IF EXISTS promotion_products_pkey;
ALTER TABLE IF EXISTS ONLY public.promotion_platform_configs DROP CONSTRAINT IF EXISTS promotion_platform_configs_pkey;
ALTER TABLE IF EXISTS ONLY public.promotion_modifier_markups DROP CONSTRAINT IF EXISTS promotion_modifier_markups_pkey;
ALTER TABLE IF EXISTS ONLY public.promotion_menu_items DROP CONSTRAINT IF EXISTS promotion_menu_items_pkey;
ALTER TABLE IF EXISTS ONLY public.promotion_codes DROP CONSTRAINT IF EXISTS promotion_codes_pkey;
ALTER TABLE IF EXISTS ONLY public.promotion_campaigns DROP CONSTRAINT IF EXISTS promotion_campaigns_pkey;
ALTER TABLE IF EXISTS ONLY public.promotion_analytics DROP CONSTRAINT IF EXISTS promotion_analytics_pkey;
ALTER TABLE IF EXISTS ONLY public.product_modifier_categories DROP CONSTRAINT IF EXISTS product_modifier_categories_pkey;
ALTER TABLE IF EXISTS ONLY public.product_images DROP CONSTRAINT IF EXISTS product_images_pkey;
ALTER TABLE IF EXISTS ONLY public.printers DROP CONSTRAINT IF EXISTS printers_pkey;
ALTER TABLE IF EXISTS ONLY public.print_templates DROP CONSTRAINT IF EXISTS print_templates_pkey;
ALTER TABLE IF EXISTS ONLY public.print_jobs DROP CONSTRAINT IF EXISTS print_jobs_pkey;
ALTER TABLE IF EXISTS ONLY public.price_history DROP CONSTRAINT IF EXISTS price_history_pkey;
ALTER TABLE IF EXISTS ONLY public.orders DROP CONSTRAINT IF EXISTS orders_pkey;
ALTER TABLE IF EXISTS ONLY public.order_items DROP CONSTRAINT IF EXISTS order_items_pkey;
ALTER TABLE IF EXISTS ONLY public.modifiers DROP CONSTRAINT IF EXISTS modifiers_pkey;
ALTER TABLE IF EXISTS ONLY public.modifier_categories DROP CONSTRAINT IF EXISTS modifier_categories_pkey;
ALTER TABLE IF EXISTS ONLY public.menu_products DROP CONSTRAINT IF EXISTS menu_products_pkey;
ALTER TABLE IF EXISTS ONLY public.menu_categories DROP CONSTRAINT IF EXISTS menu_categories_pkey;
ALTER TABLE IF EXISTS ONLY public.licenses DROP CONSTRAINT IF EXISTS licenses_pkey;
ALTER TABLE IF EXISTS ONLY public.license_invoices DROP CONSTRAINT IF EXISTS license_invoices_pkey;
ALTER TABLE IF EXISTS ONLY public.license_audit_logs DROP CONSTRAINT IF EXISTS license_audit_logs_pkey;
ALTER TABLE IF EXISTS ONLY public.jordan_locations DROP CONSTRAINT IF EXISTS jordan_locations_pkey;
ALTER TABLE IF EXISTS ONLY public.global_locations DROP CONSTRAINT IF EXISTS global_locations_pkey;
ALTER TABLE IF EXISTS ONLY public.delivery_zones DROP CONSTRAINT IF EXISTS delivery_zones_pkey;
ALTER TABLE IF EXISTS ONLY public.delivery_providers DROP CONSTRAINT IF EXISTS delivery_providers_pkey;
ALTER TABLE IF EXISTS ONLY public.delivery_provider_orders DROP CONSTRAINT IF EXISTS delivery_provider_orders_pkey;
ALTER TABLE IF EXISTS ONLY public.delivery_provider_analytics DROP CONSTRAINT IF EXISTS delivery_provider_analytics_pkey;
ALTER TABLE IF EXISTS ONLY public.delivery_error_logs DROP CONSTRAINT IF EXISTS delivery_error_logs_pkey;
ALTER TABLE IF EXISTS ONLY public.company_provider_configs DROP CONSTRAINT IF EXISTS company_provider_configs_pkey;
ALTER TABLE IF EXISTS ONLY public.companies DROP CONSTRAINT IF EXISTS companies_slug_key;
ALTER TABLE IF EXISTS ONLY public.companies DROP CONSTRAINT IF EXISTS companies_pkey;
ALTER TABLE IF EXISTS ONLY public.branches DROP CONSTRAINT IF EXISTS branches_pkey;
ALTER TABLE IF EXISTS ONLY public.branch_provider_mappings DROP CONSTRAINT IF EXISTS branch_provider_mappings_pkey;
ALTER TABLE IF EXISTS ONLY public.branch_availabilities DROP CONSTRAINT IF EXISTS branch_availabilities_pkey;
ALTER TABLE IF EXISTS ONLY public.availability_templates DROP CONSTRAINT IF EXISTS availability_templates_pkey;
ALTER TABLE IF EXISTS ONLY public.availability_audit_logs DROP CONSTRAINT IF EXISTS availability_audit_logs_pkey;
ALTER TABLE IF EXISTS ONLY public.availability_alerts DROP CONSTRAINT IF EXISTS availability_alerts_pkey;
ALTER TABLE IF EXISTS ONLY public._prisma_migrations DROP CONSTRAINT IF EXISTS _prisma_migrations_pkey;
ALTER TABLE IF EXISTS public.license_invoices ALTER COLUMN id DROP DEFAULT;
ALTER TABLE IF EXISTS public.license_audit_logs ALTER COLUMN id DROP DEFAULT;
DROP TABLE IF EXISTS public.webhook_delivery_logs;
DROP TABLE IF EXISTS public.users;
DROP TABLE IF EXISTS public.user_sessions;
DROP TABLE IF EXISTS public.user_activity_logs;
DROP TABLE IF EXISTS public.provider_order_logs;
DROP TABLE IF EXISTS public.promotions;
DROP TABLE IF EXISTS public.promotion_variants;
DROP TABLE IF EXISTS public.promotion_usage;
DROP TABLE IF EXISTS public.promotion_templates;
DROP TABLE IF EXISTS public.promotion_targets;
DROP TABLE IF EXISTS public.promotion_products;
DROP TABLE IF EXISTS public.promotion_platform_configs;
DROP TABLE IF EXISTS public.promotion_modifier_markups;
DROP TABLE IF EXISTS public.promotion_menu_items;
DROP TABLE IF EXISTS public.promotion_codes;
DROP TABLE IF EXISTS public.promotion_campaigns;
DROP TABLE IF EXISTS public.promotion_analytics;
DROP TABLE IF EXISTS public.product_modifier_categories;
DROP TABLE IF EXISTS public.product_images;
DROP TABLE IF EXISTS public.printers;
DROP TABLE IF EXISTS public.print_templates;
DROP TABLE IF EXISTS public.print_jobs;
DROP TABLE IF EXISTS public.price_history;
DROP TABLE IF EXISTS public.orders;
DROP TABLE IF EXISTS public.order_items;
DROP TABLE IF EXISTS public.modifiers;
DROP TABLE IF EXISTS public.modifier_categories;
DROP TABLE IF EXISTS public.menu_products;
DROP TABLE IF EXISTS public.menu_categories;
DROP TABLE IF EXISTS public.licenses;
DROP SEQUENCE IF EXISTS public.license_invoices_id_seq;
DROP TABLE IF EXISTS public.license_invoices;
DROP SEQUENCE IF EXISTS public.license_audit_logs_id_seq;
DROP TABLE IF EXISTS public.license_audit_logs;
DROP TABLE IF EXISTS public.jordan_locations;
DROP TABLE IF EXISTS public.global_locations;
DROP TABLE IF EXISTS public.delivery_zones;
DROP TABLE IF EXISTS public.delivery_providers;
DROP TABLE IF EXISTS public.delivery_provider_orders;
DROP TABLE IF EXISTS public.delivery_provider_analytics;
DROP TABLE IF EXISTS public.delivery_error_logs;
DROP TABLE IF EXISTS public.company_provider_configs;
DROP TABLE IF EXISTS public.companies;
DROP TABLE IF EXISTS public.branches;
DROP TABLE IF EXISTS public.branch_provider_mappings;
DROP TABLE IF EXISTS public.branch_availabilities;
DROP TABLE IF EXISTS public.availability_templates;
DROP TABLE IF EXISTS public.availability_audit_logs;
DROP TABLE IF EXISTS public.availability_alerts;
DROP TABLE IF EXISTS public._prisma_migrations;
DROP TABLE IF EXISTS public."_DeliveryProviderToJordanLocation";
DROP FUNCTION IF EXISTS public.update_updated_at_column();
DROP FUNCTION IF EXISTS public.update_license_days_remaining();
DROP FUNCTION IF EXISTS public.trigger_license_audit_log();
DROP FUNCTION IF EXISTS public.track_license_usage(company_uuid uuid, feature_name_param character varying, usage_count_param integer, metadata_param jsonb);
DROP FUNCTION IF EXISTS public.track_license_usage(company_uuid text, feature_name_param character varying, usage_count_param integer, metadata_param jsonb);
DROP FUNCTION IF EXISTS public.get_company_license_status(company_uuid uuid);
DROP FUNCTION IF EXISTS public.get_company_license_status(company_uuid text);
DROP FUNCTION IF EXISTS public.generate_license_notifications();
DROP FUNCTION IF EXISTS public.create_license_expiry_warnings(warning_days integer);
DROP FUNCTION IF EXISTS public.check_expired_licenses();
DROP TYPE IF EXISTS public.user_status;
DROP TYPE IF EXISTS public.user_role;
DROP TYPE IF EXISTS public.template_type;
DROP TYPE IF EXISTS public.promotion_target_type;
DROP TYPE IF EXISTS public.promotion_status;
DROP TYPE IF EXISTS public.promotion_campaign_type;
DROP TYPE IF EXISTS public.printer_type;
DROP TYPE IF EXISTS public.printer_status;
DROP TYPE IF EXISTS public.printer_connection;
DROP TYPE IF EXISTS public.printer_assignment;
DROP TYPE IF EXISTS public.print_job_type;
DROP TYPE IF EXISTS public.print_job_status;
DROP TYPE IF EXISTS public.payment_status;
DROP TYPE IF EXISTS public.payment_method;
DROP TYPE IF EXISTS public.order_type;
DROP TYPE IF EXISTS public.order_status;
DROP TYPE IF EXISTS public.modifier_selection_type;
DROP TYPE IF EXISTS public.license_status;
DROP TYPE IF EXISTS public.customer_segment;
DROP TYPE IF EXISTS public.connected_type;
DROP TYPE IF EXISTS public.company_status;
DROP TYPE IF EXISTS public.availability_change_type;
DROP TYPE IF EXISTS public.alert_type;
DROP TYPE IF EXISTS public.alert_severity;
DROP EXTENSION IF EXISTS "uuid-ossp";
DROP EXTENSION IF EXISTS pg_trgm;
--
-- Name: pg_trgm; Type: EXTENSION; Schema: -; Owner: -
--

CREATE EXTENSION IF NOT EXISTS pg_trgm WITH SCHEMA public;


--
-- Name: EXTENSION pg_trgm; Type: COMMENT; Schema: -; Owner: -
--

COMMENT ON EXTENSION pg_trgm IS 'text similarity measurement and index searching based on trigrams';


--
-- Name: uuid-ossp; Type: EXTENSION; Schema: -; Owner: -
--

CREATE EXTENSION IF NOT EXISTS "uuid-ossp" WITH SCHEMA public;


--
-- Name: EXTENSION "uuid-ossp"; Type: COMMENT; Schema: -; Owner: -
--

COMMENT ON EXTENSION "uuid-ossp" IS 'generate universally unique identifiers (UUIDs)';


--
-- Name: alert_severity; Type: TYPE; Schema: public; Owner: -
--

CREATE TYPE public.alert_severity AS ENUM (
    'low',
    'medium',
    'high',
    'critical'
);


--
-- Name: alert_type; Type: TYPE; Schema: public; Owner: -
--

CREATE TYPE public.alert_type AS ENUM (
    'low_stock',
    'out_of_stock',
    'pricing_sync_failed',
    'schedule_conflict',
    'inventory_mismatch',
    'platform_sync_error'
);


--
-- Name: availability_change_type; Type: TYPE; Schema: public; Owner: -
--

CREATE TYPE public.availability_change_type AS ENUM (
    'status_change',
    'stock_update',
    'price_change',
    'schedule_update',
    'bulk_operation',
    'template_applied'
);


--
-- Name: company_status; Type: TYPE; Schema: public; Owner: -
--

CREATE TYPE public.company_status AS ENUM (
    'active',
    'inactive',
    'suspended',
    'trial'
);


--
-- Name: connected_type; Type: TYPE; Schema: public; Owner: -
--

CREATE TYPE public.connected_type AS ENUM (
    'product',
    'modifier',
    'category'
);


--
-- Name: customer_segment; Type: TYPE; Schema: public; Owner: -
--

CREATE TYPE public.customer_segment AS ENUM (
    'new',
    'vip',
    'regular',
    'inactive'
);


--
-- Name: license_status; Type: TYPE; Schema: public; Owner: -
--

CREATE TYPE public.license_status AS ENUM (
    'active',
    'expired',
    'suspended',
    'cancelled'
);


--
-- Name: modifier_selection_type; Type: TYPE; Schema: public; Owner: -
--

CREATE TYPE public.modifier_selection_type AS ENUM (
    'single',
    'multiple',
    'counter'
);


--
-- Name: order_status; Type: TYPE; Schema: public; Owner: -
--

CREATE TYPE public.order_status AS ENUM (
    'pending',
    'confirmed',
    'preparing',
    'ready_for_pickup',
    'out_for_delivery',
    'delivered',
    'cancelled',
    'refunded'
);


--
-- Name: order_type; Type: TYPE; Schema: public; Owner: -
--

CREATE TYPE public.order_type AS ENUM (
    'delivery',
    'pickup',
    'dine_in'
);


--
-- Name: payment_method; Type: TYPE; Schema: public; Owner: -
--

CREATE TYPE public.payment_method AS ENUM (
    'cash',
    'card',
    'online',
    'wallet'
);


--
-- Name: payment_status; Type: TYPE; Schema: public; Owner: -
--

CREATE TYPE public.payment_status AS ENUM (
    'pending',
    'paid',
    'failed',
    'refunded'
);


--
-- Name: print_job_status; Type: TYPE; Schema: public; Owner: -
--

CREATE TYPE public.print_job_status AS ENUM (
    'pending',
    'printing',
    'completed',
    'failed'
);


--
-- Name: print_job_type; Type: TYPE; Schema: public; Owner: -
--

CREATE TYPE public.print_job_type AS ENUM (
    'receipt',
    'kitchen_order',
    'label',
    'test'
);


--
-- Name: printer_assignment; Type: TYPE; Schema: public; Owner: -
--

CREATE TYPE public.printer_assignment AS ENUM (
    'kitchen',
    'cashier',
    'bar',
    'all'
);


--
-- Name: printer_connection; Type: TYPE; Schema: public; Owner: -
--

CREATE TYPE public.printer_connection AS ENUM (
    'network',
    'usb',
    'bluetooth'
);


--
-- Name: printer_status; Type: TYPE; Schema: public; Owner: -
--

CREATE TYPE public.printer_status AS ENUM (
    'online',
    'offline',
    'error',
    'unknown'
);


--
-- Name: printer_type; Type: TYPE; Schema: public; Owner: -
--

CREATE TYPE public.printer_type AS ENUM (
    'thermal',
    'receipt',
    'kitchen',
    'label'
);


--
-- Name: promotion_campaign_type; Type: TYPE; Schema: public; Owner: -
--

CREATE TYPE public.promotion_campaign_type AS ENUM (
    'percentage_discount',
    'fixed_discount',
    'buy_x_get_y',
    'free_shipping',
    'minimum_order',
    'loyalty_points',
    'first_time_customer',
    'happy_hour',
    'bulk_discount',
    'combo_deal',
    'platform_exclusive'
);


--
-- Name: promotion_status; Type: TYPE; Schema: public; Owner: -
--

CREATE TYPE public.promotion_status AS ENUM (
    'draft',
    'active',
    'paused',
    'expired',
    'archived',
    'scheduled'
);


--
-- Name: promotion_target_type; Type: TYPE; Schema: public; Owner: -
--

CREATE TYPE public.promotion_target_type AS ENUM (
    'product',
    'category',
    'branch',
    'customer',
    'modifier'
);


--
-- Name: template_type; Type: TYPE; Schema: public; Owner: -
--

CREATE TYPE public.template_type AS ENUM (
    'seasonal',
    'holiday',
    'daily',
    'weekly',
    'monthly',
    'special_event'
);


--
-- Name: user_role; Type: TYPE; Schema: public; Owner: -
--

CREATE TYPE public.user_role AS ENUM (
    'super_admin',
    'company_owner',
    'branch_manager',
    'cashier',
    'call_center'
);


--
-- Name: user_status; Type: TYPE; Schema: public; Owner: -
--

CREATE TYPE public.user_status AS ENUM (
    'active',
    'inactive',
    'suspended',
    'pending'
);


--
-- Name: check_expired_licenses(); Type: FUNCTION; Schema: public; Owner: -
--

CREATE FUNCTION public.check_expired_licenses() RETURNS TABLE(updated_count integer, expired_licenses jsonb)
    LANGUAGE plpgsql
    AS $$
DECLARE
    updated_count integer := 0;
    expired_licenses jsonb := '[]'::jsonb;
BEGIN
    -- Update expired licenses
    WITH expired_updates AS (
        UPDATE licenses 
        SET status = 'expired',
            days_remaining = 0,
            updated_at = now()
        WHERE expires_at < now() 
        AND status = 'active'
        RETURNING id, company_id, type, expires_at
    ),
    expired_data AS (
        SELECT jsonb_agg(
            jsonb_build_object(
                'license_id', id,
                'company_id', company_id,
                'type', type,
                'expired_at', expires_at
            )
        ) as licenses
        FROM expired_updates
    )
    SELECT 
        (SELECT count(*)::integer FROM expired_updates),
        COALESCE((SELECT licenses FROM expired_data), '[]'::jsonb)
    INTO updated_count, expired_licenses;

    -- Log expired licenses
    INSERT INTO license_audit_logs (license_id, company_id, action, new_data, created_at)
    SELECT 
        (value->>'license_id')::text,
        (value->>'company_id')::text,
        'expired',
        value,
        now()
    FROM jsonb_array_elements(expired_licenses);

    RETURN QUERY SELECT updated_count, expired_licenses;
END;
$$;


--
-- Name: create_license_expiry_warnings(integer); Type: FUNCTION; Schema: public; Owner: -
--

CREATE FUNCTION public.create_license_expiry_warnings(warning_days integer DEFAULT 30) RETURNS integer
    LANGUAGE plpgsql
    AS $$
DECLARE
    created_count integer := 0;
BEGIN
    -- Create warnings for licenses expiring within warning_days
    WITH warning_licenses AS (
        SELECT 
            l.id as license_id,
            l.company_id,
            l.type,
            l.expires_at,
            l.days_remaining,
            c.name as company_name
        FROM licenses l
        JOIN companies c ON l.company_id = c.id
        WHERE l.status = 'active'
        AND l.days_remaining <= warning_days
        AND l.days_remaining > 0
        AND NOT EXISTS (
            SELECT 1 FROM license_notifications ln 
            WHERE ln.license_id = l.id 
            AND ln.type = 'expiry_warning'
            AND ln.created_at > now() - interval '24 hours'
        )
    ),
    new_notifications AS (
        INSERT INTO license_notifications (
            company_id, 
            license_id, 
            type, 
            title,
            message, 
            severity,
            metadata,
            created_at
        )
        SELECT 
            company_id,
            license_id,
            'expiry_warning',
            'License Expiring Soon',
            CASE 
                WHEN days_remaining <= 7 THEN 'URGENT: Your ' || type::text || ' license expires in ' || days_remaining || ' days!'
                WHEN days_remaining <= 14 THEN 'WARNING: Your ' || type::text || ' license expires in ' || days_remaining || ' days.'
                ELSE 'NOTICE: Your ' || type::text || ' license expires in ' || days_remaining || ' days.'
            END,
            CASE 
                WHEN days_remaining <= 7 THEN 'critical'
                WHEN days_remaining <= 14 THEN 'warning'
                ELSE 'info'
            END,
            jsonb_build_object(
                'days_remaining', days_remaining,
                'expires_at', expires_at,
                'license_type', type::text,
                'company_name', company_name
            ),
            now()
        FROM warning_licenses
        RETURNING id
    )
    SELECT count(*)::integer INTO created_count FROM new_notifications;
    
    RETURN created_count;
END;
$$;


--
-- Name: generate_license_notifications(); Type: FUNCTION; Schema: public; Owner: -
--

CREATE FUNCTION public.generate_license_notifications() RETURNS void
    LANGUAGE plpgsql
    AS $$
BEGIN
  -- Insert notifications for licenses expiring in 30, 14, 7, and 1 days
  INSERT INTO license_notifications (
    company_id, license_id, type, title, message, severity, metadata
  )
  SELECT 
    l.company_id,
    l.id,
    CASE 
      WHEN l.days_remaining <= 1 THEN 'license_expiring_critical'
      WHEN l.days_remaining <= 7 THEN 'license_expiring_urgent'
      WHEN l.days_remaining <= 14 THEN 'license_expiring_warning'
      WHEN l.days_remaining <= 30 THEN 'license_expiring_notice'
    END,
    CASE 
      WHEN l.days_remaining <= 1 THEN 'License Expires Tomorrow\!'
      WHEN l.days_remaining <= 7 THEN 'License Expires Soon'
      WHEN l.days_remaining <= 14 THEN 'License Renewal Reminder'
      WHEN l.days_remaining <= 30 THEN 'License Renewal Notice'
    END,
    CASE 
      WHEN l.days_remaining <= 1 THEN 'Your license expires in ' || l.days_remaining || ' day. Renew immediately to avoid service interruption.'
      WHEN l.days_remaining <= 7 THEN 'Your license expires in ' || l.days_remaining || ' days. Please renew soon to avoid service interruption.'
      WHEN l.days_remaining <= 14 THEN 'Your license expires in ' || l.days_remaining || ' days. Consider renewing to ensure uninterrupted service.'
      WHEN l.days_remaining <= 30 THEN 'Your license expires in ' || l.days_remaining || ' days. Plan your renewal to maintain access to all features.'
    END,
    CASE 
      WHEN l.days_remaining <= 1 THEN 'critical'
      WHEN l.days_remaining <= 7 THEN 'critical'
      WHEN l.days_remaining <= 14 THEN 'warning'
      WHEN l.days_remaining <= 30 THEN 'info'
    END::text,
    jsonb_build_object(
      'license_type', l.type,
      'days_remaining', l.days_remaining,
      'expires_at', l.expires_at,
      'renewal_url', '/subscription'
    )
  FROM licenses l
  WHERE l.status = 'active' 
    AND l.days_remaining <= 30 
    AND l.days_remaining > 0
    AND NOT EXISTS (
      SELECT 1 FROM license_notifications n 
      WHERE n.license_id = l.id 
        AND n.type = CASE 
          WHEN l.days_remaining <= 1 THEN 'license_expiring_critical'
          WHEN l.days_remaining <= 7 THEN 'license_expiring_urgent'
          WHEN l.days_remaining <= 14 THEN 'license_expiring_warning'
          WHEN l.days_remaining <= 30 THEN 'license_expiring_notice'
        END
        AND n.created_at::date = CURRENT_DATE
    );
END;
$$;


--
-- Name: get_company_license_status(text); Type: FUNCTION; Schema: public; Owner: -
--

CREATE FUNCTION public.get_company_license_status(company_uuid text) RETURNS jsonb
    LANGUAGE plpgsql
    AS $$
DECLARE
    result jsonb;
BEGIN
    SELECT jsonb_build_object(
        'license_id', l.id,
        'company_id', l.company_id,
        'type', l.type,
        'status', l.status,
        'days_remaining', l.days_remaining,
        'expires_at', l.expires_at,
        'is_expired', (l.status = 'expired' OR l.expires_at < now()),
        'is_near_expiry', (l.days_remaining <= 30 AND l.days_remaining > 0),
        'is_critical', (l.days_remaining <= 7 AND l.days_remaining > 0),
        'max_users', l.max_users,
        'max_branches', l.max_branches,
        'features', l.features,
        'warning_level', 
            CASE 
                WHEN l.status = 'expired' OR l.expires_at < now() THEN 'expired'
                WHEN l.days_remaining <= 7 THEN 'critical'
                WHEN l.days_remaining <= 14 THEN 'warning'
                WHEN l.days_remaining <= 30 THEN 'notice'
                ELSE 'active'
            END
    )
    INTO result
    FROM licenses l
    WHERE l.company_id = company_uuid
    AND l.status = 'active'
    ORDER BY l.created_at DESC
    LIMIT 1;
    
    -- Return default if no license found
    IF result IS NULL THEN
        result := jsonb_build_object(
            'license_id', null,
            'company_id', company_uuid,
            'type', 'trial',
            'status', 'expired',
            'days_remaining', 0,
            'expires_at', null,
            'is_expired', true,
            'is_near_expiry', false,
            'is_critical', false,
            'max_users', 5,
            'max_branches', 1,
            'features', '["basic"]'::jsonb,
            'warning_level', 'expired'
        );
    END IF;
    
    RETURN result;
END;
$$;


--
-- Name: get_company_license_status(uuid); Type: FUNCTION; Schema: public; Owner: -
--

CREATE FUNCTION public.get_company_license_status(company_uuid uuid) RETURNS jsonb
    LANGUAGE plpgsql
    AS $$
DECLARE
    result jsonb;
BEGIN
    SELECT jsonb_build_object(
        'license_id', l.id,
        'company_id', l.company_id,
        'type', l.type,
        'status', l.status,
        'days_remaining', l.days_remaining,
        'expires_at', l.expires_at,
        'is_expired', (l.status = 'expired' OR l.expires_at < now()),
        'is_near_expiry', (l.days_remaining <= 30 AND l.days_remaining > 0),
        'is_critical', (l.days_remaining <= 7 AND l.days_remaining > 0),
        'max_users', l.max_users,
        'max_branches', l.max_branches,
        'features', l.features,
        'warning_level', 
            CASE 
                WHEN l.status = 'expired' OR l.expires_at < now() THEN 'expired'
                WHEN l.days_remaining <= 7 THEN 'critical'
                WHEN l.days_remaining <= 14 THEN 'warning'
                WHEN l.days_remaining <= 30 THEN 'notice'
                ELSE 'active'
            END
    )
    INTO result
    FROM licenses l
    WHERE l.company_id = company_uuid
    AND l.status = 'active'
    ORDER BY l.created_at DESC
    LIMIT 1;
    
    -- Return default if no license found
    IF result IS NULL THEN
        result := jsonb_build_object(
            'license_id', null,
            'company_id', company_uuid,
            'type', 'trial',
            'status', 'expired',
            'days_remaining', 0,
            'expires_at', null,
            'is_expired', true,
            'is_near_expiry', false,
            'is_critical', false,
            'max_users', 5,
            'max_branches', 1,
            'features', '["basic"]'::jsonb,
            'warning_level', 'expired'
        );
    END IF;
    
    RETURN result;
END;
$$;


--
-- Name: track_license_usage(text, character varying, integer, jsonb); Type: FUNCTION; Schema: public; Owner: -
--

CREATE FUNCTION public.track_license_usage(company_uuid text, feature_name_param character varying, usage_count_param integer DEFAULT 1, metadata_param jsonb DEFAULT '{}'::jsonb) RETURNS boolean
    LANGUAGE plpgsql
    AS $$
DECLARE
    license_uuid text;
BEGIN
    -- Get active license
    SELECT id INTO license_uuid
    FROM licenses 
    WHERE company_id = company_uuid 
    AND status = 'active'
    ORDER BY created_at DESC
    LIMIT 1;
    
    IF license_uuid IS NULL THEN
        RETURN false;
    END IF;
    
    -- Insert usage log
    INSERT INTO license_usage_logs (
        company_id, 
        license_id, 
        feature_name, 
        usage_count, 
        metadata,
        created_at
    ) VALUES (
        company_uuid,
        license_uuid,
        feature_name_param,
        usage_count_param,
        metadata_param,
        now()
    );
    
    RETURN true;
END;
$$;


--
-- Name: track_license_usage(uuid, character varying, integer, jsonb); Type: FUNCTION; Schema: public; Owner: -
--

CREATE FUNCTION public.track_license_usage(company_uuid uuid, feature_name_param character varying, usage_count_param integer DEFAULT 1, metadata_param jsonb DEFAULT '{}'::jsonb) RETURNS boolean
    LANGUAGE plpgsql
    AS $$
DECLARE
    license_uuid uuid;
    current_usage integer;
    max_allowed integer;
BEGIN
    -- Get active license
    SELECT id INTO license_uuid
    FROM licenses 
    WHERE company_id = company_uuid 
    AND status = 'active'
    ORDER BY created_at DESC
    LIMIT 1;
    
    IF license_uuid IS NULL THEN
        RETURN false;
    END IF;
    
    -- Insert usage log
    INSERT INTO license_usage_logs (
        company_id, 
        license_id, 
        feature_name, 
        usage_count, 
        metadata,
        created_at
    ) VALUES (
        company_uuid,
        license_uuid,
        feature_name_param,
        usage_count_param,
        metadata_param,
        now()
    );
    
    RETURN true;
END;
$$;


--
-- Name: trigger_license_audit_log(); Type: FUNCTION; Schema: public; Owner: -
--

CREATE FUNCTION public.trigger_license_audit_log() RETURNS trigger
    LANGUAGE plpgsql
    AS $$
BEGIN
  IF TG_OP = 'INSERT' THEN
    INSERT INTO license_audit_logs (license_id, action, new_data, timestamp)
    VALUES (NEW.id, 'INSERT', to_jsonb(NEW), NOW());
    RETURN NEW;
  ELSIF TG_OP = 'UPDATE' THEN
    INSERT INTO license_audit_logs (license_id, action, old_data, new_data, timestamp)
    VALUES (NEW.id, 'UPDATE', to_jsonb(OLD), to_jsonb(NEW), NOW());
    RETURN NEW;
  END IF;
  RETURN NULL;
END;
$$;


--
-- Name: update_license_days_remaining(); Type: FUNCTION; Schema: public; Owner: -
--

CREATE FUNCTION public.update_license_days_remaining() RETURNS integer
    LANGUAGE plpgsql
    AS $$
DECLARE
    updated_count integer := 0;
BEGIN
    WITH updates AS (
        UPDATE licenses 
        SET 
            days_remaining = GREATEST(0, EXTRACT(days FROM expires_at - now())::integer),
            last_checked = now(),
            updated_at = now()
        WHERE status = 'active'
        RETURNING id
    )
    SELECT count(*)::integer INTO updated_count FROM updates;
    
    RETURN updated_count;
END;
$$;


--
-- Name: update_updated_at_column(); Type: FUNCTION; Schema: public; Owner: -
--

CREATE FUNCTION public.update_updated_at_column() RETURNS trigger
    LANGUAGE plpgsql
    AS $$
BEGIN
    NEW.updated_at = CURRENT_TIMESTAMP;
    RETURN NEW;
END;
$$;


SET default_tablespace = '';

SET default_table_access_method = heap;

--
-- Name: _DeliveryProviderToJordanLocation; Type: TABLE; Schema: public; Owner: -
--

CREATE TABLE public."_DeliveryProviderToJordanLocation" (
    "A" text NOT NULL,
    "B" text NOT NULL
);


--
-- Name: _prisma_migrations; Type: TABLE; Schema: public; Owner: -
--

CREATE TABLE public._prisma_migrations (
    id character varying(36) NOT NULL,
    checksum character varying(64) NOT NULL,
    finished_at timestamp with time zone,
    migration_name character varying(255) NOT NULL,
    logs text,
    rolled_back_at timestamp with time zone,
    started_at timestamp with time zone DEFAULT now() NOT NULL,
    applied_steps_count integer DEFAULT 0 NOT NULL
);


--
-- Name: availability_alerts; Type: TABLE; Schema: public; Owner: -
--

CREATE TABLE public.availability_alerts (
    id text NOT NULL,
    company_id text NOT NULL,
    branch_id text,
    alert_type public.alert_type NOT NULL,
    severity public.alert_severity DEFAULT 'medium'::public.alert_severity NOT NULL,
    title text NOT NULL,
    message text NOT NULL,
    connected_id text,
    connected_type public.connected_type,
    is_read boolean DEFAULT false NOT NULL,
    is_resolved boolean DEFAULT false NOT NULL,
    resolved_at timestamp(3) without time zone,
    resolved_by text,
    channels text[] DEFAULT ARRAY[]::text[],
    sent_at timestamp(3) without time zone,
    created_at timestamp(3) without time zone DEFAULT CURRENT_TIMESTAMP NOT NULL,
    updated_at timestamp(3) without time zone NOT NULL
);


--
-- Name: availability_audit_logs; Type: TABLE; Schema: public; Owner: -
--

CREATE TABLE public.availability_audit_logs (
    id text NOT NULL,
    branch_availability_id text NOT NULL,
    company_id text NOT NULL,
    change_type public.availability_change_type NOT NULL,
    old_value jsonb,
    new_value jsonb,
    change_reason text,
    user_id text,
    user_role public.user_role,
    ip_address text,
    user_agent text,
    platform text,
    batch_operation boolean DEFAULT false NOT NULL,
    batch_id text,
    "timestamp" timestamp(3) without time zone DEFAULT CURRENT_TIMESTAMP NOT NULL
);


--
-- Name: availability_templates; Type: TABLE; Schema: public; Owner: -
--

CREATE TABLE public.availability_templates (
    id text NOT NULL,
    company_id text NOT NULL,
    name text NOT NULL,
    description text,
    template_type public.template_type NOT NULL,
    configuration jsonb DEFAULT '{}'::jsonb NOT NULL,
    is_active boolean DEFAULT true NOT NULL,
    start_date timestamp(3) without time zone,
    end_date timestamp(3) without time zone,
    recurring_pattern jsonb,
    last_applied_at timestamp(3) without time zone,
    applied_count integer DEFAULT 0 NOT NULL,
    created_at timestamp(3) without time zone DEFAULT CURRENT_TIMESTAMP NOT NULL,
    updated_at timestamp(3) without time zone NOT NULL,
    created_by text
);


--
-- Name: branch_availabilities; Type: TABLE; Schema: public; Owner: -
--

CREATE TABLE public.branch_availabilities (
    id text NOT NULL,
    connected_id text NOT NULL,
    connected_type public.connected_type NOT NULL,
    branch_id text NOT NULL,
    company_id text NOT NULL,
    is_in_stock boolean DEFAULT true NOT NULL,
    is_active boolean DEFAULT true NOT NULL,
    stock_level integer,
    low_stock_threshold integer,
    prices jsonb DEFAULT '{}'::jsonb NOT NULL,
    taxes jsonb DEFAULT '{}'::jsonb,
    available_from text,
    available_to text,
    available_days text[] DEFAULT ARRAY[]::text[],
    last_stock_update timestamp(3) without time zone,
    notes text,
    priority integer DEFAULT 0 NOT NULL,
    created_at timestamp(3) without time zone DEFAULT CURRENT_TIMESTAMP NOT NULL,
    updated_at timestamp(3) without time zone NOT NULL,
    deleted_at timestamp(3) without time zone,
    created_by text,
    updated_by text
);


--
-- Name: branch_provider_mappings; Type: TABLE; Schema: public; Owner: -
--

CREATE TABLE public.branch_provider_mappings (
    id text NOT NULL,
    branch_id text NOT NULL,
    company_provider_config_id text NOT NULL,
    provider_branch_id text NOT NULL,
    provider_site_id text,
    branch_configuration jsonb DEFAULT '{}'::jsonb NOT NULL,
    is_active boolean DEFAULT true NOT NULL,
    priority integer DEFAULT 1 NOT NULL,
    min_order_value numeric(10,2),
    max_order_value numeric(10,2),
    supported_payment_methods text[] DEFAULT ARRAY[]::text[],
    created_at timestamp(3) without time zone DEFAULT CURRENT_TIMESTAMP NOT NULL,
    updated_at timestamp(3) without time zone NOT NULL,
    deleted_at timestamp(3) without time zone
);


--
-- Name: branches; Type: TABLE; Schema: public; Owner: -
--

CREATE TABLE public.branches (
    id text NOT NULL,
    company_id text NOT NULL,
    name text NOT NULL,
    phone text,
    email text,
    address text,
    city text,
    country text,
    latitude numeric(10,8),
    longitude numeric(11,8),
    is_default boolean DEFAULT false NOT NULL,
    is_active boolean DEFAULT true NOT NULL,
    allows_online_orders boolean DEFAULT true NOT NULL,
    allows_delivery boolean DEFAULT true NOT NULL,
    allows_pickup boolean DEFAULT true NOT NULL,
    timezone text DEFAULT 'Asia/Amman'::character varying NOT NULL,
    created_at timestamp(3) without time zone DEFAULT CURRENT_TIMESTAMP NOT NULL,
    updated_at timestamp(3) without time zone NOT NULL,
    deleted_at timestamp(3) without time zone,
    created_by text,
    updated_by text,
    name_ar text NOT NULL,
    open_time text,
    close_time text
);


--
-- Name: companies; Type: TABLE; Schema: public; Owner: -
--

CREATE TABLE public.companies (
    id text NOT NULL,
    name text NOT NULL,
    slug text NOT NULL,
    logo text,
    business_type text DEFAULT 'restaurant'::character varying,
    timezone text DEFAULT 'Asia/Amman'::character varying NOT NULL,
    default_currency text DEFAULT 'JOD'::bpchar NOT NULL,
    status public.company_status DEFAULT 'trial'::public.company_status NOT NULL,
    subscription_plan text DEFAULT 'basic'::character varying,
    subscription_expires_at timestamp(3) without time zone,
    created_at timestamp(3) without time zone DEFAULT CURRENT_TIMESTAMP NOT NULL,
    updated_at timestamp(3) without time zone NOT NULL,
    deleted_at timestamp(3) without time zone,
    created_by text,
    updated_by text
);


--
-- Name: company_provider_configs; Type: TABLE; Schema: public; Owner: -
--

CREATE TABLE public.company_provider_configs (
    id text NOT NULL,
    company_id text NOT NULL,
    provider_type text NOT NULL,
    configuration jsonb DEFAULT '{}'::jsonb NOT NULL,
    credentials jsonb DEFAULT '{}'::jsonb NOT NULL,
    is_active boolean DEFAULT true NOT NULL,
    priority integer DEFAULT 1 NOT NULL,
    max_distance numeric(8,2) DEFAULT 15.00 NOT NULL,
    base_fee numeric(8,2) DEFAULT 2.50 NOT NULL,
    fee_per_km numeric(8,2) DEFAULT 0.50 NOT NULL,
    avg_delivery_time integer DEFAULT 30 NOT NULL,
    created_at timestamp(3) without time zone DEFAULT CURRENT_TIMESTAMP NOT NULL,
    updated_at timestamp(3) without time zone NOT NULL,
    deleted_at timestamp(3) without time zone,
    CONSTRAINT valid_provider_type CHECK ((provider_type = ANY (ARRAY['dhub'::text, 'talabat'::text, 'careem'::text, 'careemexpress'::text, 'jahez'::text, 'deliveroo'::text, 'yallow'::text, 'jooddelivery'::text, 'topdeliver'::text, 'nashmi'::text, 'tawasi'::text, 'delivergy'::text, 'utrac'::text, 'local_delivery'::text])))
);


--
-- Name: delivery_error_logs; Type: TABLE; Schema: public; Owner: -
--

CREATE TABLE public.delivery_error_logs (
    id text NOT NULL,
    company_id text NOT NULL,
    provider_type text NOT NULL,
    error_type text NOT NULL,
    error_code text,
    error_message text NOT NULL,
    request_payload jsonb,
    response_payload jsonb,
    retry_count integer DEFAULT 0 NOT NULL,
    resolved_at timestamp(3) without time zone,
    created_at timestamp(3) without time zone DEFAULT CURRENT_TIMESTAMP NOT NULL,
    updated_at timestamp(3) without time zone NOT NULL
);


--
-- Name: delivery_provider_analytics; Type: TABLE; Schema: public; Owner: -
--

CREATE TABLE public.delivery_provider_analytics (
    id text NOT NULL,
    company_id text NOT NULL,
    provider_type text NOT NULL,
    date date NOT NULL,
    total_orders integer DEFAULT 0 NOT NULL,
    successful_orders integer DEFAULT 0 NOT NULL,
    failed_orders integer DEFAULT 0 NOT NULL,
    cancelled_orders integer DEFAULT 0 NOT NULL,
    total_revenue numeric(10,2) DEFAULT 0 NOT NULL,
    total_delivery_fee numeric(10,2) DEFAULT 0 NOT NULL,
    average_delivery_time integer DEFAULT 0 NOT NULL,
    customer_ratings_sum numeric(10,2) DEFAULT 0 NOT NULL,
    customer_ratings_count integer DEFAULT 0 NOT NULL,
    created_at timestamp(3) without time zone DEFAULT CURRENT_TIMESTAMP NOT NULL,
    updated_at timestamp(3) without time zone NOT NULL
);


--
-- Name: delivery_provider_orders; Type: TABLE; Schema: public; Owner: -
--

CREATE TABLE public.delivery_provider_orders (
    id text NOT NULL,
    company_id text NOT NULL,
    branch_id text NOT NULL,
    delivery_provider_id text NOT NULL,
    provider_order_id text NOT NULL,
    order_number text NOT NULL,
    order_status text DEFAULT 'created'::text NOT NULL,
    order_details jsonb NOT NULL,
    customer_details jsonb,
    delivery_address jsonb,
    webhook_data jsonb,
    is_processed boolean DEFAULT false NOT NULL,
    error_message text,
    created_at timestamp(3) without time zone DEFAULT CURRENT_TIMESTAMP NOT NULL,
    updated_at timestamp(3) without time zone NOT NULL,
    actual_delivery_time timestamp(3) without time zone,
    delivery_attempts integer DEFAULT 1 NOT NULL,
    estimated_delivery_time timestamp(3) without time zone,
    failure_reason text,
    last_status_check timestamp(3) without time zone,
    provider_fee_charged numeric(8,2),
    tracking_number text,
    webhook_retries integer DEFAULT 0 NOT NULL
);


--
-- Name: delivery_providers; Type: TABLE; Schema: public; Owner: -
--

CREATE TABLE public.delivery_providers (
    id text NOT NULL,
    name text NOT NULL,
    "displayName" jsonb NOT NULL,
    api_base_url text,
    api_key text,
    is_active boolean DEFAULT true NOT NULL,
    priority integer DEFAULT 1 NOT NULL,
    supported_areas text[] DEFAULT ARRAY[]::text[],
    avg_delivery_time integer DEFAULT 30 NOT NULL,
    base_fee numeric(8,2) DEFAULT 0.00 NOT NULL,
    fee_per_km numeric(8,2) DEFAULT 0.50 NOT NULL,
    max_distance numeric(8,2) DEFAULT 15.00 NOT NULL,
    configuration jsonb,
    created_at timestamp(3) without time zone DEFAULT CURRENT_TIMESTAMP NOT NULL,
    updated_at timestamp(3) without time zone NOT NULL,
    company_id text,
    webhook_url text
);


--
-- Name: delivery_zones; Type: TABLE; Schema: public; Owner: -
--

CREATE TABLE public.delivery_zones (
    id text NOT NULL,
    branch_id text NOT NULL,
    "zoneName" jsonb NOT NULL,
    zone_name_slug text,
    delivery_fee numeric(8,2),
    priority_level integer DEFAULT 2 NOT NULL,
    is_active boolean DEFAULT true NOT NULL,
    polygon jsonb,
    center_lat numeric(10,8),
    center_lng numeric(11,8),
    radius numeric(8,2),
    created_at timestamp(3) without time zone DEFAULT CURRENT_TIMESTAMP NOT NULL,
    updated_at timestamp(3) without time zone NOT NULL,
    deleted_at timestamp(3) without time zone,
    created_by text,
    updated_by text,
    global_location_id text,
    average_delivery_time_mins integer
);


--
-- Name: global_locations; Type: TABLE; Schema: public; Owner: -
--

CREATE TABLE public.global_locations (
    id text NOT NULL,
    country_name text NOT NULL,
    country_name_ar text NOT NULL,
    governorate text,
    city_name text NOT NULL,
    city_name_ar text NOT NULL,
    area_name text NOT NULL,
    area_name_ar text NOT NULL,
    sub_area_name text,
    sub_area_name_ar text,
    latitude numeric(10,8),
    longitude numeric(11,8),
    search_text text,
    is_active boolean DEFAULT true NOT NULL,
    delivery_difficulty integer DEFAULT 2 NOT NULL,
    average_delivery_fee numeric(8,2) DEFAULT 3.00 NOT NULL,
    created_at timestamp(3) without time zone DEFAULT CURRENT_TIMESTAMP NOT NULL,
    updated_at timestamp(3) without time zone NOT NULL
);


--
-- Name: jordan_locations; Type: TABLE; Schema: public; Owner: -
--

CREATE TABLE public.jordan_locations (
    id text NOT NULL,
    governorate text NOT NULL,
    city text NOT NULL,
    district text,
    area_name_en text NOT NULL,
    area_name_ar text NOT NULL,
    postal_code text,
    delivery_difficulty integer DEFAULT 2 NOT NULL,
    average_delivery_fee numeric(8,2) DEFAULT 3.00 NOT NULL,
    lat numeric(10,8),
    lng numeric(11,8),
    is_active boolean DEFAULT true NOT NULL,
    created_at timestamp(3) without time zone DEFAULT CURRENT_TIMESTAMP NOT NULL,
    updated_at timestamp(3) without time zone NOT NULL
);


--
-- Name: license_audit_logs; Type: TABLE; Schema: public; Owner: -
--

CREATE TABLE public.license_audit_logs (
    id integer NOT NULL,
    license_id text NOT NULL,
    action character varying(50) NOT NULL,
    old_data jsonb,
    new_data jsonb,
    user_id text,
    "timestamp" timestamp(6) without time zone DEFAULT CURRENT_TIMESTAMP
);


--
-- Name: license_audit_logs_id_seq; Type: SEQUENCE; Schema: public; Owner: -
--

CREATE SEQUENCE public.license_audit_logs_id_seq
    AS integer
    START WITH 1
    INCREMENT BY 1
    NO MINVALUE
    NO MAXVALUE
    CACHE 1;


--
-- Name: license_audit_logs_id_seq; Type: SEQUENCE OWNED BY; Schema: public; Owner: -
--

ALTER SEQUENCE public.license_audit_logs_id_seq OWNED BY public.license_audit_logs.id;


--
-- Name: license_invoices; Type: TABLE; Schema: public; Owner: -
--

CREATE TABLE public.license_invoices (
    id integer NOT NULL,
    license_id text NOT NULL,
    invoice_number character varying(50) NOT NULL,
    amount numeric(10,2) NOT NULL,
    currency character varying(3) DEFAULT 'JOD'::character varying,
    status character varying(20) DEFAULT 'pending'::character varying,
    created_at timestamp(6) without time zone DEFAULT CURRENT_TIMESTAMP,
    due_date timestamp(6) without time zone,
    paid_at timestamp(6) without time zone,
    payment_method character varying(50),
    company_id text,
    duration_days integer,
    issued_at timestamp(6) without time zone DEFAULT CURRENT_TIMESTAMP,
    due_at timestamp(6) without time zone,
    metadata jsonb,
    created_by text
);


--
-- Name: license_invoices_id_seq; Type: SEQUENCE; Schema: public; Owner: -
--

CREATE SEQUENCE public.license_invoices_id_seq
    AS integer
    START WITH 1
    INCREMENT BY 1
    NO MINVALUE
    NO MAXVALUE
    CACHE 1;


--
-- Name: license_invoices_id_seq; Type: SEQUENCE OWNED BY; Schema: public; Owner: -
--

ALTER SEQUENCE public.license_invoices_id_seq OWNED BY public.license_invoices.id;


--
-- Name: licenses; Type: TABLE; Schema: public; Owner: -
--

CREATE TABLE public.licenses (
    id text NOT NULL,
    company_id text NOT NULL,
    status public.license_status DEFAULT 'active'::public.license_status NOT NULL,
    start_date timestamp(3) without time zone DEFAULT CURRENT_TIMESTAMP NOT NULL,
    expires_at timestamp(3) without time zone NOT NULL,
    features jsonb,
    created_at timestamp(3) without time zone DEFAULT CURRENT_TIMESTAMP NOT NULL,
    updated_at timestamp(3) without time zone NOT NULL,
    created_by text,
    updated_by text,
    days_remaining integer DEFAULT 0 NOT NULL,
    last_checked timestamp(3) without time zone,
    renewed_at timestamp(3) without time zone,
    total_days integer DEFAULT 30 NOT NULL
);


--
-- Name: menu_categories; Type: TABLE; Schema: public; Owner: -
--

CREATE TABLE public.menu_categories (
    id text NOT NULL,
    company_id text NOT NULL,
    name jsonb NOT NULL,
    description jsonb,
    image text,
    display_number integer DEFAULT 0 NOT NULL,
    is_active boolean DEFAULT true NOT NULL,
    created_at timestamp(3) without time zone DEFAULT CURRENT_TIMESTAMP NOT NULL,
    updated_at timestamp(3) without time zone NOT NULL,
    deleted_at timestamp(3) without time zone,
    created_by text,
    updated_by text
);


--
-- Name: menu_products; Type: TABLE; Schema: public; Owner: -
--

CREATE TABLE public.menu_products (
    id text NOT NULL,
    company_id text NOT NULL,
    category_id text,
    name jsonb NOT NULL,
    description jsonb,
    image text,
    slug text,
    base_price numeric(10,2) NOT NULL,
    pricing jsonb DEFAULT '{}'::jsonb NOT NULL,
    cost numeric(10,2) DEFAULT 0 NOT NULL,
    status integer DEFAULT 1 NOT NULL,
    priority integer DEFAULT 0 NOT NULL,
    preparation_time integer DEFAULT 15 NOT NULL,
    pricing_method integer DEFAULT 1 NOT NULL,
    selling_method integer DEFAULT 1 NOT NULL,
    tags text[] DEFAULT ARRAY[]::text[],
    created_at timestamp(3) without time zone DEFAULT CURRENT_TIMESTAMP NOT NULL,
    updated_at timestamp(3) without time zone NOT NULL,
    deleted_at timestamp(3) without time zone,
    created_by text,
    updated_by text,
    images text[] DEFAULT ARRAY[]::text[]
);


--
-- Name: modifier_categories; Type: TABLE; Schema: public; Owner: -
--

CREATE TABLE public.modifier_categories (
    id text NOT NULL,
    company_id text NOT NULL,
    name jsonb NOT NULL,
    description jsonb,
    display_number integer DEFAULT 0 NOT NULL,
    image text,
    created_at timestamp(3) without time zone DEFAULT CURRENT_TIMESTAMP NOT NULL,
    updated_at timestamp(3) without time zone NOT NULL,
    deleted_at timestamp(3) without time zone,
    is_required boolean DEFAULT false NOT NULL,
    max_selections integer DEFAULT 1 NOT NULL,
    min_selections integer DEFAULT 0 NOT NULL,
    selection_type public.modifier_selection_type DEFAULT 'single'::public.modifier_selection_type NOT NULL
);


--
-- Name: modifiers; Type: TABLE; Schema: public; Owner: -
--

CREATE TABLE public.modifiers (
    id text NOT NULL,
    modifier_category_id text NOT NULL,
    company_id text NOT NULL,
    name jsonb NOT NULL,
    description jsonb,
    base_price numeric(10,2) NOT NULL,
    pricing jsonb DEFAULT '{}'::jsonb NOT NULL,
    cost numeric(10,2) DEFAULT 0 NOT NULL,
    status integer DEFAULT 1 NOT NULL,
    display_number integer DEFAULT 0 NOT NULL,
    created_at timestamp(3) without time zone DEFAULT CURRENT_TIMESTAMP NOT NULL,
    updated_at timestamp(3) without time zone NOT NULL,
    deleted_at timestamp(3) without time zone,
    image text,
    is_default boolean DEFAULT false NOT NULL
);


--
-- Name: order_items; Type: TABLE; Schema: public; Owner: -
--

CREATE TABLE public.order_items (
    id text NOT NULL,
    order_id text NOT NULL,
    product_id text NOT NULL,
    product_name jsonb NOT NULL,
    quantity integer NOT NULL,
    unit_price numeric(10,2) NOT NULL,
    total_price numeric(10,2) NOT NULL,
    modifiers jsonb,
    special_requests text,
    created_at timestamp(3) without time zone DEFAULT CURRENT_TIMESTAMP NOT NULL
);


--
-- Name: orders; Type: TABLE; Schema: public; Owner: -
--

CREATE TABLE public.orders (
    id text NOT NULL,
    order_number text NOT NULL,
    branch_id text NOT NULL,
    delivery_zone_id text,
    delivery_provider_id text,
    customer_name text NOT NULL,
    customer_phone text NOT NULL,
    customer_email text,
    delivery_address text,
    delivery_lat numeric(10,8),
    delivery_lng numeric(11,8),
    order_type public.order_type NOT NULL,
    status public.order_status DEFAULT 'pending'::public.order_status NOT NULL,
    subtotal numeric(10,2) NOT NULL,
    delivery_fee numeric(8,2) DEFAULT 0.00 NOT NULL,
    tax_amount numeric(8,2) DEFAULT 0.00 NOT NULL,
    total_amount numeric(10,2) NOT NULL,
    payment_method public.payment_method NOT NULL,
    payment_status public.payment_status DEFAULT 'pending'::public.payment_status NOT NULL,
    estimated_delivery_time timestamp(3) without time zone,
    actual_delivery_time timestamp(3) without time zone,
    provider_order_id text,
    provider_tracking_url text,
    driver_info jsonb,
    notes text,
    created_at timestamp(3) without time zone DEFAULT CURRENT_TIMESTAMP NOT NULL,
    updated_at timestamp(3) without time zone NOT NULL,
    delivered_at timestamp(3) without time zone,
    cancelled_at timestamp(3) without time zone,
    cancellation_reason text
);


--
-- Name: price_history; Type: TABLE; Schema: public; Owner: -
--

CREATE TABLE public.price_history (
    id text NOT NULL,
    entity_type text NOT NULL,
    entity_id text NOT NULL,
    promotion_id text,
    old_price numeric(10,2),
    new_price numeric(10,2),
    change_reason text,
    platform text,
    created_at timestamp(3) without time zone DEFAULT CURRENT_TIMESTAMP NOT NULL,
    created_by text
);


--
-- Name: print_jobs; Type: TABLE; Schema: public; Owner: -
--

CREATE TABLE public.print_jobs (
    id text NOT NULL,
    type public.print_job_type NOT NULL,
    printer_id text NOT NULL,
    content text NOT NULL,
    status public.print_job_status DEFAULT 'pending'::public.print_job_status NOT NULL,
    priority integer DEFAULT 5 NOT NULL,
    order_id text,
    company_id text NOT NULL,
    branch_id text,
    user_id text,
    attempts integer DEFAULT 0 NOT NULL,
    processing_time integer,
    error text,
    created_at timestamp(3) without time zone DEFAULT CURRENT_TIMESTAMP NOT NULL,
    updated_at timestamp(3) without time zone NOT NULL,
    started_at timestamp(3) without time zone,
    completed_at timestamp(3) without time zone,
    failed_at timestamp(3) without time zone
);


--
-- Name: print_templates; Type: TABLE; Schema: public; Owner: -
--

CREATE TABLE public.print_templates (
    id text NOT NULL,
    name text NOT NULL,
    type public.print_job_type NOT NULL,
    template text NOT NULL,
    is_default boolean DEFAULT false NOT NULL,
    company_id text NOT NULL,
    created_at timestamp(3) without time zone DEFAULT CURRENT_TIMESTAMP NOT NULL,
    updated_at timestamp(3) without time zone NOT NULL
);


--
-- Name: printers; Type: TABLE; Schema: public; Owner: -
--

CREATE TABLE public.printers (
    id text NOT NULL,
    name text NOT NULL,
    type public.printer_type NOT NULL,
    connection public.printer_connection NOT NULL,
    ip text,
    port integer DEFAULT 9100,
    manufacturer text,
    model text,
    location text,
    "paperWidth" integer,
    "assignedTo" public.printer_assignment DEFAULT 'cashier'::public.printer_assignment NOT NULL,
    is_default boolean DEFAULT false NOT NULL,
    status public.printer_status DEFAULT 'unknown'::public.printer_status NOT NULL,
    capabilities text,
    last_seen timestamp(3) without time zone,
    company_id text NOT NULL,
    branch_id text,
    created_at timestamp(3) without time zone DEFAULT CURRENT_TIMESTAMP NOT NULL,
    updated_at timestamp(3) without time zone NOT NULL
);


--
-- Name: product_images; Type: TABLE; Schema: public; Owner: -
--

CREATE TABLE public.product_images (
    id text NOT NULL,
    product_id text,
    filename text NOT NULL,
    original_name text NOT NULL,
    url text NOT NULL,
    size integer NOT NULL,
    width integer NOT NULL,
    height integer NOT NULL,
    mime_type text NOT NULL,
    created_at timestamp(3) without time zone DEFAULT CURRENT_TIMESTAMP NOT NULL,
    updated_at timestamp(3) without time zone NOT NULL
);


--
-- Name: product_modifier_categories; Type: TABLE; Schema: public; Owner: -
--

CREATE TABLE public.product_modifier_categories (
    id text NOT NULL,
    product_id text NOT NULL,
    modifier_category_id text NOT NULL,
    min_quantity integer DEFAULT 0 NOT NULL,
    max_quantity integer DEFAULT 1 NOT NULL,
    price_override numeric(10,2),
    is_required boolean DEFAULT false NOT NULL,
    display_order integer DEFAULT 0 NOT NULL,
    created_at timestamp(3) without time zone DEFAULT CURRENT_TIMESTAMP NOT NULL
);


--
-- Name: promotion_analytics; Type: TABLE; Schema: public; Owner: -
--

CREATE TABLE public.promotion_analytics (
    id text NOT NULL,
    campaign_id text NOT NULL,
    date date NOT NULL,
    platform text NOT NULL,
    total_uses integer DEFAULT 0 NOT NULL,
    unique_customers integer DEFAULT 0 NOT NULL,
    new_customers integer DEFAULT 0 NOT NULL,
    returning_customers integer DEFAULT 0 NOT NULL,
    gross_revenue numeric(15,2) DEFAULT 0 NOT NULL,
    total_discount_given numeric(15,2) DEFAULT 0 NOT NULL,
    average_order_value numeric(10,2) DEFAULT 0 NOT NULL,
    total_orders integer DEFAULT 0 NOT NULL,
    impression_count integer DEFAULT 0 NOT NULL,
    click_count integer DEFAULT 0 NOT NULL,
    conversion_rate numeric(5,2) DEFAULT 0 NOT NULL,
    created_at timestamp(3) without time zone DEFAULT CURRENT_TIMESTAMP NOT NULL
);


--
-- Name: promotion_campaigns; Type: TABLE; Schema: public; Owner: -
--

CREATE TABLE public.promotion_campaigns (
    id text NOT NULL,
    company_id text NOT NULL,
    name jsonb DEFAULT '{}'::jsonb NOT NULL,
    description jsonb DEFAULT '{}'::jsonb NOT NULL,
    slug text NOT NULL,
    type public.promotion_campaign_type NOT NULL,
    status public.promotion_status DEFAULT 'draft'::public.promotion_status NOT NULL,
    priority integer DEFAULT 999 NOT NULL,
    is_public boolean DEFAULT true NOT NULL,
    is_stackable boolean DEFAULT false NOT NULL,
    starts_at timestamp(3) without time zone,
    ends_at timestamp(3) without time zone,
    days_of_week integer[] DEFAULT ARRAY[]::integer[],
    time_ranges jsonb DEFAULT '[]'::jsonb NOT NULL,
    total_usage_limit integer,
    per_customer_limit integer DEFAULT 1 NOT NULL,
    current_usage_count integer DEFAULT 0 NOT NULL,
    discount_value numeric(10,2),
    max_discount_amount numeric(10,2),
    minimum_order_amount numeric(10,2),
    minimum_items_count integer DEFAULT 1 NOT NULL,
    buy_quantity integer,
    get_quantity integer,
    get_discount_percentage numeric(5,2),
    target_platforms text[] DEFAULT ARRAY[]::text[],
    target_customer_segments text[] DEFAULT ARRAY[]::text[],
    total_revenue_impact numeric(15,2) DEFAULT 0 NOT NULL,
    total_orders_count integer DEFAULT 0 NOT NULL,
    total_customers_reached integer DEFAULT 0 NOT NULL,
    created_by text,
    updated_by text,
    created_at timestamp(3) without time zone DEFAULT CURRENT_TIMESTAMP NOT NULL,
    updated_at timestamp(3) without time zone NOT NULL,
    deleted_at timestamp(3) without time zone
);


--
-- Name: promotion_codes; Type: TABLE; Schema: public; Owner: -
--

CREATE TABLE public.promotion_codes (
    id text NOT NULL,
    campaign_id text NOT NULL,
    code text NOT NULL,
    is_single_use boolean DEFAULT false NOT NULL,
    usage_count integer DEFAULT 0 NOT NULL,
    is_active boolean DEFAULT true NOT NULL,
    created_at timestamp(3) without time zone DEFAULT CURRENT_TIMESTAMP NOT NULL
);


--
-- Name: promotion_menu_items; Type: TABLE; Schema: public; Owner: -
--

CREATE TABLE public.promotion_menu_items (
    id text NOT NULL,
    campaign_id text NOT NULL,
    menu_item_id text NOT NULL,
    discount_value numeric(10,2),
    discount_type text DEFAULT 'percentage'::text NOT NULL,
    max_discount_amount numeric(10,2),
    platforms text[] DEFAULT ARRAY[]::text[],
    is_active boolean DEFAULT true NOT NULL,
    start_date timestamp(3) without time zone,
    end_date timestamp(3) without time zone,
    created_at timestamp(3) without time zone DEFAULT CURRENT_TIMESTAMP NOT NULL,
    updated_at timestamp(3) without time zone NOT NULL
);


--
-- Name: promotion_modifier_markups; Type: TABLE; Schema: public; Owner: -
--

CREATE TABLE public.promotion_modifier_markups (
    id text NOT NULL,
    promotion_id text NOT NULL,
    product_id text NOT NULL,
    modifier_id text NOT NULL,
    markup_percentage numeric(5,2) NOT NULL,
    original_price numeric(10,2) NOT NULL,
    marked_up_price numeric(10,2) NOT NULL,
    profit_margin numeric(5,2),
    business_reason text,
    created_at timestamp(3) without time zone DEFAULT CURRENT_TIMESTAMP NOT NULL
);


--
-- Name: promotion_platform_configs; Type: TABLE; Schema: public; Owner: -
--

CREATE TABLE public.promotion_platform_configs (
    id text NOT NULL,
    campaign_id text NOT NULL,
    platform text NOT NULL,
    platform_specific_id text,
    custom_settings jsonb DEFAULT '{}'::jsonb NOT NULL,
    is_synced boolean DEFAULT false NOT NULL,
    last_synced_at timestamp(3) without time zone,
    sync_error text,
    created_at timestamp(3) without time zone DEFAULT CURRENT_TIMESTAMP NOT NULL
);


--
-- Name: promotion_products; Type: TABLE; Schema: public; Owner: -
--

CREATE TABLE public.promotion_products (
    id text NOT NULL,
    promotion_id text NOT NULL,
    product_id text NOT NULL,
    base_discount_type text DEFAULT 'percentage'::text NOT NULL,
    base_discount_value numeric(10,2) NOT NULL,
    created_at timestamp(3) without time zone DEFAULT CURRENT_TIMESTAMP NOT NULL
);


--
-- Name: promotion_targets; Type: TABLE; Schema: public; Owner: -
--

CREATE TABLE public.promotion_targets (
    id text NOT NULL,
    campaign_id text NOT NULL,
    target_type public.promotion_target_type NOT NULL,
    target_id text NOT NULL,
    created_at timestamp(3) without time zone DEFAULT CURRENT_TIMESTAMP NOT NULL
);


--
-- Name: promotion_templates; Type: TABLE; Schema: public; Owner: -
--

CREATE TABLE public.promotion_templates (
    id text NOT NULL,
    company_id text NOT NULL,
    name text NOT NULL,
    description text,
    template_data jsonb NOT NULL,
    category text DEFAULT 'custom'::text NOT NULL,
    is_global boolean DEFAULT false NOT NULL,
    usage_count integer DEFAULT 0 NOT NULL,
    created_by text,
    created_at timestamp(3) without time zone DEFAULT CURRENT_TIMESTAMP NOT NULL,
    updated_at timestamp(3) without time zone NOT NULL
);


--
-- Name: promotion_usage; Type: TABLE; Schema: public; Owner: -
--

CREATE TABLE public.promotion_usage (
    id text NOT NULL,
    campaign_id text NOT NULL,
    code_id text,
    customer_id text,
    customer_email text,
    customer_phone text,
    order_id text,
    usage_date timestamp(3) without time zone DEFAULT CURRENT_TIMESTAMP NOT NULL,
    discount_applied numeric(10,2) NOT NULL,
    order_total numeric(10,2),
    platform_used text,
    branch_id text,
    metadata jsonb DEFAULT '{}'::jsonb NOT NULL
);


--
-- Name: promotion_variants; Type: TABLE; Schema: public; Owner: -
--

CREATE TABLE public.promotion_variants (
    id text NOT NULL,
    campaign_id text NOT NULL,
    variant_name text NOT NULL,
    traffic_percentage integer DEFAULT 50 NOT NULL,
    configuration_override jsonb DEFAULT '{}'::jsonb NOT NULL,
    is_active boolean DEFAULT true NOT NULL,
    created_at timestamp(3) without time zone DEFAULT CURRENT_TIMESTAMP NOT NULL
);


--
-- Name: promotions; Type: TABLE; Schema: public; Owner: -
--

CREATE TABLE public.promotions (
    id text NOT NULL,
    company_id text NOT NULL,
    name text NOT NULL,
    description text,
    promotion_type text DEFAULT 'selective_product'::text NOT NULL,
    start_date timestamp(3) without time zone NOT NULL,
    end_date timestamp(3) without time zone NOT NULL,
    is_active boolean DEFAULT false NOT NULL,
    auto_revert boolean DEFAULT true NOT NULL,
    platforms jsonb DEFAULT '["all"]'::jsonb NOT NULL,
    min_profit_margin numeric(5,2) DEFAULT 15.00 NOT NULL,
    original_pricing_snapshot jsonb,
    created_at timestamp(3) without time zone DEFAULT CURRENT_TIMESTAMP NOT NULL,
    updated_at timestamp(3) without time zone NOT NULL,
    created_by text
);


--
-- Name: provider_order_logs; Type: TABLE; Schema: public; Owner: -
--

CREATE TABLE public.provider_order_logs (
    id text NOT NULL,
    company_provider_config_id text NOT NULL,
    branch_id text,
    order_id text,
    provider_order_id text,
    order_status text DEFAULT 'pending'::text NOT NULL,
    request_payload jsonb,
    response_payload jsonb,
    webhook_payload jsonb,
    error_message text,
    processing_time_ms integer,
    api_endpoint text,
    http_status_code integer,
    created_at timestamp(3) without time zone DEFAULT CURRENT_TIMESTAMP NOT NULL,
    updated_at timestamp(3) without time zone NOT NULL
);


--
-- Name: user_activity_logs; Type: TABLE; Schema: public; Owner: -
--

CREATE TABLE public.user_activity_logs (
    id text NOT NULL,
    user_id text NOT NULL,
    action text NOT NULL,
    resource_type text,
    resource_id text,
    description text,
    ip_address text,
    user_agent text,
    success boolean DEFAULT true NOT NULL,
    error_message text,
    "timestamp" timestamp(3) without time zone DEFAULT CURRENT_TIMESTAMP NOT NULL
);


--
-- Name: user_sessions; Type: TABLE; Schema: public; Owner: -
--

CREATE TABLE public.user_sessions (
    id text NOT NULL,
    user_id text NOT NULL,
    token_hash text NOT NULL,
    refresh_token_hash text,
    expires_at timestamp(3) without time zone NOT NULL,
    refresh_expires_at timestamp(3) without time zone,
    ip_address text,
    user_agent text,
    device_type text,
    is_active boolean DEFAULT true NOT NULL,
    revoked_at timestamp(3) without time zone,
    created_at timestamp(3) without time zone DEFAULT CURRENT_TIMESTAMP NOT NULL,
    last_used_at timestamp(3) without time zone DEFAULT CURRENT_TIMESTAMP NOT NULL
);


--
-- Name: users; Type: TABLE; Schema: public; Owner: -
--

CREATE TABLE public.users (
    id text NOT NULL,
    name text NOT NULL,
    email text NOT NULL,
    phone text,
    avatar_url text,
    password_hash text NOT NULL,
    pin text,
    email_verified_at timestamp(3) without time zone,
    role public.user_role NOT NULL,
    status public.user_status DEFAULT 'active'::public.user_status NOT NULL,
    company_id text NOT NULL,
    branch_id text,
    language text DEFAULT 'en'::bpchar NOT NULL,
    timezone text DEFAULT 'Asia/Amman'::character varying NOT NULL,
    last_login_at timestamp(3) without time zone,
    last_login_ip text,
    failed_login_attempts integer DEFAULT 0 NOT NULL,
    locked_until timestamp(3) without time zone,
    must_change_password boolean DEFAULT false NOT NULL,
    created_at timestamp(3) without time zone DEFAULT CURRENT_TIMESTAMP NOT NULL,
    updated_at timestamp(3) without time zone NOT NULL,
    deleted_at timestamp(3) without time zone,
    created_by text,
    updated_by text,
    first_name text,
    last_name text,
    username text
);


--
-- Name: webhook_delivery_logs; Type: TABLE; Schema: public; Owner: -
--

CREATE TABLE public.webhook_delivery_logs (
    id text NOT NULL,
    company_id text NOT NULL,
    provider_type text NOT NULL,
    webhook_type text NOT NULL,
    order_id text,
    payload jsonb NOT NULL,
    status text DEFAULT 'pending'::text NOT NULL,
    processing_attempts integer DEFAULT 0 NOT NULL,
    processed_at timestamp(3) without time zone,
    error_message text,
    created_at timestamp(3) without time zone DEFAULT CURRENT_TIMESTAMP NOT NULL,
    updated_at timestamp(3) without time zone NOT NULL
);


--
-- Name: license_audit_logs id; Type: DEFAULT; Schema: public; Owner: -
--

ALTER TABLE ONLY public.license_audit_logs ALTER COLUMN id SET DEFAULT nextval('public.license_audit_logs_id_seq'::regclass);


--
-- Name: license_invoices id; Type: DEFAULT; Schema: public; Owner: -
--

ALTER TABLE ONLY public.license_invoices ALTER COLUMN id SET DEFAULT nextval('public.license_invoices_id_seq'::regclass);


--
-- Data for Name: _DeliveryProviderToJordanLocation; Type: TABLE DATA; Schema: public; Owner: -
--

COPY public."_DeliveryProviderToJordanLocation" ("A", "B") FROM stdin;
\.


--
-- Data for Name: _prisma_migrations; Type: TABLE DATA; Schema: public; Owner: -
--

COPY public._prisma_migrations (id, checksum, finished_at, migration_name, logs, rolled_back_at, started_at, applied_steps_count) FROM stdin;
b04d20a1-d159-4557-98ec-cfc71fa367e4	9b74bf893984da597f5ef9637730cf3afd7b1bf795f6d929a38fd4da8ee3ff83	2025-09-01 22:32:16.869909+00	20250901223013_add_provider_configuration_models		\N	2025-09-01 22:32:16.869909+00	0
cd465b02-d1ee-43ca-8078-7f64a5f839b7	9d4d0dcdd7f65de0075929143471e820e4d9acace752e7e68e3ea242a7cfe634	\N	20250902000001_delivery_system_optimizations	A migration failed to apply. New migrations cannot be applied before the error is recovered from. Read more about how to resolve migration issues in a production database: https://pris.ly/d/migrate-resolve\n\nMigration name: 20250902000001_delivery_system_optimizations\n\nDatabase error code: 25001\n\nDatabase error:\nERROR: CREATE INDEX CONCURRENTLY cannot run inside a transaction block\n\nDbError { severity: "ERROR", parsed_severity: Some(Error), code: SqlState(E25001), message: "CREATE INDEX CONCURRENTLY cannot run inside a transaction block", detail: None, hint: None, position: None, where_: None, schema: None, table: None, column: None, datatype: None, constraint: None, file: Some("xact.c"), line: Some(3590), routine: Some("PreventInTransactionBlock") }\n\n   0: sql_schema_connector::apply_migration::apply_script\n           with migration_name="20250902000001_delivery_system_optimizations"\n             at schema-engine/connectors/sql-schema-connector/src/apply_migration.rs:106\n   1: schema_core::commands::apply_migrations::Applying migration\n           with migration_name="20250902000001_delivery_system_optimizations"\n             at schema-engine/core/src/commands/apply_migrations.rs:91\n   2: schema_core::state::ApplyMigrations\n             at schema-engine/core/src/state.rs:226	2025-09-02 16:33:33.821937+00	2025-09-02 16:33:06.726696+00	0
97fc547e-4637-48f7-9445-bef3e876e40e	c44779236f4618026e42d61876d9e5e3a9facb3128bc2a270b7432528932ee17	2025-09-02 16:33:33.823831+00	20250902000001_delivery_system_optimizations		\N	2025-09-02 16:33:33.823831+00	0
\.


--
-- Data for Name: availability_alerts; Type: TABLE DATA; Schema: public; Owner: -
--

COPY public.availability_alerts (id, company_id, branch_id, alert_type, severity, title, message, connected_id, connected_type, is_read, is_resolved, resolved_at, resolved_by, channels, sent_at, created_at, updated_at) FROM stdin;
\.


--
-- Data for Name: availability_audit_logs; Type: TABLE DATA; Schema: public; Owner: -
--

COPY public.availability_audit_logs (id, branch_availability_id, company_id, change_type, old_value, new_value, change_reason, user_id, user_role, ip_address, user_agent, platform, batch_operation, batch_id, "timestamp") FROM stdin;
\.


--
-- Data for Name: availability_templates; Type: TABLE DATA; Schema: public; Owner: -
--

COPY public.availability_templates (id, company_id, name, description, template_type, configuration, is_active, start_date, end_date, recurring_pattern, last_applied_at, applied_count, created_at, updated_at, created_by) FROM stdin;
\.


--
-- Data for Name: branch_availabilities; Type: TABLE DATA; Schema: public; Owner: -
--

COPY public.branch_availabilities (id, connected_id, connected_type, branch_id, company_id, is_in_stock, is_active, stock_level, low_stock_threshold, prices, taxes, available_from, available_to, available_days, last_stock_update, notes, priority, created_at, updated_at, deleted_at, created_by, updated_by) FROM stdin;
\.


--
-- Data for Name: branch_provider_mappings; Type: TABLE DATA; Schema: public; Owner: -
--

COPY public.branch_provider_mappings (id, branch_id, company_provider_config_id, provider_branch_id, provider_site_id, branch_configuration, is_active, priority, min_order_value, max_order_value, supported_payment_methods, created_at, updated_at, deleted_at) FROM stdin;
\.


--
-- Data for Name: branches; Type: TABLE DATA; Schema: public; Owner: -
--

COPY public.branches (id, company_id, name, phone, email, address, city, country, latitude, longitude, is_default, is_active, allows_online_orders, allows_delivery, allows_pickup, timezone, created_at, updated_at, deleted_at, created_by, updated_by, name_ar, open_time, close_time) FROM stdin;
40f863e7-b719-4142-8e94-724572002d9b	dc3c6a10-96c6-4467-9778-313af66956af	Main Office	\N	\N	\N	\N	\N	\N	\N	t	t	t	t	t	Asia/Amman	2025-08-27 09:04:10.179	2025-08-27 09:04:10.179	\N	\N	\N	Main Office	\N	\N
f97ceb38-c797-4d1c-9ff4-89d9f8da5235	82b4039a-f9f3-4648-b3e1-23397d83af61	Company B Main Branch	\N	\N	\N	\N	\N	\N	\N	f	t	t	t	t	Asia/Amman	2025-08-29 08:32:37.531	2025-08-29 08:32:37.531	\N	\N	\N	  	\N	\N
f3d4114a-0e39-43fd-aa98-01b57df7efd0	82b4039a-f9f3-4648-b3e1-23397d83af61	Company B Secondary	\N	\N	\N	\N	\N	\N	\N	f	t	t	t	t	Asia/Amman	2025-08-29 08:32:37.531	2025-08-29 08:32:37.531	\N	\N	\N	  	\N	\N
eb4d5daa-c58c-4369-a454-047db8ac3f50	dc3c6a10-96c6-4467-9778-313af66956af	Default Restaurant	+962444444441	\N	21313	amma	Jordan	31.94333322	35.91626025	f	t	t	t	t	Asia/Amman	2025-08-29 19:48:09.722	2025-08-29 19:48:09.722	\N	1ec02dec-9a81-473a-9cdf-31454e2e959a	\N	 	19:49	23:48
c91db38e-ef89-44c6-8f7d-57de5e91d903	dc3c6a10-96c6-4467-9778-313af66956af	ss	+962444444444	\N	wqejnwkp39	amma	Jordan	32.01672005	35.85926868	f	t	t	t	t	Asia/Amman	2025-08-30 18:24:57.476	2025-08-30 18:24:57.476	\N	1ec02dec-9a81-473a-9cdf-31454e2e959a	\N	ss	20:24	12:24
b558e6c0-0866-4acd-9693-7c0a502e9df7	dc3c6a10-96c6-4467-9778-313af66956af	test	+962123456789	\N	wqejnwkp39	amma	Jordan	31.93055735	36.00758411	f	t	t	f	f	Asia/Amman	2025-08-28 21:15:30.596	2025-09-01 08:11:40.247	\N	1ec02dec-9a81-473a-9cdf-31454e2e959a	1ec02dec-9a81-473a-9cdf-31454e2e959a	UPDATED ARABIC NAME	08:00	22:00
\.


--
-- Data for Name: companies; Type: TABLE DATA; Schema: public; Owner: -
--

COPY public.companies (id, name, slug, logo, business_type, timezone, default_currency, status, subscription_plan, subscription_expires_at, created_at, updated_at, deleted_at, created_by, updated_by) FROM stdin;
a13343e5-3109-4dc7-8f75-77982f0cfc7a	Main Officewqdascdscwsdcsc	main-officewqdascdscwsdcsc	\N	restaurant	Asia/Amman	JOD	trial	basic	\N	2025-08-30 18:41:53.167	2025-08-30 18:41:56.151	2025-08-30 18:41:56.151	\N	\N
bef6f0cf-40b3-491e-915c-40e4b0d9fed7	edsa	edsa	\N	restaurant	Asia/Amman	JOD	active	basic	\N	2025-08-30 18:50:18.368	2025-08-30 19:50:14.738	\N	\N	\N
82b4039a-f9f3-4648-b3e1-23397d83af61	Test Company B	test-company-b	\N	restaurant	Asia/Amman	JOD	active	basic	\N	2025-08-29 08:32:09.73	2025-08-29 19:06:57.417	2025-08-29 19:06:57.417	\N	\N
ee1b200f-bd2b-4d23-a3ff-1ce80ef90a0a	Main Office	main-office	\N	restaurant	Asia/Amman	JOD	trial	basic	\N	2025-08-29 19:07:13.194	2025-08-29 19:07:20.805	2025-08-29 19:07:20.805	\N	\N
5b7c4bdc-5649-49bd-9f6e-3a87a583d750	Main Office	2s	\N	restaurant	Asia/Amman	JOD	active	basic	\N	2025-08-29 19:25:04.682	2025-08-30 19:50:20.221	2025-08-30 19:50:20.221	\N	\N
dc3c6a10-96c6-4467-9778-313af66956af	Default Restaurant	default-restaurant	\N	restaurant	Asia/Amman	JOD	active	basic	\N	2025-08-28 13:41:43.688	2025-09-02 16:43:23.262	\N	\N	\N
aa896a02-e087-40a9-b981-d30c49a5c0a6	dqwdqasd	dqwdqasd	\N	restaurant	Asia/Amman	JOD	trial	basic	\N	2025-09-02 20:41:23.083	2025-09-02 20:41:33.683	\N	\N	\N
8c504c25-ec83-4ebe-bfbb-8ed624898b98	Updated Test Company	test-company-crud	\N	restaurant	Asia/Amman	JOD	suspended	basic	\N	2025-09-03 13:58:36.339	2025-09-03 13:58:36.483	2025-09-03 13:58:36.483	\N	\N
c382fdd5-1a60-4481-ad5f-65b575729b2c	Main Office	main-office1	\N	restaurant	Asia/Amman	JOD	active	basic	\N	2025-08-29 19:08:57.1	2025-08-29 19:24:07.381	\N	\N	\N
b4830b4e-be20-4bba-8b3e-a0f0d2213749	112	112	\N	restaurant	Asia/Amman	JOD	trial	basic	\N	2025-08-30 18:41:30.02	2025-08-30 18:41:34.449	2025-08-30 18:41:34.449	\N	\N
\.


--
-- Data for Name: company_provider_configs; Type: TABLE DATA; Schema: public; Owner: -
--

COPY public.company_provider_configs (id, company_id, provider_type, configuration, credentials, is_active, priority, max_distance, base_fee, fee_per_km, avg_delivery_time, created_at, updated_at, deleted_at) FROM stdin;
\.


--
-- Data for Name: delivery_error_logs; Type: TABLE DATA; Schema: public; Owner: -
--

COPY public.delivery_error_logs (id, company_id, provider_type, error_type, error_code, error_message, request_payload, response_payload, retry_count, resolved_at, created_at, updated_at) FROM stdin;
\.


--
-- Data for Name: delivery_provider_analytics; Type: TABLE DATA; Schema: public; Owner: -
--

COPY public.delivery_provider_analytics (id, company_id, provider_type, date, total_orders, successful_orders, failed_orders, cancelled_orders, total_revenue, total_delivery_fee, average_delivery_time, customer_ratings_sum, customer_ratings_count, created_at, updated_at) FROM stdin;
\.


--
-- Data for Name: delivery_provider_orders; Type: TABLE DATA; Schema: public; Owner: -
--

COPY public.delivery_provider_orders (id, company_id, branch_id, delivery_provider_id, provider_order_id, order_number, order_status, order_details, customer_details, delivery_address, webhook_data, is_processed, error_message, created_at, updated_at, actual_delivery_time, delivery_attempts, estimated_delivery_time, failure_reason, last_status_check, provider_fee_charged, tracking_number, webhook_retries) FROM stdin;
\.


--
-- Data for Name: delivery_providers; Type: TABLE DATA; Schema: public; Owner: -
--

COPY public.delivery_providers (id, name, "displayName", api_base_url, api_key, is_active, priority, supported_areas, avg_delivery_time, base_fee, fee_per_km, max_distance, configuration, created_at, updated_at, company_id, webhook_url) FROM stdin;
0ed9a1b8-102f-48c7-97ad-6bafbbba636e	jahez	{"ar": "", "en": "Jahez"}	https://integration-api-staging.jahez.net	\N	t	5	{riyadh,jeddah,dammam,mecca,medina}	35	5.00	1.50	25.00	{"region": "saudi_arabia", "currency": "SAR", "features": ["real_time_tracking", "scheduled_delivery", "arabic_support"], "endpoints": {"createOrder": "api/orders/create", "updateEvent": "food_aggregator/jahez/update_event"}, "apiVersion": "v1", "operatingHours": {"end": "23:59", "start": "06:00"}, "supportedPaymentMethods": ["cash", "card", "wallet"]}	2025-09-01 05:37:59.936	2025-09-01 05:46:19.02	\N	food_aggregator/jahez/create-order
b79fbba3-441e-49df-b316-c46340011b5c	deliveroo	{"ar": "", "en": "Deliveroo"}	https://api-sandbox.developers.deliveroo.com	\N	t	6	{london,manchester,birmingham,dubai,abu_dhabi}	30	2.49	0.50	15.00	{"oauth": {"scope": "read_orders write_orders", "authUrl": "https://auth-sandbox.developers.deliveroo.com", "tokenUrl": "https://auth-sandbox.developers.deliveroo.com/oauth/token"}, "region": "international", "currency": "GBP", "features": ["oauth_integration", "multi_currency", "premium_service"], "apiVersion": "v1", "credentials": {"username": "2d9evch7l3cnjjthi9515inp4u", "clientSecret": "1dll310ddt9is56880km4g59cvhbmq3flg1plt726cs8keq2amp7", "clientEncoding": "MmQ5ZXZjaDdsM2Nuamp0aGk5NTE1aW5wNHU6MWRsbDMxMGRkdDlpczU2ODgwa200ZzU5Y3ZoYm1xM2ZsZzFwbHQ3MjZjczhrZXEyYW1wNw=="}, "operatingHours": {"end": "23:00", "start": "11:00"}, "currencyByMarket": {"uk": "GBP", "uae": "AED", "france": "EUR", "belgium": "EUR"}, "supportedPaymentMethods": ["card", "paypal", "apple_pay", "google_pay"]}	2025-09-01 05:37:59.944	2025-09-01 05:46:19.025	\N	food_aggregator/delivaroo/set-order
062c3878-427b-4234-baca-0674ac725cb3	yallow	{"ar": "", "en": "Yallow"}	https://integration.ishbek.com/Yallow/Api/	\N	t	7	{amman,zarqa}	40	3.00	1.00	18.00	{"region": "jordan_local", "currency": "JOD", "features": ["local_delivery", "jordan_focused"], "endpoints": {"createOrder": "createOrder/branch/"}, "apiVersion": "v1", "operatingHours": {"end": "21:00", "start": "09:00"}, "supportedPaymentMethods": ["cash", "card"]}	2025-09-01 05:46:19.029	2025-09-01 05:46:19.029	\N	\N
a7206c9c-57d8-4a85-a509-397db92f2a83	dhub	{"ar": "", "en": "DHUB"}	https://jordon.dhub.pro/	\N	t	1	{amman,zarqa,irbid,aqaba,salt,madaba}	25	2.50	0.75	20.00	{"region": "jordan", "currency": "JOD", "features": ["real_time_tracking", "jordan_coverage", "arabic_support", "office_management"], "endpoints": {"createBranch": "external/api/Branches/CreateBranch", "createOffice": "external/api/Offices/CreateOffice", "createDeliveryJob": "external/api/Order/Create", "validateDeliveryJob": "external/api/Order/Validate"}, "apiVersion": "v1", "operatingHours": {"end": "22:00", "start": "08:00"}, "supportedPaymentMethods": ["cash", "card"]}	2025-08-31 23:59:06.045	2025-09-01 05:46:18.986	\N	\N
d503fea1-bee8-4312-9fd7-69906ee6670b	talabat	{"ar": "", "en": "Talabat"}	https://htalabatdelivery.ishbek.com/Delivery/	\N	t	2	{kuwait,uae,saudi,qatar,bahrain,oman}	30	1.00	0.25	25.00	{"region": "gulf_states", "currency": "KWD", "features": ["real_time_tracking", "scheduled_delivery", "gulf_coverage", "multi_currency", "credentials_management"], "endpoints": {"getFees": "GetEstimatedFees", "createOrder": "CreateOrder", "getRequestLog": "Logs/GetTalabatMenuRequestLogByCompanyId", "getCredentials": "branch/GetTalabatBranchids", "createCredentials": "branch/Createtalabatcredentials", "markOrderPrepared": "AcceptOrder"}, "apiVersion": "v1", "deliveryTypes": ["talabat_delivery", "talabat_pay_at_vendor", "talabat_pay_at_pickup"], "operatingHours": {"end": "02:00", "start": "10:00"}, "currencyByMarket": {"uae": "AED", "oman": "OMR", "qatar": "QAR", "saudi": "SAR", "kuwait": "KWD", "bahrain": "BHD"}, "orderTypeMapping": {"66770d92-8516-4e85-af94-3153c7b834eb": "talabat"}, "supportedPaymentMethods": ["cash", "card", "knet", "talabat_wallet"]}	2025-08-31 23:59:06.05	2025-09-01 05:46:19.004	\N	\N
74a65a95-a7b5-4fc4-aadd-736e2ee8bd69	careem	{"ar": "", "en": "Careem"}	http://65.108.60.120:708/api/	\N	t	3	{uae,saudi,egypt,pakistan,jordan,lebanon}	28	5.00	1.00	30.00	{"region": "middle_east_africa", "currency": "AED", "features": ["real_time_tracking", "premium_service", "multi_region", "24_7_service"], "endpoints": {"getMenu": "Menu/GetBranchMenuCareemmMap", "trackOrder": "orders/track", "createOrder": "orders/create"}, "apiVersion": "v2", "deliveryTypes": ["careem", "careemnow"], "operatingHours": {"end": "24/7", "start": "24/7"}, "orderTypeMapping": {"0c698066-ce70-483f-8da6-968465fd697a": "careem", "b8fe602c-9bf4-4c13-bcf1-4a84325992e2": "careemnow"}, "supportedPaymentMethods": ["cash", "card", "careem_wallet"]}	2025-08-31 23:59:06.048	2025-09-01 05:46:19.01	\N	\N
81ceae80-37c0-4329-af5d-d9de05d998fc	careemexpress	{"ar": " ", "en": "Careem Express"}	https://integration.ishbek.com/CareemNow/Api/	\N	t	4	{dubai,abu_dhabi,riyadh,jeddah}	15	8.00	1.50	15.00	{"region": "uae_saudi", "currency": "AED", "features": ["express_delivery", "premium_service", "card_only"], "endpoints": {"createOrder": "createOrder/branch/"}, "apiVersion": "v1", "deliveryTypes": ["careemexpress"], "operatingHours": {"end": "23:00", "start": "08:00"}, "supportedPaymentMethods": ["card", "careem_wallet"]}	2025-09-01 05:46:19.016	2025-09-01 05:46:19.016	\N	\N
8ae1444c-4946-4c3a-bceb-123c6850c5fe	jooddelivery	{"ar": " ", "en": "Jood Delivery"}	https://integration.ishbek.com/JoodDelivery/Api	\N	t	8	{riyadh,jeddah}	45	6.00	1.25	20.00	{"region": "saudi_local", "currency": "SAR", "features": ["local_delivery", "saudi_focused", "order_estimation"], "endpoints": {"createOrder": "createOrder/branch/", "checkOrderStatus": "checkOrderStatus/orderId/", "checkOrderEstimations": "checkOrderEstimations/branch/"}, "apiVersion": "v1", "operatingHours": {"end": "22:00", "start": "10:00"}, "supportedPaymentMethods": ["cash", "card"]}	2025-09-01 05:46:19.032	2025-09-01 05:46:19.032	\N	\N
8f64c7ca-d653-454a-ac66-d86a2ac9160f	topdeliver	{"ar": " ", "en": "Top Deliver"}	https://integration.ishbek.com/TopDelivery/Api/	\N	t	9	{kuwait,hawalli}	50	1.50	0.50	22.00	{"region": "kuwait_local", "currency": "KWD", "features": ["local_delivery", "kuwait_focused", "knet_support"], "endpoints": {"createOrder": "createOrder/branch/", "checkOrderStatus": "checkOrderStatus/orderId/", "checkOrderEstimations": "checkOrderEstimations/branch/"}, "apiVersion": "v1", "operatingHours": {"end": "23:00", "start": "09:00"}, "supportedPaymentMethods": ["cash", "card", "knet"]}	2025-09-01 05:46:19.035	2025-09-01 05:46:19.035	\N	\N
45ed31c6-adf5-4159-a773-4bd1a013f188	nashmi	{"ar": "", "en": "Nashmi"}	https://integration.ishbek.com/Nashmi/Nashmi	\N	t	10	{doha,al_rayyan}	55	5.00	2.00	15.00	{"region": "qatar_local", "currency": "QAR", "features": ["local_delivery", "qatar_focused", "preorder_estimation"], "endpoints": {"getFees": "checkPreorderEstimationsTime/branch/", "createTask": "createOrder/branch/"}, "apiVersion": "v1", "operatingHours": {"end": "22:00", "start": "10:00"}, "supportedPaymentMethods": ["cash", "card"]}	2025-09-01 05:46:19.038	2025-09-01 05:46:19.038	\N	\N
8628f82e-aada-40ba-88ab-572e90cc56fd	tawasi	{"ar": " ", "en": "Tawasi Delivery"}	https://integration.ishbek.com/Tawasi/Api/	\N	t	11	{beirut,tripoli}	60	4.00	1.50	12.00	{"region": "lebanon_local", "currency": "LBP", "features": ["local_delivery", "lebanon_focused"], "endpoints": {"createOrder": "createOrder/branch/"}, "apiVersion": "v1", "operatingHours": {"end": "21:00", "start": "11:00"}, "supportedPaymentMethods": ["cash", "card"]}	2025-09-01 05:46:19.041	2025-09-01 05:46:19.041	\N	\N
c8fc6fd5-7aac-44ce-89e0-7921a4f902ad	delivergy	{"ar": "", "en": "Delivergy"}	https://integration.ishbek.com/Delivergy/Api/	\N	t	12	{multi_region}	35	3.50	1.00	25.00	{"region": "multi_regional", "currency": "USD", "features": ["combined_service", "multi_region_support"], "apiVersion": "v1", "deliveryTypes": ["standard_delivery", "express_delivery"], "operatingHours": {"end": "23:00", "start": "08:00"}, "orderTypeMapping": {"ffda8ae8-9d11-4f48-8095-64876c21e5d6": "delivergy"}, "supportedPaymentMethods": ["cash", "card"]}	2025-09-01 05:46:19.044	2025-09-01 05:46:19.044	\N	\N
d4b5794b-ae63-4153-8065-cd44e5002177	utrac	{"ar": " ", "en": "U-Trac Logistics"}	https://integration.ishbek.com/UTrac/Api/	\N	t	13	{logistics_tracking}	45	2.00	0.75	50.00	{"region": "logistics", "currency": "USD", "features": ["logistics_tracking", "bulk_delivery", "tracking_service"], "apiVersion": "v1", "operatingHours": {"end": "24/7", "start": "24/7"}, "orderTypeMapping": {"5d6b3235-eb0f-456f-82df-e981703f601e": "utrac"}, "supportedPaymentMethods": ["cash", "card"]}	2025-09-01 05:46:19.047	2025-09-01 05:46:19.047	\N	\N
43c0eee8-8768-42b4-b136-a89effa2f673	local_delivery	{"ar": " ", "en": "Local Delivery"}	\N	\N	t	14	{restaurant_managed}	30	1.50	0.50	10.00	{"region": "restaurant_managed", "currency": "variable", "features": ["restaurant_managed", "flexible_payment", "local_coverage"], "apiVersion": "internal", "deliveryTypes": ["local_delivery", "pay_at_vendor", "pay_at_pickup"], "operatingHours": {"end": "restaurant_hours", "start": "restaurant_hours"}, "supportedPaymentMethods": ["cash", "card", "pay_at_vendor", "pay_at_pickup"]}	2025-09-01 05:46:19.05	2025-09-01 05:46:19.05	\N	\N
\.


--
-- Data for Name: delivery_zones; Type: TABLE DATA; Schema: public; Owner: -
--

COPY public.delivery_zones (id, branch_id, "zoneName", zone_name_slug, delivery_fee, priority_level, is_active, polygon, center_lat, center_lng, radius, created_at, updated_at, deleted_at, created_by, updated_by, global_location_id, average_delivery_time_mins) FROM stdin;
2c8dd661-9445-4c32-b2ca-885adcd8f66b	40f863e7-b719-4142-8e94-724572002d9b	{"ar": " ", "en": "Downtown Amman"}	downtown-amman-002d9b	\N	1	t	\N	31.95390000	35.91060000	3.00	2025-09-01 05:22:28.463	2025-09-01 05:22:28.463	\N	\N	\N	\N	\N
e9500a10-751a-4d4b-9237-834e9626a295	40f863e7-b719-4142-8e94-724572002d9b	{"ar": "  ", "en": "Abdali Business District"}	abdali-business-district-002d9b	\N	1	t	\N	31.96280000	35.90940000	2.50	2025-09-01 05:22:28.469	2025-09-01 05:22:28.469	\N	\N	\N	\N	\N
720af279-921a-4a02-8c9c-1ba9b3875c37	40f863e7-b719-4142-8e94-724572002d9b	{"ar": " ", "en": "Sweifieh Commercial"}	sweifieh-commercial-002d9b	\N	2	t	\N	31.93420000	35.87560000	4.00	2025-09-01 05:22:28.473	2025-09-01 05:22:28.473	\N	\N	\N	\N	\N
a294cda2-056c-443c-a032-7bf38bcb8d0d	40f863e7-b719-4142-8e94-724572002d9b	{"ar": "  ", "en": "Jabal Amman Residential"}	jabal-amman-residential-002d9b	\N	2	t	\N	31.95150000	35.92390000	3.50	2025-09-01 05:22:28.478	2025-09-01 05:22:28.478	\N	\N	\N	\N	\N
cace098b-d2a2-4a50-8505-fc20306b8ebc	40f863e7-b719-4142-8e94-724572002d9b	{"ar": " ", "en": "Shmeisani Business"}	shmeisani-business-002d9b	\N	1	t	\N	31.96060000	35.90350000	2.00	2025-09-01 05:22:28.482	2025-09-01 05:22:28.482	\N	\N	\N	\N	\N
081262c2-a224-4ac8-83eb-4a0ab93fb943	b558e6c0-0866-4acd-9693-7c0a502e9df7	{"ar": " ", "en": "Zarqa Industrial"}	zarqa-industrial-2e9df7	\N	3	t	\N	32.07280000	36.08800000	6.00	2025-09-01 05:22:28.486	2025-09-01 05:22:28.486	\N	\N	\N	\N	\N
92994d59-25fd-41dd-b76b-655b0c117c90	b558e6c0-0866-4acd-9693-7c0a502e9df7	{"ar": "  ", "en": "Marka Airport Area"}	marka-airport-area-2e9df7	\N	3	t	\N	31.97220000	35.99280000	4.50	2025-09-01 05:22:28.492	2025-09-01 05:22:28.492	\N	\N	\N	\N	\N
5967605c-c910-4d5b-8b7b-2c0d7b8fb2d9	c91db38e-ef89-44c6-8f7d-57de5e91d903	{"ar": "  ", "en": "Jubeiha University Area"}	jubeiha-university-area-91d903	\N	2	t	\N	32.01350000	35.87150000	3.00	2025-09-01 05:22:28.496	2025-09-01 05:22:28.496	\N	\N	\N	\N	\N
5b0cae92-72b8-4be7-a8c8-ea7b97387c51	c91db38e-ef89-44c6-8f7d-57de5e91d903	{"ar": "  ", "en": "Airport Road Commercial"}	airport-road-commercial-91d903	\N	2	t	\N	31.89750000	35.94420000	5.00	2025-09-01 05:22:28.5	2025-09-01 05:22:28.5	\N	\N	\N	\N	\N
f9d20c16-5aad-41d1-8b60-d45784d9330d	40f863e7-b719-4142-8e94-724572002d9b	{"ar": "  ", "en": "Salt Historic City"}	salt-historic-city-002d9b	\N	4	f	\N	32.03890000	35.72780000	3.00	2025-09-01 05:22:28.504	2025-09-01 05:22:28.504	\N	\N	\N	\N	\N
759609cc-6333-4102-8e66-afd0078f6272	40f863e7-b719-4142-8e94-724572002d9b	{"ar": "  ", "en": "Wadi Saqra Residential"}	wadi-saqra-residential-002d9b	\N	2	t	\N	31.97000000	35.89000000	2.80	2025-09-01 05:22:28.508	2025-09-01 05:22:28.508	\N	\N	\N	\N	\N
1bd44e4a-f1b1-4e5b-906b-b5b3d232e7e7	b558e6c0-0866-4acd-9693-7c0a502e9df7	{"ar": "  ", "en": "Jordan University Area"}	jordan-university-area-2e9df7	\N	2	t	\N	32.01030000	35.87290000	2.50	2025-09-01 05:22:28.512	2025-09-01 05:22:28.512	\N	\N	\N	\N	\N
223418fc-a5fb-406a-b22b-18b449c8f166	f97ceb38-c797-4d1c-9ff4-89d9f8da5235	{"ar": "  ", "en": "  "}		\N	2	f	\N	\N	\N	\N	2025-09-01 12:15:29.932	2025-09-01 12:59:57.078	2025-09-01 12:59:57.076	\N	\N	05ec80fe-9967-4ad2-b5ab-2b6c3da038ff	30
852c2b1a-b628-43c1-b222-7b893a850d49	40f863e7-b719-4142-8e94-724572002d9b	{"ar": "  ", "en": "  "}		\N	2	f	\N	\N	\N	\N	2025-09-01 12:16:22.221	2025-09-01 12:59:58.981	2025-09-01 12:59:58.98	\N	\N	05ec80fe-9967-4ad2-b5ab-2b6c3da038ff	30
c257ccaa-0e13-4128-8b61-a276c15d3084	eb4d5daa-c58c-4369-a454-047db8ac3f50	{"ar": "  ", "en": "  "}		\N	2	f	\N	\N	\N	\N	2025-09-01 12:16:46.894	2025-09-01 12:59:59.878	2025-09-01 12:59:59.877	\N	\N	05ec80fe-9967-4ad2-b5ab-2b6c3da038ff	30
0e197718-597e-4b26-9a9a-0fd34af62e89	b558e6c0-0866-4acd-9693-7c0a502e9df7	{"ar": "  ", "en": "  "}		\N	2	f	\N	\N	\N	\N	2025-09-01 12:16:57.618	2025-09-01 13:00:00.992	2025-09-01 13:00:00.991	\N	\N	05ec80fe-9967-4ad2-b5ab-2b6c3da038ff	30
bb35f35a-c373-4796-b06b-ffc36b83ddd5	eb4d5daa-c58c-4369-a454-047db8ac3f50	{"ar": "", "en": "Abdali"}	abdali	\N	2	f	\N	\N	\N	\N	2025-09-01 12:15:40.937	2025-09-01 13:00:27.656	2025-09-01 13:00:27.655	\N	\N	ae696579-c67c-4b6f-8e7f-5d04effb32cb	30
7ca54dfa-9edf-4b8d-9d81-2403973ecf7c	40f863e7-b719-4142-8e94-724572002d9b	{"ar": "  ", "en": "  "}		\N	2	f	\N	\N	\N	\N	2025-09-01 13:04:21.789	2025-09-01 13:04:25.94	2025-09-01 13:04:25.939	\N	\N	05ec80fe-9967-4ad2-b5ab-2b6c3da038ff	30
65546c9f-d260-42b4-9459-760fcb40066c	f97ceb38-c797-4d1c-9ff4-89d9f8da5235	{"ar": "  ", "en": "  "}		\N	2	f	\N	\N	\N	\N	2025-09-01 13:04:21.791	2025-09-01 13:06:38.257	2025-09-01 13:06:38.256	\N	\N	05ec80fe-9967-4ad2-b5ab-2b6c3da038ff	30
b6e6c1c9-e891-4e25-b770-dfeeb5001b71	f3d4114a-0e39-43fd-aa98-01b57df7efd0	{"ar": "  ", "en": "  "}		\N	2	f	\N	\N	\N	\N	2025-09-01 13:04:21.795	2025-09-01 13:07:46.99	2025-09-01 13:07:46.989	\N	\N	05ec80fe-9967-4ad2-b5ab-2b6c3da038ff	30
146dce61-eeb6-4de6-a9d0-c11754a34613	f97ceb38-c797-4d1c-9ff4-89d9f8da5235	{"ar": "  ", "en": "  "}		\N	2	f	\N	\N	\N	\N	2025-09-01 13:11:29.755	2025-09-01 13:11:36.787	2025-09-01 13:11:36.786	\N	\N	05ec80fe-9967-4ad2-b5ab-2b6c3da038ff	30
9b1056fe-338f-45d2-93c9-0bdbcbdeedab	40f863e7-b719-4142-8e94-724572002d9b	{"ar": "  ", "en": "  "}		\N	2	f	\N	\N	\N	\N	2025-09-01 13:11:29.759	2025-09-01 13:11:39.153	2025-09-01 13:11:39.151	\N	\N	05ec80fe-9967-4ad2-b5ab-2b6c3da038ff	30
e3faf21e-6d25-4b7f-91ca-7ed85828a7c4	f97ceb38-c797-4d1c-9ff4-89d9f8da5235	{"ar": "  ", "en": "  "}		\N	2	f	\N	\N	\N	\N	2025-09-01 13:12:02.427	2025-09-01 13:22:01.108	2025-09-01 13:22:01.107	\N	\N	05ec80fe-9967-4ad2-b5ab-2b6c3da038ff	30
e8b07ccd-97a2-494f-9b75-f402d6db57c5	b558e6c0-0866-4acd-9693-7c0a502e9df7	{"ar": "  ", "en": "  "}		\N	2	f	\N	\N	\N	\N	2025-09-01 13:12:42.351	2025-09-01 13:28:27.043	2025-09-01 13:28:27.042	\N	\N	05ec80fe-9967-4ad2-b5ab-2b6c3da038ff	30
7102eabb-d0ec-40ef-b3a0-fc3fa01ac55d	c91db38e-ef89-44c6-8f7d-57de5e91d903	{"ar": "  ", "en": "  "}		\N	2	f	\N	\N	\N	\N	2025-09-01 13:12:02.428	2025-09-01 13:28:29.225	2025-09-01 13:28:29.223	\N	\N	05ec80fe-9967-4ad2-b5ab-2b6c3da038ff	30
a73898f1-23e8-4eaa-9f27-3e1a31b8ff7b	eb4d5daa-c58c-4369-a454-047db8ac3f50	{"ar": "  ", "en": "  "}		\N	2	f	\N	\N	\N	\N	2025-09-01 13:12:02.428	2025-09-01 13:28:30.36	2025-09-01 13:28:30.359	\N	\N	05ec80fe-9967-4ad2-b5ab-2b6c3da038ff	30
062c0ee7-91d2-4291-8c32-bf7a2a565402	40f863e7-b719-4142-8e94-724572002d9b	{"ar": "  ", "en": "  "}		\N	2	f	\N	\N	\N	\N	2025-09-01 13:12:02.437	2025-09-01 13:28:31.095	2025-09-01 13:28:31.094	\N	\N	05ec80fe-9967-4ad2-b5ab-2b6c3da038ff	30
b035fec0-9db5-446c-8031-6531d67947f2	f3d4114a-0e39-43fd-aa98-01b57df7efd0	{"ar": "  ", "en": "  "}		\N	2	f	\N	\N	\N	\N	2025-09-01 13:12:32.741	2025-09-01 13:28:32.08	2025-09-01 13:28:32.079	\N	\N	05ec80fe-9967-4ad2-b5ab-2b6c3da038ff	30
0eb6737c-a727-444e-ab58-cd4d51e4bfa9	f97ceb38-c797-4d1c-9ff4-89d9f8da5235	{"ar": "  ", "en": "  "}		\N	2	f	\N	\N	\N	\N	2025-09-01 13:40:23.172	2025-09-01 14:21:57.229	2025-09-01 14:21:57.228	\N	\N	05ec80fe-9967-4ad2-b5ab-2b6c3da038ff	30
5ef06b70-dd9f-48de-8a9e-9bb7916bc880	eb4d5daa-c58c-4369-a454-047db8ac3f50	{"ar": "  ", "en": "  "}		\N	2	f	\N	\N	\N	\N	2025-09-01 13:40:23.176	2025-09-01 14:21:58.051	2025-09-01 14:21:58.05	\N	\N	05ec80fe-9967-4ad2-b5ab-2b6c3da038ff	30
34b36485-0ab3-4c21-9bb6-940afaeb294e	40f863e7-b719-4142-8e94-724572002d9b	{"ar": "test121", "en": "test121"}	test121	\N	2	t	\N	\N	\N	\N	2025-09-01 16:04:16.57	2025-09-01 16:04:16.57	\N	\N	\N	6048c956-17fa-40a2-9bd8-1a8beee329c7	30
b41e548b-9f05-45b2-bc95-6958d5dc275b	f97ceb38-c797-4d1c-9ff4-89d9f8da5235	{"ar": "test121", "en": "test121"}	test121	\N	2	t	\N	\N	\N	\N	2025-09-01 16:04:16.571	2025-09-01 16:04:16.571	\N	\N	\N	6048c956-17fa-40a2-9bd8-1a8beee329c7	30
d7bc2458-a12a-4363-b7e5-81ae0d012824	f3d4114a-0e39-43fd-aa98-01b57df7efd0	{"ar": "test121", "en": "test121"}	test121	\N	2	t	\N	\N	\N	\N	2025-09-01 16:04:16.572	2025-09-01 16:04:16.572	\N	\N	\N	6048c956-17fa-40a2-9bd8-1a8beee329c7	30
61cec9cc-6315-4eff-a50c-384c0ab140d4	f97ceb38-c797-4d1c-9ff4-89d9f8da5235	{"ar": "", "en": ""}		\N	2	t	\N	\N	\N	\N	2025-09-03 18:45:35.722	2025-09-03 18:45:35.722	\N	\N	\N	8ca28a49-c3e8-4246-af9f-58f094f3d5f0	30
07900ea2-5bf3-4ea6-89a1-41df1ef897ef	f3d4114a-0e39-43fd-aa98-01b57df7efd0	{"ar": "", "en": ""}		\N	2	t	\N	\N	\N	\N	2025-09-03 18:45:35.722	2025-09-03 18:45:35.722	\N	\N	\N	8ca28a49-c3e8-4246-af9f-58f094f3d5f0	30
\.


--
-- Data for Name: global_locations; Type: TABLE DATA; Schema: public; Owner: -
--

COPY public.global_locations (id, country_name, country_name_ar, governorate, city_name, city_name_ar, area_name, area_name_ar, sub_area_name, sub_area_name_ar, latitude, longitude, search_text, is_active, delivery_difficulty, average_delivery_fee, created_at, updated_at) FROM stdin;
3ff6ed8b-a7cb-4b7f-a7ca-5cc7b778e9ae	Jordan		Amman					  	  	\N	\N	    	t	2	2.50	2025-09-01 11:57:19.192	2025-09-01 11:57:19.192
6048c956-17fa-40a2-9bd8-1a8beee329c7	Jordan		Amman			test121	test121	\N	\N	\N	\N	\N	t	2	1.00	2025-09-01 16:04:06.117	2025-09-01 16:04:06.117
99915706-92f4-4c27-839d-5ceb12900c39	Jordan		Amman					 	 	\N	\N	   	t	2	2.50	2025-09-01 11:57:20.348	2025-09-01 11:57:20.348
fd78ddd7-85f3-4b3b-a720-74588a0cab35	Jordan		Irbid							\N	\N	  	t	2	3.00	2025-09-01 06:15:38.448	2025-09-01 06:15:38.448
7af2560a-e7d0-4afa-9df7-e598be29d4dd	Jordan		Irbid							\N	\N	  	t	2	3.00	2025-09-01 06:15:38.961	2025-09-01 06:15:38.961
94314803-b2da-4857-9b11-c671caba6758	Jordan		Amman					 	 	\N	\N	   	t	2	2.50	2025-09-01 11:57:20.919	2025-09-01 11:57:20.919
176c9ee2-c5a4-4a02-b740-df375a1ca954	Jordan		Amman			 	 	 	 	\N	\N	    	t	2	2.50	2025-09-01 11:57:21.384	2025-09-01 11:57:21.384
88daef8b-0210-4db2-9e23-f2c3a20b0445	Jordan		Amman			 	 	   	   	\N	\N	      	t	2	2.50	2025-09-01 11:57:21.526	2025-09-01 11:57:21.526
c54fa5c7-7298-4d8d-98ed-bfaecebc72ff	Jordan		Amman							\N	\N	  	t	2	2.50	2025-09-01 11:57:22.992	2025-09-01 11:57:22.992
8e435b4c-2d05-4c16-8d21-ad506b232299	Jordan		Amman							\N	\N	  	t	2	2.50	2025-09-01 11:57:23.002	2025-09-01 11:57:23.002
bf98fc5c-4a41-4975-ba8b-651337a40173	Jordan		Amman			 	 	  	  	\N	\N	     	t	2	2.50	2025-09-01 11:57:23.012	2025-09-01 11:57:23.012
999bd6b7-f5ee-448b-a86d-2a5324d15f30	Jordan		Amman			 	 	  	  	\N	\N	     	t	2	2.50	2025-09-01 11:57:23.026	2025-09-01 11:57:23.026
e415f9a6-d75b-4510-95fa-f0bb5a978e8b	Jordan		Amman			 	 	   	   	\N	\N	      	t	2	2.50	2025-09-01 11:57:23.044	2025-09-01 11:57:23.044
220a7a55-40a6-42ae-98e3-db648621b792	Jordan		Amman					     	     	\N	\N	       	t	2	2.50	2025-09-01 11:57:23.055	2025-09-01 11:57:23.055
fe7ffda5-183c-4a20-86e6-5100fa380b6e	Jordan		Amman					 	 	\N	\N	   	t	2	2.50	2025-09-01 11:57:23.065	2025-09-01 11:57:23.065
27dbf366-1e61-4f90-93ac-f5515406cc44	Jordan		Amman			 	 	      	      	\N	\N	         	t	2	2.50	2025-09-01 11:57:23.094	2025-09-01 11:57:23.094
f6e88fec-742f-4dea-9565-812bc2184855	Jordan		Amman			 	 	       	       	\N	\N	          	t	2	2.50	2025-09-01 11:57:23.103	2025-09-01 11:57:23.103
b886d58e-0b63-477d-9e65-f5b5a34551b7	Jordan		Amman			 	 	  	  	\N	\N	     	t	2	2.50	2025-09-01 11:57:23.111	2025-09-01 11:57:23.111
dbc3a59b-ea8d-447f-90f7-6ec939f9d4e7	Jordan		Amman			 	 	  	  	\N	\N	     	t	2	2.50	2025-09-01 11:57:23.121	2025-09-01 11:57:23.121
beda0e35-5baa-45e5-8313-de41163f5665	Jordan		Amman			 	 	   	   	\N	\N	      	t	2	2.50	2025-09-01 11:57:23.142	2025-09-01 11:57:23.142
f1834156-4c66-4db5-b041-3182c345c9cb	Jordan		Amman					 	 	\N	\N	   	t	2	2.50	2025-09-01 11:57:23.15	2025-09-01 11:57:23.15
f76f0dce-580c-4cc4-9f46-f208eb4c81bf	Jordan		Amman					  	  	\N	\N	    	t	2	2.50	2025-09-01 11:57:23.158	2025-09-01 11:57:23.158
df3b8060-ccec-4fac-aad2-0f70231c6570	Jordan		Amman			 	 	  	  	\N	\N	     	t	2	2.50	2025-09-01 11:57:23.164	2025-09-01 11:57:23.164
ee578e97-1671-4763-8b17-d6f95ac150a8	Jordan		Amman					      	      	\N	\N	        	t	2	2.50	2025-09-01 11:57:23.175	2025-09-01 11:57:23.175
6e4de780-79fa-4c59-a7dc-492c659506ba	Jordan		Amman					  	  	\N	\N	    	t	2	2.50	2025-09-01 11:57:23.182	2025-09-01 11:57:23.182
c167cb7d-74ae-42ad-bc8f-ab8eab00bc0d	Jordan		Amman					 	 	\N	\N	   	t	2	2.50	2025-09-01 11:57:23.191	2025-09-01 11:57:23.191
5f00e942-e61a-4ede-9044-d8ecb64f0bfe	Jordan		Amman					 	 	\N	\N	   	t	2	2.50	2025-09-01 11:57:23.204	2025-09-01 11:57:23.204
38be6355-d8c2-46e0-a508-3bd21e8eafe1	Jordan		Amman					   	   	\N	\N	     	t	2	2.50	2025-09-01 11:57:23.214	2025-09-01 11:57:23.214
1d5a3298-b9a5-4836-9f54-eedf0d458442	Jordan		Amman					 	 	\N	\N	   	t	2	2.50	2025-09-01 11:57:23.222	2025-09-01 11:57:23.222
f7001428-e4d5-49af-9642-d4802256158e	Jordan		Amman			 	 			\N	\N	   	t	2	2.50	2025-09-01 11:57:23.234	2025-09-01 11:57:23.234
94b7c498-3497-4c9f-bf2a-e66ec978e616	Jordan		Amman					   	   	\N	\N	     	t	2	2.50	2025-09-01 11:57:23.26	2025-09-01 11:57:23.26
6e296595-9118-497b-86ed-2d8b81e16402	Jordan		Amman					  	  	\N	\N	    	t	2	2.50	2025-09-01 11:57:23.271	2025-09-01 11:57:23.271
ba491def-5c9f-425a-8fdf-fd4ccac6b60e	Jordan		Amman					  	  	\N	\N	    	t	2	2.50	2025-09-01 11:57:23.285	2025-09-01 11:57:23.285
ea92f180-8dae-4b8a-870e-0468e230bd8e	Jordan		Amman					  	  	\N	\N	    	t	2	2.50	2025-09-01 11:57:23.312	2025-09-01 11:57:23.312
9cd13755-1535-4b8c-b641-8d6d0fd1942e	Jordan		Amman					   	   	\N	\N	     	t	2	2.50	2025-09-01 11:57:23.319	2025-09-01 11:57:23.319
9cf91557-b41e-4c22-8b04-cb9cdd44cd65	Jordan		Amman			  	  	    	    	\N	\N	        	t	2	2.50	2025-09-01 11:57:23.33	2025-09-01 11:57:23.33
16ca637e-eef1-48b8-be21-5d138f7758c0	Jordan		Amman			  	  	  	  	\N	\N	      	t	2	2.50	2025-09-01 11:57:23.348	2025-09-01 11:57:23.348
47253cd6-280b-4998-bc59-03d481a4e0db	Jordan		Amman							\N	\N	  	t	2	2.50	2025-09-01 11:57:23.369	2025-09-01 11:57:23.369
852c504a-264a-456b-ac0f-977296557ee3	Jordan		Amman			 	 	  	  	\N	\N	     	t	2	2.50	2025-09-01 11:57:23.391	2025-09-01 11:57:23.391
02259a0c-e846-42c6-a716-f392e2a74eeb	Jordan		Amman							\N	\N	  	t	2	2.50	2025-09-01 11:57:23.437	2025-09-01 11:57:23.437
0d8fe137-983c-4128-92c0-025a8d25bbee	Jordan		Amman							\N	\N	  	t	2	2.50	2025-09-01 11:57:23.457	2025-09-01 11:57:23.457
b35c47f2-e3d7-4d55-aa51-f8dcd7757fa2	Jordan		Amman			 	 	 	 	\N	\N	    	t	2	2.50	2025-09-01 11:57:23.472	2025-09-01 11:57:23.472
65ad02f5-041b-45aa-bfc0-7e675e6a5023	Jordan		Amman			 -	 -	 -	 -	\N	\N	 -  - 	t	2	2.50	2025-09-01 11:57:23.49	2025-09-01 11:57:23.49
396206d4-c8bd-4b41-9b83-7fd479115e57	Jordan		Amman			 	 	  	  	\N	\N	     	t	2	2.50	2025-09-01 11:57:23.499	2025-09-01 11:57:23.499
6ee74130-77db-4eac-becd-b50aff73eb96	Jordan		Amman			 	 	   	   	\N	\N	      	t	2	2.50	2025-09-01 11:57:23.508	2025-09-01 11:57:23.508
6ded037e-2ccb-4d4b-bda3-7f035cba2077	Jordan		Amman					  	  	\N	\N	    	t	2	2.50	2025-09-01 11:57:23.515	2025-09-01 11:57:23.515
c1adc9d4-b44c-4f35-8d0a-fff74be930c7	Jordan		Amman			 	 	  	  	\N	\N	     	t	2	2.50	2025-09-01 11:57:23.522	2025-09-01 11:57:23.522
4d17e0f8-b699-4afa-b883-e325e46397bc	Jordan		Amman			 	 	  	  	\N	\N	     	t	2	2.50	2025-09-01 11:57:23.531	2025-09-01 11:57:23.531
387fb381-7d75-4afe-b2d7-e4fb7ef89636	Jordan		Amman			 	 	  	  	\N	\N	     	t	2	2.50	2025-09-01 11:57:23.561	2025-09-01 11:57:23.561
1fa32d6e-3dc3-4d1a-9c0a-83842487249d	Jordan		Amman					    	    	\N	\N	      	t	2	2.50	2025-09-01 11:57:23.566	2025-09-01 11:57:23.566
6d25c24d-ec62-4801-80d2-1a06451498c8	Jordan		Amman					   	   	\N	\N	     	t	2	2.50	2025-09-01 11:57:23.572	2025-09-01 11:57:23.572
b4680ace-9834-4796-af21-4404e17d4428	Jordan		Amman			 	 	    	    	\N	\N	       	t	2	2.50	2025-09-01 11:57:23.579	2025-09-01 11:57:23.579
0d84956a-400e-418e-b680-ca0f3b6e68fa	Jordan		Amman					   	   	\N	\N	     	t	2	2.50	2025-09-01 11:57:23.592	2025-09-01 11:57:23.592
6fb0aa55-dd52-46c0-9d94-70a7474c98ec	Jordan		Amman					 100	 100	\N	\N	 100  	t	2	2.50	2025-09-01 11:57:23.603	2025-09-01 11:57:23.603
fb4b9e6b-b57b-4723-9bf8-6d3b65852bd4	Jordan		Amman			 	 	  	  	\N	\N	     	t	2	2.50	2025-09-01 11:57:23.69	2025-09-01 11:57:23.69
41eb1d68-e9af-4cea-a95e-b5952f705edf	Jordan		Amman					 	 	\N	\N	   	t	2	2.50	2025-09-01 11:57:23.696	2025-09-01 11:57:23.696
a151c48b-94cd-4eb6-9fd4-89fa1f37fec8	Jordan		Amman			 	 	  	  	\N	\N	     	t	2	2.50	2025-09-01 11:57:23.734	2025-09-01 11:57:23.734
915c798b-e3a4-4234-a5d7-49f59e763f0f	Jordan		Amman							\N	\N	  	t	2	2.50	2025-09-01 11:57:23.768	2025-09-01 11:57:23.768
6f81df14-4ca3-4276-9304-bae6f2979761	Jordan		Amman							\N	\N	  	t	2	2.50	2025-09-01 11:57:23.82	2025-09-01 11:57:23.82
b23a8ab6-dae4-404a-9cd5-86cae6d3de39	Jordan		Amman					 	 	\N	\N	   	t	2	2.50	2025-09-01 11:57:23.829	2025-09-01 11:57:23.829
26099bac-9c6e-48bd-8df1-68d421a57e1c	Jordan		Amman					 	 	\N	\N	   	t	2	2.50	2025-09-01 11:57:23.85	2025-09-01 11:57:23.85
0d7a8172-3b04-4187-9ac2-aad6d93ace97	Jordan		Amman					 	 	\N	\N	   	t	2	2.50	2025-09-01 11:57:23.865	2025-09-01 11:57:23.865
26eb446d-19df-4225-93ab-282bd6064399	Jordan		Amman					   	   	\N	\N	     	t	2	2.50	2025-09-01 11:57:23.9	2025-09-01 11:57:23.9
ec4251c4-383b-4c4b-afa0-a5a6ccd92c29	Jordan		Amman					  	  	\N	\N	    	t	2	2.50	2025-09-01 11:57:23.916	2025-09-01 11:57:23.916
785d7d19-3af2-4d4f-93b3-f931b0a7f753	Jordan		Amman			 	 	  	  	\N	\N	     	t	2	2.50	2025-09-01 11:57:23.935	2025-09-01 11:57:23.935
0b4c24b7-380f-4aee-9ce8-0b374de2a192	Jordan		Amman					  	  	\N	\N	    	t	2	2.50	2025-09-01 11:57:23.963	2025-09-01 11:57:23.963
f962ecbc-1080-4732-88b3-033c12eb1362	Jordan		Amman							\N	\N	  	t	2	2.50	2025-09-01 11:57:23.986	2025-09-01 11:57:23.986
86cb608e-c8f8-41da-b054-65165790d5d4	Jordan		Amman					    	    	\N	\N	      	t	2	2.50	2025-09-01 11:57:23.993	2025-09-01 11:57:23.993
c4ef0439-154b-4402-bf9c-0f92b5cd5283	Jordan		Amman					 	 	\N	\N	   	t	2	2.50	2025-09-01 11:57:24.005	2025-09-01 11:57:24.005
e560c34a-a62a-4521-9654-70e9d2429b45	Jordan		Amman					  	  	\N	\N	    	t	2	2.50	2025-09-01 11:57:24.014	2025-09-01 11:57:24.014
a320442d-8b55-4843-9be1-e4d479a1709b	Jordan		Amman			 	 	 	 	\N	\N	    	t	2	2.50	2025-09-01 11:57:24.032	2025-09-01 11:57:24.032
eba1fa49-1ebc-47e1-b9e6-0269d4124d9a	Jordan		Amman					  	  	\N	\N	    	t	2	2.50	2025-09-01 11:57:24.046	2025-09-01 11:57:24.046
a5166f84-28b7-4de9-962e-fce53bc25dd0	Jordan		Amman					  	  	\N	\N	    	t	2	2.50	2025-09-01 11:57:24.059	2025-09-01 11:57:24.059
dfa36404-4fde-4142-bf3b-00aa184bb4c0	Jordan		Amman			 	 	 	 	\N	\N	    	t	2	2.50	2025-09-01 11:57:24.068	2025-09-01 11:57:24.068
5a08bc1f-b346-4033-a18b-b668781eac4d	Jordan		Amman					  	  	\N	\N	    	t	2	2.50	2025-09-01 11:57:24.084	2025-09-01 11:57:24.084
a0ebfa87-ead6-45d5-866a-f3ca74e4b7fe	Jordan		Amman							\N	\N	  	t	2	2.50	2025-09-01 11:57:24.118	2025-09-01 11:57:24.118
c8b347b6-55f8-4151-b479-b83da264a595	Jordan		Amman					  	  	\N	\N	    	t	2	2.50	2025-09-01 11:57:24.135	2025-09-01 11:57:24.135
88b73c6c-5aae-4ed5-a78b-7f4bf8b288f6	Jordan		Amman					  	  	\N	\N	    	t	2	2.50	2025-09-01 11:57:24.173	2025-09-01 11:57:24.173
52e822ec-6bea-4f13-9ae8-5f63584ffceb	Jordan		Amman					 	 	\N	\N	   	t	2	2.50	2025-09-01 11:57:24.208	2025-09-01 11:57:24.208
8f85068a-f966-4209-96af-db2c8b488903	Jordan		Amman					   	   	\N	\N	     	t	2	2.50	2025-09-01 11:57:24.221	2025-09-01 11:57:24.221
13a120a9-41b8-4de1-ae20-8d8a17e8f53d	Jordan		Amman					 	 	\N	\N	   	t	2	2.50	2025-09-01 11:57:24.245	2025-09-01 11:57:24.245
06537ce1-36be-41c0-92e1-ab777d4fdf5a	Jordan		Amman			  	  	 	 	\N	\N	     	t	2	2.50	2025-09-01 11:57:24.29	2025-09-01 11:57:24.29
6f44eb77-87e6-4eaf-a282-127c1965e86e	Jordan		Amman			 	 	 	 	\N	\N	    	t	2	2.50	2025-09-01 11:57:24.349	2025-09-01 11:57:24.349
216570ca-054c-47ae-aec0-2cfe2fd154a7	Jordan		Amman					 	 	\N	\N	   	t	2	2.50	2025-09-01 11:57:24.374	2025-09-01 11:57:24.374
e0cd36df-9c91-41e1-b46e-0105436fd036	Jordan		Amman					  	  	\N	\N	    	t	2	2.50	2025-09-01 11:57:24.389	2025-09-01 11:57:24.389
2c51baa5-062d-459c-afbe-a32e2435ffcb	Jordan		Amman					 	 	\N	\N	   	t	2	2.50	2025-09-01 11:57:24.401	2025-09-01 11:57:24.401
dd34c5c9-a078-4eba-bfa5-e35d7366e64e	Jordan		Amman					 	 	\N	\N	   	t	2	2.50	2025-09-01 11:57:24.413	2025-09-01 11:57:24.413
e8ca935e-13ba-4900-9406-6f7e88438d27	Jordan		Amman					  	  	\N	\N	    	t	2	2.50	2025-09-01 11:57:24.428	2025-09-01 11:57:24.428
0c583b07-9aa6-418a-8f95-16010df40b58	Jordan		Amman					 	 	\N	\N	   	t	2	2.50	2025-09-01 11:57:24.438	2025-09-01 11:57:24.438
4d569688-097f-45cb-8d07-6fc77a190ab5	Jordan		Amman					  	  	\N	\N	    	t	2	2.50	2025-09-01 11:57:24.446	2025-09-01 11:57:24.446
fa4cc685-8bb9-40c1-90c5-e822efb1239c	Jordan		Amman					  	  	\N	\N	    	t	2	2.50	2025-09-01 11:57:24.497	2025-09-01 11:57:24.497
8ca28a49-c3e8-4246-af9f-58f094f3d5f0	Jordan		Amman					  	  	\N	\N	    	t	2	2.50	2025-09-01 11:57:24.56	2025-09-01 11:57:24.56
ae696579-c67c-4b6f-8e7f-5d04effb32cb	Jordan		Amman			Abdali				\N	\N	  	t	2	2.50	2025-09-01 06:15:38.224	2025-09-01 06:15:38.224
fe357406-c3bc-47f5-b899-780ac50f6c8b	Jordan		Amman			Downtown	 	 	 	\N	\N	    	t	2	2.50	2025-09-01 06:15:38.224	2025-09-01 06:15:38.224
6913b57c-b119-4f87-ac64-c86b94dfc1ff	Jordan		Irbid			Hashemi		  	  	\N	\N	    	t	2	3.00	2025-09-01 06:15:38.448	2025-09-01 06:15:38.448
c13c8392-aca5-4267-a38a-d1e124268816	Jordan		Amman			Jabal Hussein	 	     	     	\N	\N	        	t	4	2.50	2025-09-01 06:15:38.224	2025-09-01 06:15:38.224
906d3a01-29a0-4615-90fd-fca6c4cd963b	Jordan		Irbid			Nasr		  	  	\N	\N	    	t	2	3.00	2025-09-01 06:15:38.448	2025-09-01 06:15:38.448
91ad32fb-b4d9-4ced-8e09-252b5fe36357	Jordan		Zarqa			Nasr		  	  	\N	\N	    	t	2	3.50	2025-09-01 06:15:38.448	2025-09-01 06:15:38.448
9bc4a8f4-c6f0-464d-97b2-59aa701b41f8	Jordan		Zarqa							\N	\N	  	t	2	3.50	2025-09-01 06:15:38.448	2025-09-01 06:15:38.448
435cb868-961c-42fb-bfd1-53aa48403645	Jordan		Amman			Shmeisani		  	  	\N	\N	    	t	2	2.50	2025-09-01 06:15:38.224	2025-09-01 06:15:38.224
14525980-b689-4361-8f20-04b33fbbeed0	Jordan		Amman			Tabarbour		 	 	\N	\N	   	t	2	2.50	2025-09-01 06:15:38.224	2025-09-01 06:15:38.224
c0e6ebfc-3220-4bc5-9916-c0532edd9d75	Jordan		Zarqa			 	 	 	 	\N	\N	    	t	2	3.50	2025-09-01 06:15:38.448	2025-09-01 06:15:38.448
cfa37d8d-87b4-4ea2-a803-2c93ebefa4fb	Jordan		Zarqa			 	 	 	 	\N	\N	    	t	2	3.50	2025-09-01 06:15:38.448	2025-09-01 06:15:38.448
85bfa152-01c6-4ece-9907-c1400d820b9b	Jordan		Irbid							\N	\N	  	t	2	3.00	2025-09-01 06:15:38.718	2025-09-01 06:15:38.718
f5e69f3f-26cc-4fd5-aa50-48ea6a4db1d4	Jordan		Zarqa			  	  	 	 	\N	\N	     	t	2	3.50	2025-09-01 06:15:38.448	2025-09-01 06:15:38.448
3c30f0ed-39e6-47cc-af1a-485a609d0110	Jordan		Amman			 	 	  	  	\N	\N	     	t	2	2.50	2025-09-01 06:15:38.448	2025-09-01 06:15:38.448
c0bcca6e-f499-46d7-a2a9-07b3b450add7	Jordan		Amman			 	 	 	 	\N	\N	    	t	2	2.50	2025-09-01 06:15:38.448	2025-09-01 06:15:38.448
abd12fa4-516b-48e9-8c90-f64012d96d19	Jordan		Amman			 	 	  	  	\N	\N	     	t	2	2.50	2025-09-01 06:15:38.224	2025-09-01 06:15:38.224
de613e00-c329-47e8-a1a3-802798296410	Jordan		Zarqa							\N	\N	  	t	2	3.50	2025-09-01 06:15:38.448	2025-09-01 06:15:38.448
bf395ec3-f29d-45f1-bdc0-b637b8ad562b	Jordan		Irbid					   	   	\N	\N	     	t	2	3.00	2025-09-01 06:15:38.718	2025-09-01 06:15:38.718
1161f918-bc1e-4904-8478-75ad17802918	Jordan		Irbid			  	  	  	  	\N	\N	      	t	2	3.00	2025-09-01 06:15:38.448	2025-09-01 06:15:38.448
6d417b29-28c2-49ce-8fa5-9a9e108fcb8c	Jordan		Irbid			 	 	 	 	\N	\N	    	t	2	3.00	2025-09-01 06:15:38.718	2025-09-01 06:15:38.718
5ff76011-8961-45ec-94d2-5ec44b101ee8	Jordan		Irbid			  	  	  	  	\N	\N	      	t	2	3.00	2025-09-01 06:15:38.448	2025-09-01 06:15:38.448
7c70edd7-0520-4a23-8eb7-6db11eae4593	Jordan		Irbid			   - 	   - 	   - 	   - 	\N	\N	   -     -  	t	2	3.00	2025-09-01 06:15:38.718	2025-09-01 06:15:38.718
997ca1bd-ff2d-4248-be5a-b2c8e0e6fb2b	Jordan		Irbid			  	  	  	  	\N	\N	      	t	2	3.00	2025-09-01 06:15:38.448	2025-09-01 06:15:38.448
1987ee50-555c-42ff-b160-f8323ed6c141	Jordan		Irbid			   	   	   	   	\N	\N	        	t	2	3.00	2025-09-01 06:15:38.448	2025-09-01 06:15:38.448
6272cf8a-4c8c-4020-99c6-67ece654fed3	Jordan		Irbid			  	  	  	  	\N	\N	      	t	2	3.00	2025-09-01 06:15:38.448	2025-09-01 06:15:38.448
5305a5dd-1ad5-409c-adeb-13e43cc32af7	Jordan		Irbid			   (  )	   (  )	   (  )	   (  )	\N	\N	   (  )    (  ) 	t	2	3.00	2025-09-01 06:15:38.448	2025-09-01 06:15:38.448
373dc226-524d-4a77-acea-b29ccd462388	Jordan		Irbid			  	  	  	  	\N	\N	      	t	2	3.00	2025-09-01 06:15:38.448	2025-09-01 06:15:38.448
a8991787-7650-41d2-aee4-5ec08acc67de	Jordan		Irbid			  	  	  	  	\N	\N	      	t	2	3.00	2025-09-01 06:15:38.448	2025-09-01 06:15:38.448
a19bd19d-a228-46c9-82b4-b9bebba05359	Jordan		Irbid			( )	( )	( )	( )	\N	\N	( ) ( ) 	t	2	3.00	2025-09-01 06:15:38.448	2025-09-01 06:15:38.448
34b3920b-50ab-46cc-b16e-4177a8efc334	Jordan		Irbid			  	  	  	  	\N	\N	      	t	2	3.00	2025-09-01 06:15:38.448	2025-09-01 06:15:38.448
9f97b69d-4a40-4c37-b088-b4c5266fef43	Jordan		Irbid			  	  	  	  	\N	\N	      	t	4	4.00	2025-09-01 06:15:38.448	2025-09-01 06:15:38.448
fd68e0c4-ab5a-45eb-b768-6f95060e396d	Jordan		Zarqa							\N	\N	  	t	2	3.50	2025-09-01 06:15:38.448	2025-09-01 06:15:38.448
71a0972f-235f-47ff-a656-216b0ac4d84d	Jordan		Irbid			   	   	   	   	\N	\N	        	t	2	3.00	2025-09-01 06:15:38.448	2025-09-01 06:15:38.448
2af4535c-f6c2-407d-93d0-c38d5d650dfe	Jordan		Irbid			 	 	 	 	\N	\N	    	t	1	2.50	2025-09-01 06:15:38.448	2025-09-01 06:15:38.448
01202166-b571-4b3c-88df-9b75fdbef1bb	Jordan		Irbid							\N	\N	  	t	2	3.00	2025-09-01 06:15:38.961	2025-09-01 06:15:38.961
56af5578-827d-4fad-aba1-4f5fe450b629	Jordan		Zarqa			 	 	   	   	\N	\N	      	t	1	3.50	2025-09-01 06:15:38.448	2025-09-01 06:15:38.448
b240111d-f0aa-4d5d-8588-f50e7307325d	Jordan		Irbid			 	 	 	 	\N	\N	    	t	2	3.00	2025-09-01 06:15:38.448	2025-09-01 06:15:38.448
c9702572-6eb9-4427-a862-04068bb746ec	Jordan		Irbid			 	 	 	 	\N	\N	    	t	2	3.00	2025-09-01 06:15:38.448	2025-09-01 06:15:38.448
af107f23-02fd-468b-8a56-4571c0b193a1	Jordan		Irbid			 	 	 	 	\N	\N	    	t	2	3.00	2025-09-01 06:15:38.448	2025-09-01 06:15:38.448
e782a6dd-70c9-48b5-8146-2e079361cac5	Jordan		Zarqa			 -	 -	 -	 -	\N	\N	 -  - 	t	2	3.50	2025-09-01 06:15:38.448	2025-09-01 06:15:38.448
05ec80fe-9967-4ad2-b5ab-2b6c3da038ff	Jordan		Irbid			  	  	  	  	\N	\N	      	t	2	3.00	2025-09-01 06:15:38.448	2025-09-01 06:15:38.448
a3f3719a-5a22-4af6-9b30-05e90d3e989c	Jordan		Irbid			 	 	 	 	\N	\N	    	t	2	3.00	2025-09-01 06:15:38.448	2025-09-01 06:15:38.448
64a58f7d-8819-4497-b474-85012c988a77	Jordan		Irbid			 	 	 	 	\N	\N	    	t	2	3.00	2025-09-01 06:15:38.448	2025-09-01 06:15:38.448
c2b947a8-c56a-42e0-9735-2236b3e6dd82	Jordan		Irbid			 	 	 	 	\N	\N	    	t	2	3.00	2025-09-01 06:15:38.448	2025-09-01 06:15:38.448
3372f954-f10b-4b30-9786-0b0c9415feb7	Jordan		Irbid			 	 	 	 	\N	\N	    	t	2	3.00	2025-09-01 06:15:38.448	2025-09-01 06:15:38.448
13c02fee-7a6c-4c87-8a46-e439a49a97a9	Jordan		Irbid			  	  	  	  	\N	\N	      	t	2	3.00	2025-09-01 06:15:38.448	2025-09-01 06:15:38.448
1ea47927-56ee-4423-aa39-34228b44696f	Jordan		Zarqa							\N	\N	  	t	2	3.50	2025-09-01 06:15:38.448	2025-09-01 06:15:38.448
8bd458d1-c84d-4b88-96f9-2716de840d93	Jordan		Zarqa					 	 	\N	\N	   	t	2	3.50	2025-09-01 06:15:38.448	2025-09-01 06:15:38.448
142176ff-6bd1-4fd6-a158-593364c66d17	Jordan		Irbid					 	 	\N	\N	   	t	2	3.00	2025-09-01 06:15:38.448	2025-09-01 06:15:38.448
150d781e-3957-4faa-abab-8b6f3284ecf5	Jordan		Amman					 	 	\N	\N	   	t	2	2.50	2025-09-01 06:15:38.448	2025-09-01 06:15:38.448
5878b75b-77c4-4e35-b967-b6676864a172	Jordan		Zarqa			 	 	   	   	\N	\N	      	t	2	3.50	2025-09-01 06:15:38.448	2025-09-01 06:15:38.448
4cb00973-28e4-41f0-8dbb-5988164e6c04	Jordan		Zarqa			 	 	      	      	\N	\N	         	t	2	3.50	2025-09-01 06:15:38.448	2025-09-01 06:15:38.448
ed452238-8315-40a8-9979-ac9f9397727a	Jordan		Zarqa			 	 	  	  	\N	\N	     	t	2	3.50	2025-09-01 06:15:38.448	2025-09-01 06:15:38.448
5fddcd29-c42d-4020-add6-4b1b25ba9733	Jordan		Zarqa			 	 	  	  	\N	\N	     	t	2	3.50	2025-09-01 06:15:38.448	2025-09-01 06:15:38.448
beca4c0b-2e42-40c4-a8b0-a1e95681fb3a	Jordan		Irbid					  	  	\N	\N	    	t	2	3.00	2025-09-01 06:15:38.448	2025-09-01 06:15:38.448
74305061-f6ca-4657-a7e3-45fa4e2f1818	Jordan		Irbid					    	    	\N	\N	      	t	2	3.00	2025-09-01 06:15:38.961	2025-09-01 06:15:38.961
f4010ce2-b4b6-449b-a98b-f8ce524b40ae	Jordan		Irbid							\N	\N	  	t	2	3.00	2025-09-01 06:15:38.448	2025-09-01 06:15:38.448
0e8fd54c-2099-4874-95e6-339522462d3c	Jordan		Irbid					   	   	\N	\N	     	t	2	3.00	2025-09-01 06:15:38.448	2025-09-01 06:15:38.448
29894924-8190-469e-afa7-b1317cb8aa1f	Jordan		Zarqa							\N	\N	  	t	2	3.50	2025-09-01 06:15:38.448	2025-09-01 06:15:38.448
7bebcbd3-f5dc-4635-9024-1efab326762f	Jordan		Irbid					 	 	\N	\N	   	t	2	3.00	2025-09-01 06:15:38.448	2025-09-01 06:15:38.448
521f33ff-b700-4501-86eb-2203357daf58	Jordan		Amman							\N	\N	  	t	2	2.50	2025-09-01 06:15:38.448	2025-09-01 06:15:38.448
68fd787c-4de4-434f-8a79-a96520fc03ad	Jordan		Irbid							\N	\N	  	t	2	3.00	2025-09-01 06:15:38.961	2025-09-01 06:15:38.961
2845158c-7e89-4c95-9715-1672e9b40ec6	Jordan		Aqaba			 	 	 	 	\N	\N	    	t	2	4.00	2025-09-01 06:15:38.718	2025-09-01 06:15:38.718
d0534aa4-d481-4292-8af0-b672f6da345d	Jordan		Aqaba			  - 	  - 	  - 	  - 	\N	\N	  -    -  	t	2	4.00	2025-09-01 06:15:38.718	2025-09-01 06:15:38.718
47d64cf2-af2c-401f-994a-82f0af05ca6b	Jordan		Amman					 	 	\N	\N	   	t	2	2.50	2025-09-01 06:15:38.448	2025-09-01 06:15:38.448
73cdecad-29cc-40b3-9922-30dc42e5e3e1	Jordan		Amman					    	    	\N	\N	      	t	2	2.50	2025-09-01 06:15:38.224	2025-09-01 06:15:38.224
5e9a062a-0139-4f7c-b462-19e726e2580c	Jordan		Irbid					  	  	\N	\N	    	t	2	3.00	2025-09-01 06:15:38.448	2025-09-01 06:15:38.448
8b2f4a3a-9020-4040-9041-26dd25eaeb48	Jordan		Aqaba							\N	\N	  	t	2	4.00	2025-09-01 06:15:38.718	2025-09-01 06:15:38.718
ad262615-8ae2-4135-bc4f-2a3bc23db4df	Jordan		Zarqa			 	 	 	 	\N	\N	    	t	2	3.50	2025-09-01 06:15:38.448	2025-09-01 06:15:38.448
c04e026a-cd97-41ed-a8a0-e682127c14f0	Jordan		Zarqa			 -	 -	 -	 -	\N	\N	 -  - 	t	2	3.50	2025-09-01 06:15:38.448	2025-09-01 06:15:38.448
82067226-1058-40be-b7c3-14a208b6beaa	Jordan		Irbid					 	 	\N	\N	   	t	2	3.00	2025-09-01 06:15:38.448	2025-09-01 06:15:38.448
3532fca6-be35-4153-b17c-b1026760fa79	Jordan		Amman					   	   	\N	\N	     	t	2	2.50	2025-09-01 06:15:38.224	2025-09-01 06:15:38.224
d7bf7700-e412-4b62-adec-37d1241fbf1e	Jordan		Irbid					  	  	\N	\N	    	t	2	3.00	2025-09-01 06:15:38.448	2025-09-01 06:15:38.448
e81bf618-d109-4c96-b0d3-964577ad1a00	Jordan		Aqaba			  - 	  - 	  - 	  - 	\N	\N	  -    -  	t	2	4.00	2025-09-01 06:15:38.718	2025-09-01 06:15:38.718
1cfaeb55-6b3a-4e14-9973-13dbc560d0e3	Jordan		Irbid					  	  	\N	\N	    	t	2	3.00	2025-09-01 06:15:38.448	2025-09-01 06:15:38.448
e9a011c5-29f9-4f72-86ba-b88c68290396	Jordan		Aqaba			  - 	  - 	  - 	  - 	\N	\N	  -    -  	t	2	4.00	2025-09-01 06:15:38.718	2025-09-01 06:15:38.718
bb40a685-11a3-45cd-ac57-093ac0c94e33	Jordan		Zarqa			 	 	  	  	\N	\N	     	t	2	3.50	2025-09-01 06:15:38.448	2025-09-01 06:15:38.448
5a83026b-0ba5-4ba8-b924-2f02d3971e31	Jordan		Zarqa					 	 	\N	\N	   	t	1	3.50	2025-09-01 06:15:38.448	2025-09-01 06:15:38.448
91f7d73f-900a-4e93-9812-c3bcd920dcca	Jordan		Zarqa			 	 	   	   	\N	\N	      	t	2	3.50	2025-09-01 06:15:38.448	2025-09-01 06:15:38.448
68c23b92-1b68-4eab-9fed-6ac552c5984a	Jordan		Amman					  	  	\N	\N	    	t	2	2.50	2025-09-01 06:15:38.448	2025-09-01 06:15:38.448
879bd621-e4e5-46d2-9f6f-762c641e7170	Jordan		Amman			   	   	   	   	\N	\N	        	t	2	2.50	2025-09-01 06:15:38.224	2025-09-01 06:15:38.224
a796049e-35a1-4db1-bb34-b6d7e64cca6a	Jordan		Irbid			 MK	 MK	 MK	 MK	\N	\N	 mk  mk 	t	2	3.00	2025-09-01 06:15:38.448	2025-09-01 06:15:38.448
fabf2393-b4f7-437b-afff-251cde8a46cb	Jordan		Amman			  	  	  	  	\N	\N	      	t	2	2.50	2025-09-01 06:15:38.224	2025-09-01 06:15:38.224
39049054-919f-4a21-8832-053ef1fbe4e8	Jordan		Amman			  	  	 	 	\N	\N	     	t	2	2.50	2025-09-01 06:15:38.224	2025-09-01 06:15:38.224
2816a6db-c061-4896-9cc4-2d300928f7f1	Jordan		Amman			  	  	 	 	\N	\N	     	t	2	2.50	2025-09-01 06:15:38.224	2025-09-01 06:15:38.224
6f148598-616e-4e79-b8ff-5bbd3125a68e	Jordan		Amman			  	  	  	  	\N	\N	      	t	2	2.50	2025-09-01 06:15:38.448	2025-09-01 06:15:38.448
f6b1e5ba-03fb-40c7-b502-70caa988340f	Jordan		Amman			  	  	 	 	\N	\N	     	t	2	2.50	2025-09-01 06:15:38.448	2025-09-01 06:15:38.448
45ce8399-bf69-43f2-8993-6bd8202d097b	Jordan		Amman			  	  	 	 	\N	\N	     	t	2	2.50	2025-09-01 06:15:38.224	2025-09-01 06:15:38.224
d18d33b1-d600-4d2d-8d53-557812882d19	Jordan		Amman			   	   	   	   	\N	\N	        	t	2	2.50	2025-09-01 06:15:38.448	2025-09-01 06:15:38.448
7d438d5b-d775-4ac7-a31a-e6733ba75ad6	Jordan		Amman			  	  	  	  	\N	\N	      	t	2	2.50	2025-09-01 06:15:38.448	2025-09-01 06:15:38.448
0219a65a-cc5e-4d8c-b6e0-5519033462cf	Jordan		Amman			  	  	   	   	\N	\N	       	t	2	2.50	2025-09-01 06:15:38.224	2025-09-01 06:15:38.224
5d14eab3-1ccd-4198-a60f-2bc056c24c80	Jordan		Aqaba							\N	\N	  	t	2	4.00	2025-09-01 06:15:38.718	2025-09-01 06:15:38.718
f01ec853-fec1-47fd-b1b0-906c22104b2a	Jordan		Zarqa					 	 	\N	\N	   	t	2	3.50	2025-09-01 06:15:38.448	2025-09-01 06:15:38.448
72c5bf90-4a3c-40db-a06b-9476af0cfcd7	Jordan		Amman					 	 	\N	\N	   	t	2	2.50	2025-09-01 06:15:38.448	2025-09-01 06:15:38.448
9c7d5bf7-5cc9-48e9-8d87-91c90558bf05	Jordan		Zarqa							\N	\N	  	t	2	3.50	2025-09-01 06:15:38.448	2025-09-01 06:15:38.448
5424a529-ec5f-4d3b-9386-b02ebccf90e0	Jordan		Zarqa							\N	\N	  	t	2	3.50	2025-09-01 06:15:38.448	2025-09-01 06:15:38.448
ef48fc7e-ce39-4cd5-83ef-9e32e7e39f7d	Jordan		Aqaba							\N	\N	  	t	2	4.00	2025-09-01 06:15:38.718	2025-09-01 06:15:38.718
b2c37e12-c706-4bbf-8bc3-9ff8cac0ea1f	Jordan		Zarqa					 	 	\N	\N	   	t	2	3.50	2025-09-01 06:15:38.448	2025-09-01 06:15:38.448
07617db6-dadb-4119-b55f-5bc96243f705	Jordan		Irbid			 	 	  	  	\N	\N	     	t	2	3.00	2025-09-01 06:15:38.961	2025-09-01 06:15:38.961
b9ffce20-c2ea-4b9c-a054-9292f68cbec0	Jordan		Irbid			 	 	  	  	\N	\N	     	t	2	3.00	2025-09-01 06:15:38.961	2025-09-01 06:15:38.961
a77a3eaf-0622-4f88-8031-2cd24d69a3c4	Jordan		Irbid			 	 	 	 	\N	\N	    	t	2	2.50	2025-09-01 06:15:38.448	2025-09-01 06:15:38.448
40f2f2b1-1b25-4759-a2dc-e06edc0c85c2	Jordan		Irbid							\N	\N	  	t	2	3.00	2025-09-01 06:15:38.448	2025-09-01 06:15:38.448
5e580880-218e-408c-bb7e-89c4b7d64214	Jordan		Irbid							\N	\N	  	t	2	3.00	2025-09-01 06:15:38.448	2025-09-01 06:15:38.448
b502c956-d6d6-45a3-b581-c0cbc91be5a3	Jordan		Irbid			 	 	 	 	\N	\N	    	t	2	3.00	2025-09-01 06:15:38.448	2025-09-01 06:15:38.448
7f624ff1-af07-4940-8263-9838fab76661	Jordan		Irbid			 	 	 	 	\N	\N	    	t	2	3.00	2025-09-01 06:15:38.448	2025-09-01 06:15:38.448
5a1768e5-92dc-48c6-9947-dca0b60718c9	Jordan		Irbid			 	 	 	 	\N	\N	    	t	2	3.00	2025-09-01 06:15:38.448	2025-09-01 06:15:38.448
9b04b7c5-b5b2-4273-b89a-31cf5d2ef1c6	Jordan		Irbid							\N	\N	  	t	2	3.00	2025-09-01 06:15:38.961	2025-09-01 06:15:38.961
3cc9c14b-0193-4877-af6d-fafd7d020b8e	Jordan		Zarqa							\N	\N	  	t	2	3.50	2025-09-01 06:15:38.448	2025-09-01 06:15:38.448
f3b338d7-13aa-40ae-b3d4-a34d7269205b	Jordan		Irbid					 	 	\N	\N	   	t	2	3.00	2025-09-01 06:15:38.448	2025-09-01 06:15:38.448
b2e86607-1078-4da7-872b-4927dac2d53a	Jordan		Amman					 	 	\N	\N	   	t	2	2.50	2025-09-01 06:15:38.224	2025-09-01 06:15:38.224
67650a08-1b24-4d19-8ae6-94b89302f71f	Jordan		Irbid			 	 	 	 	\N	\N	    	t	2	3.00	2025-09-01 06:15:38.448	2025-09-01 06:15:38.448
7ee5e69d-f3aa-4755-b9a7-140c4321d735	Jordan		Zarqa							\N	\N	  	t	2	3.50	2025-09-01 06:15:38.448	2025-09-01 06:15:38.448
8e8f0f2e-4395-4ce4-847a-c07a583403d3	Jordan		Zarqa			 	 	 	 	\N	\N	    	t	2	3.50	2025-09-01 06:15:38.448	2025-09-01 06:15:38.448
f74f9314-b6d6-408e-9dbf-ab97f443ab1c	Jordan		Aqaba							\N	\N	  	t	2	4.00	2025-09-01 06:15:38.718	2025-09-01 06:15:38.718
9934e507-61bf-41dd-a9f8-b500091cfb31	Jordan		Irbid							\N	\N	  	t	2	3.00	2025-09-01 06:15:38.448	2025-09-01 06:15:38.448
fe19818d-118d-4335-8183-63daee28cad9	Jordan		Amman					  4	  4	\N	\N	  4  	t	2	2.50	2025-09-01 06:15:38.224	2025-09-01 06:15:38.224
775d5cc9-1843-40f7-8138-0d011b32a60c	Jordan		Irbid					  	  	\N	\N	    	t	2	3.00	2025-09-01 06:15:38.448	2025-09-01 06:15:38.448
4178d3bb-8f52-4892-afc5-4789aa7053c7	Jordan		Zarqa					   	   	\N	\N	     	t	2	3.50	2025-09-01 06:15:38.448	2025-09-01 06:15:38.448
911649d0-6de8-41db-aa29-1d0fd27f5438	Jordan		Zarqa			 	 			\N	\N	   	t	2	3.50	2025-09-01 06:15:38.448	2025-09-01 06:15:38.448
8937d2ae-913b-4bc0-8c3b-043de0b190a1	Jordan		Zarqa			  	  	  	  	\N	\N	      	t	2	3.50	2025-09-01 06:15:38.448	2025-09-01 06:15:38.448
7034af28-8df6-4f0d-a44a-8f2b163b2ee1	Jordan		Irbid							\N	\N	  	t	2	3.00	2025-09-01 06:15:38.448	2025-09-01 06:15:38.448
3f1b2391-00cd-4ec4-8c03-b5f42ee928d7	Jordan		Zarqa					  	  	\N	\N	    	t	2	3.50	2025-09-01 06:15:38.448	2025-09-01 06:15:38.448
59ccdb28-828c-4fd3-88bb-8d518e713988	Jordan		Zarqa							\N	\N	  	t	2	3.50	2025-09-01 06:15:38.448	2025-09-01 06:15:38.448
bb97a94c-98d3-4048-b5b7-7a898a79e49c	Jordan		Irbid					   	   	\N	\N	     	t	2	3.00	2025-09-01 06:15:38.448	2025-09-01 06:15:38.448
cf4292e1-b97c-4528-8205-1734b275fcd6	Jordan		Irbid					  	  	\N	\N	    	t	2	3.00	2025-09-01 06:15:38.448	2025-09-01 06:15:38.448
bb3c3b43-fb9a-49b1-b600-26944f61c011	Jordan		Balqa					 	 	\N	\N	   	t	2	3.00	2025-09-01 06:15:38.448	2025-09-01 06:15:38.448
595d51b5-bda5-482e-9351-6493897986be	Jordan		Irbid							\N	\N	  	t	2	3.00	2025-09-01 06:15:38.448	2025-09-01 06:15:38.448
267adf5f-89b4-4992-9a77-0e1ae673d8ce	Jordan		Irbid			 	 	  	  	\N	\N	     	t	2	3.00	2025-09-01 06:15:38.448	2025-09-01 06:15:38.448
6d0c15c1-a995-420e-8b51-46dcf07a3b4d	Jordan		Zarqa							\N	\N	  	t	2	3.50	2025-09-01 06:15:38.448	2025-09-01 06:15:38.448
a3dea505-4a40-4260-9240-339a86b15e34	Jordan		Aqaba			   - 	   - 	   - 	   - 	\N	\N	   -     -  	t	2	4.00	2025-09-01 06:15:38.718	2025-09-01 06:15:38.718
0d49ddf1-b73e-4f02-b9b1-4b3ff98814b6	Jordan		Aqaba			  (   )	  (   )	  (   )	  (   )	\N	\N	  (   )   (   ) 	t	2	4.00	2025-09-01 06:15:38.718	2025-09-01 06:15:38.718
4451adbe-f711-4e33-8dbc-e192d5e0e919	Jordan		Irbid							\N	\N	  	t	2	3.00	2025-09-01 06:15:38.961	2025-09-01 06:15:38.961
dcc929dc-7488-4691-a1cd-c8f5bb99acfd	Jordan		Aqaba							\N	\N	  	t	2	4.00	2025-09-01 06:15:38.718	2025-09-01 06:15:38.718
c5a2c864-f9e5-4991-bef5-08aef7e9a1b4	Jordan		Zarqa					    	    	\N	\N	      	t	2	3.50	2025-09-01 06:15:38.448	2025-09-01 06:15:38.448
e6184fbb-ef85-4187-ab38-cd310c660acf	Jordan		Irbid			 	 	 	 	\N	\N	    	t	2	3.00	2025-09-01 06:15:38.961	2025-09-01 06:15:38.961
5eecddb6-a674-4862-876a-79d02d6f0f93	Jordan		Zarqa							\N	\N	  	t	2	3.50	2025-09-01 06:15:38.448	2025-09-01 06:15:38.448
c23f6ce4-fbd1-4320-9d11-be9b0f52cd58	Jordan		Irbid					 	 	\N	\N	   	t	2	3.00	2025-09-01 06:15:38.448	2025-09-01 06:15:38.448
cec74b03-2f15-4c4f-8cce-03e51d5e694e	Jordan		Irbid							\N	\N	  	t	2	3.00	2025-09-01 06:15:38.448	2025-09-01 06:15:38.448
263c6006-9cff-4303-997d-6c819b55cdb5	Jordan		Irbid							\N	\N	  	t	2	3.00	2025-09-01 06:15:38.448	2025-09-01 06:15:38.448
66ea9641-9cea-488b-ad7c-e573f7b99499	Jordan		Aqaba			 ()	 ()	 ()	 ()	\N	\N	 ()  () 	t	2	4.00	2025-09-01 06:15:38.718	2025-09-01 06:15:38.718
d0222d58-c000-43f5-96c1-b99775e8ab5e	Jordan		Irbid					 	 	\N	\N	   	t	2	3.00	2025-09-01 06:15:38.448	2025-09-01 06:15:38.448
ca36f18a-1c37-4d3d-88a7-7a1e7edceb8d	Jordan		Amman					   	   	\N	\N	     	t	2	2.50	2025-09-01 06:15:38.224	2025-09-01 06:15:38.224
747a546e-a935-40aa-8549-df79c7e618e6	Jordan		Zarqa					 	 	\N	\N	   	t	2	3.50	2025-09-01 06:15:38.448	2025-09-01 06:15:38.448
5e2ad739-8af0-4621-a1a1-aed48b4f7f71	Jordan		Zarqa							\N	\N	  	t	2	3.50	2025-09-01 06:15:38.448	2025-09-01 06:15:38.448
63f16218-0547-4a9d-997f-1a292b4d6226	Jordan		Aqaba			 	 	 	 	\N	\N	    	t	2	4.00	2025-09-01 06:15:38.718	2025-09-01 06:15:38.718
e2a84be2-5c5f-4389-a97f-98891b95f1de	Jordan		Zarqa							\N	\N	  	t	2	3.50	2025-09-01 06:15:38.448	2025-09-01 06:15:38.448
576d0b09-95ae-43d8-a4f2-4899bb8dfdac	Jordan		Zarqa							\N	\N	  	t	2	3.50	2025-09-01 06:15:38.448	2025-09-01 06:15:38.448
cd499da8-6adc-47ee-ad4b-e8da4f946098	Jordan		Aqaba							\N	\N	  	t	2	4.00	2025-09-01 06:15:38.718	2025-09-01 06:15:38.718
71bdfb28-ad4e-41b5-866b-50324c736a73	Jordan		Aqaba			 	 	 	 	\N	\N	    	t	2	4.00	2025-09-01 06:15:38.718	2025-09-01 06:15:38.718
45eb4a22-6888-41b8-8018-e424f63c9776	Jordan		Zarqa							\N	\N	  	t	2	3.50	2025-09-01 06:15:38.448	2025-09-01 06:15:38.448
28ca0b81-23db-4e5f-bf6d-0279e7462e45	Jordan		Aqaba							\N	\N	  	t	2	4.00	2025-09-01 06:15:38.718	2025-09-01 06:15:38.718
85b8ade2-8f59-4169-93f5-bd366831fb67	Jordan		Aqaba			 	 	 	 	\N	\N	    	t	2	4.00	2025-09-01 06:15:38.718	2025-09-01 06:15:38.718
592e77d9-3f9d-456b-be1b-81dc1882a119	Jordan		Aqaba			 	 	 	 	\N	\N	    	t	2	4.00	2025-09-01 06:15:38.718	2025-09-01 06:15:38.718
9204d01f-591c-4430-95c6-f5b6f9d962fa	Jordan		Aqaba			 	 	 	 	\N	\N	    	t	2	4.00	2025-09-01 06:15:38.718	2025-09-01 06:15:38.718
80887c64-581b-4d8d-968b-e0a04eaaece7	Jordan		Aqaba			 	 	 	 	\N	\N	    	t	2	4.00	2025-09-01 06:15:38.718	2025-09-01 06:15:38.718
5f60569d-2fef-45be-aea8-7b4cd513bb19	Jordan		Aqaba			 	 	 	 	\N	\N	    	t	2	4.00	2025-09-01 06:15:38.718	2025-09-01 06:15:38.718
e3b7d5ee-3448-442e-85c7-3382c947699e	Jordan		Aqaba			 	 	 	 	\N	\N	    	t	2	4.00	2025-09-01 06:15:38.718	2025-09-01 06:15:38.718
1ea36bb1-c78a-467e-98a8-73c560d5f9f8	Jordan		Aqaba			 	 	 	 	\N	\N	    	t	2	4.00	2025-09-01 06:15:38.718	2025-09-01 06:15:38.718
15ecb441-1f70-4ecf-bc64-b2ed7a20fd2c	Jordan		Aqaba			 	 	 	 	\N	\N	    	t	2	4.00	2025-09-01 06:15:38.718	2025-09-01 06:15:38.718
f6867f01-8433-4a37-9153-ef3aba25d319	Jordan		Aqaba			 - 	 - 	 - 	 - 	\N	\N	 -   -  	t	2	4.00	2025-09-01 06:15:38.718	2025-09-01 06:15:38.718
c62b3e01-1398-41ee-9ebb-2ee1a81e4cbd	Jordan		Zarqa							\N	\N	  	t	2	3.50	2025-09-01 06:15:38.448	2025-09-01 06:15:38.448
3896c16c-c9e1-48e7-935d-272eba4cc179	Jordan		Aqaba			  	  	  	  	\N	\N	      	t	2	4.00	2025-09-01 06:15:38.718	2025-09-01 06:15:38.718
86b42294-892a-4d25-ae17-6352ca68d278	Jordan		Aqaba			  	  	  	  	\N	\N	      	t	2	4.00	2025-09-01 06:15:38.718	2025-09-01 06:15:38.718
b9b23db2-ec26-4605-bd84-44d700419982	Jordan		Aqaba			 	 	 	 	\N	\N	    	t	2	4.00	2025-09-01 06:15:38.718	2025-09-01 06:15:38.718
f226ee28-2e95-4ee0-94df-e97a00492805	Jordan		Aqaba			 	 	 	 	\N	\N	    	t	2	4.00	2025-09-01 06:15:38.718	2025-09-01 06:15:38.718
335b85e9-2c45-411a-8ed2-e633710c2a71	Jordan		Aqaba			  	  	  	  	\N	\N	      	t	2	4.00	2025-09-01 06:15:38.718	2025-09-01 06:15:38.718
c5558b55-3df7-4441-b25e-131e60338c0f	Jordan		Aqaba			  	  	  	  	\N	\N	      	t	2	4.00	2025-09-01 06:15:38.718	2025-09-01 06:15:38.718
00750dce-bb2e-451b-935e-233d7b89567c	Jordan		Aqaba			  	  	  	  	\N	\N	      	t	2	4.00	2025-09-01 06:15:38.718	2025-09-01 06:15:38.718
de9b09b0-15c9-4eda-bccf-4f3e3f8d32ed	Jordan		Aqaba			  	  	  	  	\N	\N	      	t	2	4.00	2025-09-01 06:15:38.718	2025-09-01 06:15:38.718
4fc43a29-ee09-452b-acd5-1a6ba50d21c2	Jordan		Aqaba			 	 	 	 	\N	\N	    	t	2	4.00	2025-09-01 06:15:38.718	2025-09-01 06:15:38.718
ce11d21e-8044-477b-945b-3fec981956eb	Jordan		Aqaba			  	  	  	  	\N	\N	      	t	2	4.00	2025-09-01 06:15:38.718	2025-09-01 06:15:38.718
7bc351ce-c68b-47ef-98bf-6bbcdeb0249d	Jordan		Aqaba			 -   	 -   	 -   	 -   	\N	\N	 -     -    	t	2	4.00	2025-09-01 06:15:38.718	2025-09-01 06:15:38.718
3ac49b03-6901-49d7-9e95-cb266287f8aa	Jordan		Aqaba			  	  	  	  	\N	\N	      	t	2	4.00	2025-09-01 06:15:38.718	2025-09-01 06:15:38.718
d11a058c-6b15-450e-9f99-fcad56b03bee	Jordan		Amman							\N	\N	  	t	2	2.50	2025-09-01 06:15:38.448	2025-09-01 06:15:38.448
95d03c39-e1dc-44cf-8a4d-bf22b73b1c38	Jordan		Zarqa							\N	\N	  	t	2	3.50	2025-09-01 06:15:38.448	2025-09-01 06:15:38.448
daaecbfe-c455-45ac-a683-ff2d941148d9	Jordan		Irbid					 	 	\N	\N	   	t	2	3.00	2025-09-01 06:15:38.448	2025-09-01 06:15:38.448
1cb29284-af44-4e78-9c02-5796b0ce76db	Jordan		Zarqa							\N	\N	  	t	2	3.50	2025-09-01 06:15:38.448	2025-09-01 06:15:38.448
a801179e-e670-4124-b569-b61303596596	Jordan		Amman							\N	\N	  	t	2	3.00	2025-09-01 06:15:38.718	2025-09-01 06:15:38.718
2223ddc2-b775-42f0-8c86-63e8281f42c6	Jordan		Balqa							\N	\N	  	t	2	3.00	2025-09-01 06:15:38.448	2025-09-01 06:15:38.448
97928841-4abe-4af9-a95a-d2a09e7ba4ed	Jordan		Amman							\N	\N	  	t	2	2.50	2025-09-01 06:15:38.448	2025-09-01 06:15:38.448
21a32988-ef8d-43ba-b451-a100f96c4265	Jordan		Irbid							\N	\N	  	t	2	3.00	2025-09-01 06:15:38.448	2025-09-01 06:15:38.448
a25a2869-d0ec-4cc4-a34b-2be5ab1c47f2	Jordan		Zarqa							\N	\N	  	t	2	3.50	2025-09-01 06:15:38.448	2025-09-01 06:15:38.448
1a65af52-8a27-45cb-a46f-ccbe3a489f16	Jordan		Zarqa					   	   	\N	\N	     	t	2	3.50	2025-09-01 06:15:38.448	2025-09-01 06:15:38.448
5de2a9f5-ce59-4f1c-9f66-ffa91884d282	Jordan		Zarqa			-	-	-	-	\N	\N	- - 	t	2	3.50	2025-09-01 06:15:38.448	2025-09-01 06:15:38.448
5bb03d20-0771-48cb-80c3-6823e9870dbf	Jordan		Aqaba			 	 	 	 	\N	\N	    	t	2	4.00	2025-09-01 06:15:38.718	2025-09-01 06:15:38.718
7e60ef71-1077-4feb-8579-7bbc5919b9a2	Jordan		Amman					     	     	\N	\N	       	t	2	2.50	2025-09-01 06:15:38.448	2025-09-01 06:15:38.448
ddf2837b-fa7f-45b7-90cf-3d04a62cdef4	Jordan		Irbid					 	 	\N	\N	   	t	2	3.00	2025-09-01 06:15:38.961	2025-09-01 06:15:38.961
adc912a1-07b7-473c-85b3-53ffbb061dea	Jordan		Amman					  	  	\N	\N	    	t	2	2.50	2025-09-01 06:15:38.224	2025-09-01 06:15:38.224
5e0bd30e-f145-4063-bda4-a411ff634785	Jordan		Zarqa							\N	\N	  	t	2	3.50	2025-09-01 06:15:38.448	2025-09-01 06:15:38.448
b28b8730-c9e7-4258-b876-f7bda22cb2a9	Jordan		Amman							\N	\N	  	t	2	2.50	2025-09-01 06:15:38.224	2025-09-01 06:15:38.224
43015fb1-e695-401e-94f9-36ecf1fdbc58	Jordan		Zarqa							\N	\N	  	t	2	3.50	2025-09-01 06:15:38.448	2025-09-01 06:15:38.448
6ce69cca-4a7f-4852-8878-bb090716cc75	Jordan		Aqaba			 	 	 	 	\N	\N	    	t	2	4.00	2025-09-01 06:15:38.718	2025-09-01 06:15:38.718
d9450ccf-45f2-4ac5-ba09-dc6acf76619c	Jordan		Aqaba							\N	\N	  	t	2	4.00	2025-09-01 06:15:38.718	2025-09-01 06:15:38.718
4244ffa9-2c2c-45d4-9875-8a4dd79aa57d	Jordan		Aqaba							\N	\N	  	t	2	4.00	2025-09-01 06:15:38.718	2025-09-01 06:15:38.718
658cdf07-cb7e-4746-8e1e-5e043fa83875	Jordan		Irbid			 	 	 	 	\N	\N	    	t	2	3.00	2025-09-01 06:15:38.448	2025-09-01 06:15:38.448
ed04bb0a-e515-4087-aa84-c8d952bb5acf	Jordan		Amman			 	 	  	  	\N	\N	     	t	2	2.50	2025-09-01 06:15:38.224	2025-09-01 06:15:38.224
3d1a7d28-b584-4e6f-a78d-867c63c988ad	Jordan		Irbid			 	 	 	 	\N	\N	    	t	2	3.00	2025-09-01 06:15:38.448	2025-09-01 06:15:38.448
749fdb0d-d092-4424-92a4-57f3a03f5255	Jordan		Irbid							\N	\N	  	t	2	3.00	2025-09-01 06:15:38.961	2025-09-01 06:15:38.961
a920aa67-e7df-42e8-9848-86d7cc3990c2	Jordan		Irbid			 	 	 	 	\N	\N	    	t	2	3.00	2025-09-01 06:15:38.961	2025-09-01 06:15:38.961
dd8d7862-bead-4322-bae9-1c24b1250f40	Jordan		Zarqa							\N	\N	  	t	2	3.50	2025-09-01 06:15:38.448	2025-09-01 06:15:38.448
1e0e8592-eaae-4acb-a2d1-2c567b968422	Jordan		Zarqa					  	  	\N	\N	    	t	2	3.50	2025-09-01 06:15:38.448	2025-09-01 06:15:38.448
aec6af04-c492-4e93-a224-494ad2dcaeda	Jordan		Irbid							\N	\N	  	t	2	3.00	2025-09-01 06:15:38.448	2025-09-01 06:15:38.448
2b4e878f-89b2-43dc-a60f-ff84df2bb982	Jordan		Amman							\N	\N	  	t	2	2.50	2025-09-01 06:15:38.448	2025-09-01 06:15:38.448
de08ff6e-62d6-40f0-8e3e-bd67a7942671	Jordan		Irbid					  	  	\N	\N	    	t	2	3.00	2025-09-01 06:15:38.448	2025-09-01 06:15:38.448
01a588dc-e4e2-469c-8d6d-e3dd0b3a239e	Jordan		Irbid			 	 	 	 	\N	\N	    	t	2	3.00	2025-09-01 06:15:38.448	2025-09-01 06:15:38.448
e5ca21bf-7c1b-41bb-b277-d97488c343b7	Jordan		Zarqa			 	 	 	 	\N	\N	    	t	2	3.50	2025-09-01 06:15:38.448	2025-09-01 06:15:38.448
22cb2ee3-dd70-42a5-9083-96bb4a411439	Jordan		Irbid					 	 	\N	\N	   	t	2	3.00	2025-09-01 06:15:38.448	2025-09-01 06:15:38.448
79efc0d9-fe33-469e-9fe9-c4dba2197d83	Jordan		Amman					 	 	\N	\N	   	t	2	2.50	2025-09-01 06:15:38.224	2025-09-01 06:15:38.224
fa181c92-44ec-428b-b285-784da51ad84f	Jordan		Zarqa							\N	\N	  	t	2	3.50	2025-09-01 06:15:38.448	2025-09-01 06:15:38.448
6cada5f0-6603-47f0-afab-e7633d9f0c24	Jordan		Zarqa			 	 	 	 	\N	\N	    	t	2	3.50	2025-09-01 06:15:38.448	2025-09-01 06:15:38.448
8641929a-62e4-430b-91a6-ca1b2513f1a1	Jordan		Irbid					  	  	\N	\N	    	t	2	3.00	2025-09-01 06:15:38.448	2025-09-01 06:15:38.448
c554caaf-f70c-4982-88bf-ce3178530407	Jordan		Aqaba			  ()	  ()	  ()	  ()	\N	\N	  ()   () 	t	2	4.00	2025-09-01 06:15:38.718	2025-09-01 06:15:38.718
47a5a2e3-e51e-4a2e-9704-36680c4bfe10	Jordan		Irbid					 	 	\N	\N	   	t	2	3.00	2025-09-01 06:15:38.448	2025-09-01 06:15:38.448
1837c09f-92cd-4e81-941e-47aa5684b8b3	Jordan		Irbid							\N	\N	  	t	2	3.00	2025-09-01 06:15:38.448	2025-09-01 06:15:38.448
cb3a5f6f-a1da-4412-9d52-17252a28807b	Jordan		Irbid							\N	\N	  	t	2	3.00	2025-09-01 06:15:38.448	2025-09-01 06:15:38.448
445d7e6c-cc9c-4c06-9337-d9dacad9e21b	Jordan		Amman			 	 	  	  	\N	\N	     	t	2	2.50	2025-09-01 06:15:38.224	2025-09-01 06:15:38.224
6f415adb-d3c5-426e-9382-a7eea34db7fb	Jordan		Amman			 	 	 	 	\N	\N	    	t	1	2.50	2025-09-01 06:15:38.224	2025-09-01 06:15:38.224
527d962f-d33f-40b8-9e9f-6a5ada95bf1f	Jordan		Zarqa					  	  	\N	\N	    	t	2	3.50	2025-09-01 06:15:38.448	2025-09-01 06:15:38.448
67ee8d78-36d3-4870-9dab-3f7e3a6212b4	Jordan		Amman					   	   	\N	\N	     	t	2	2.50	2025-09-01 06:15:38.448	2025-09-01 06:15:38.448
2558d5f0-896a-46c2-b1d3-c97d0d04f148	Jordan		Aqaba			 	 	 	 	\N	\N	    	t	2	4.00	2025-09-01 06:15:38.718	2025-09-01 06:15:38.718
06d5d11a-b071-4c96-b048-ce7d97a06467	Jordan		Aqaba			 	 	 	 	\N	\N	    	t	2	4.00	2025-09-01 06:15:38.718	2025-09-01 06:15:38.718
24fb07e9-fd34-40ba-8e91-f191df588970	Jordan		Aqaba			 	 	 	 	\N	\N	    	t	2	4.00	2025-09-01 06:15:38.718	2025-09-01 06:15:38.718
430a288f-6d6e-4ff3-91a8-d0e58437e195	Jordan		Zarqa			 	 	 	 	\N	\N	    	t	2	3.50	2025-09-01 06:15:38.448	2025-09-01 06:15:38.448
67f9d6ec-01d8-491a-855a-e358fd1f584c	Jordan		Amman					 	 	\N	\N	   	t	2	2.50	2025-09-01 06:15:38.448	2025-09-01 06:15:38.448
e2c52e53-1912-4d4d-b658-d5e74f283147	Jordan		Irbid					 	 	\N	\N	   	t	2	3.00	2025-09-01 06:15:38.448	2025-09-01 06:15:38.448
05b2c8b4-a451-4272-b8f6-f1043145b158	Jordan		Amman			 	 	 	 	\N	\N	    	t	2	2.50	2025-09-01 06:15:38.224	2025-09-01 06:15:38.224
3ea6f112-4069-4778-90f1-911b3370d60a	Jordan		Amman			 	 	  	  	\N	\N	     	t	2	2.50	2025-09-01 06:15:38.448	2025-09-01 06:15:38.448
7f4cca15-6ebe-4a83-8628-17829a5e0c95	Jordan		Amman			 	 	 	 	\N	\N	    	t	2	2.50	2025-09-01 06:15:38.448	2025-09-01 06:15:38.448
49d5dde7-b76d-41ab-acd2-563c3e0ec108	Jordan		Amman			 	 	 	 	\N	\N	    	t	2	2.50	2025-09-01 06:15:38.448	2025-09-01 06:15:38.448
2165bb42-0f12-4a7b-bd46-63a25a9287e5	Jordan		Amman			 	 	 	 	\N	\N	    	t	2	2.50	2025-09-01 06:15:38.224	2025-09-01 06:15:38.224
85971fbd-8cd5-4af6-98a5-8851d333b5b1	Jordan		Zarqa			 	 	    	    	\N	\N	       	t	2	3.50	2025-09-01 06:15:38.448	2025-09-01 06:15:38.448
59860762-61a3-41e8-b4f5-04b3a8926ca2	Jordan		Amman			 	 	   	   	\N	\N	      	t	2	2.50	2025-09-01 06:15:38.448	2025-09-01 06:15:38.448
ba6f65ed-5724-4d44-a585-b83a646bb50c	Jordan		Amman			 	 	 	 	\N	\N	    	t	2	2.50	2025-09-01 06:15:38.448	2025-09-01 06:15:38.448
3036bb11-e9a7-4f5f-8089-964e55f3b910	Jordan		Irbid							\N	\N	  	t	2	3.00	2025-09-01 06:15:38.448	2025-09-01 06:15:38.448
004b692c-09bb-48b5-af4a-d572fd32e994	Jordan		Aqaba			 - 	 - 	 - 	 - 	\N	\N	 -   -  	t	2	4.00	2025-09-01 06:15:38.718	2025-09-01 06:15:38.718
b87af2d1-5313-4eae-9903-e6c01c37152c	Jordan		Irbid			 	 	 	 	\N	\N	    	t	2	3.00	2025-09-01 06:15:38.448	2025-09-01 06:15:38.448
cdf3dd9c-63e0-414f-ab45-bd07bcf0fe52	Jordan		Amman			 	 	 	 	\N	\N	    	t	2	2.50	2025-09-01 06:15:38.448	2025-09-01 06:15:38.448
54d5f8ed-366b-448a-8a4f-3b8b947a5769	Jordan		Irbid							\N	\N	  	t	2	3.00	2025-09-01 06:15:38.448	2025-09-01 06:15:38.448
2fdfff23-2be1-4d26-b324-2d2d7d89bd79	Jordan		Irbid			 	 	 	 	\N	\N	    	t	2	3.00	2025-09-01 06:15:38.961	2025-09-01 06:15:38.961
51da2ea2-9add-4ed1-8569-19a2f109593b	Jordan		Irbid			 	 	 	 	\N	\N	    	t	2	3.00	2025-09-01 06:15:38.448	2025-09-01 06:15:38.448
d372d042-6ed5-42b4-8423-81cf2a3c8b0a	Jordan		Zarqa					   	   	\N	\N	     	t	2	3.50	2025-09-01 06:15:38.448	2025-09-01 06:15:38.448
1f021507-d0ff-40de-a95d-66e16589a976	Jordan		Aqaba							\N	\N	  	t	2	4.00	2025-09-01 06:15:38.718	2025-09-01 06:15:38.718
9f7adbbb-16da-4793-9c49-9c9c49152d5c	Jordan		Irbid							\N	\N	  	t	2	3.00	2025-09-01 06:15:38.961	2025-09-01 06:15:38.961
7f5928bd-d984-4ac8-a795-e51eca2e7b6d	Jordan		Amman			 	 	 	 	\N	\N	    	t	2	2.50	2025-09-01 06:15:38.224	2025-09-01 06:15:38.224
7ecdd505-8afc-4e48-9a4a-3b8e4b5c02d1	Jordan		Aqaba			  	  	  	  	\N	\N	      	t	2	4.00	2025-09-01 06:15:38.718	2025-09-01 06:15:38.718
2f67f204-70d8-40dd-a4b4-0c6a7f19cad6	Jordan		Zarqa			  	  	  	  	\N	\N	      	t	2	3.50	2025-09-01 06:15:38.448	2025-09-01 06:15:38.448
5fc402f0-560e-4073-88b9-cd2a5b03426a	Jordan		Irbid			  	  	  	  	\N	\N	      	t	2	3.00	2025-09-01 06:15:38.448	2025-09-01 06:15:38.448
f0af32a0-e22e-4658-99c2-d848dea8117a	Jordan		Amman							\N	\N	  	t	2	2.50	2025-09-01 06:15:38.224	2025-09-01 06:15:38.224
110fa64b-d663-4abe-b3ea-4ed2bac59a41	Jordan		Zarqa			  	  	  	  	\N	\N	      	t	2	3.50	2025-09-01 06:15:38.448	2025-09-01 06:15:38.448
5ef50496-8f6c-47df-b9ca-e615c82ec933	Jordan		Zarqa			  	  	  	  	\N	\N	      	t	2	3.50	2025-09-01 06:15:38.448	2025-09-01 06:15:38.448
92e10160-440e-4d0a-8525-942ebd9d25ef	Jordan		Amman			 	 	  	  	\N	\N	     	t	2	2.50	2025-09-01 06:15:38.224	2025-09-01 06:15:38.224
66a9ac7d-e9ee-4977-884d-a7057843452a	Jordan		Amman			 	 	 	 	\N	\N	    	t	2	2.50	2025-09-01 06:15:38.448	2025-09-01 06:15:38.448
107285b5-f32d-4612-b504-ed9ed4609974	Jordan		Amman			 	 	 	 	\N	\N	    	t	2	2.50	2025-09-01 06:15:38.224	2025-09-01 06:15:38.224
b583d4f4-3925-4147-a14f-efa15312f62b	Jordan		Zarqa			 -	 -	 -	 -	\N	\N	 -  - 	t	2	3.50	2025-09-01 06:15:38.448	2025-09-01 06:15:38.448
24a06f76-f64e-4e82-8809-f6ee85236848	Jordan		Amman			 	 	 	 	\N	\N	    	t	2	2.50	2025-09-01 06:15:38.224	2025-09-01 06:15:38.224
ec3084c9-eb92-4de8-8820-f7337f70995f	Jordan		Amman			 	 	   	   	\N	\N	      	t	2	2.50	2025-09-01 06:15:38.224	2025-09-01 06:15:38.224
618ecd06-e926-4126-8756-cf0ea336069a	Jordan		Zarqa			 	 	 	 	\N	\N	    	t	2	3.50	2025-09-01 06:15:38.448	2025-09-01 06:15:38.448
92e54e46-a040-4c5b-927c-924b122479ff	Jordan		Amman			 	 	 	 	\N	\N	    	t	2	2.50	2025-09-01 06:15:38.224	2025-09-01 06:15:38.224
63f6c4b7-c967-4d8b-8dfa-2531f2ca1fcd	Jordan		Amman			 	 	 	 	\N	\N	    	t	2	2.50	2025-09-01 06:15:38.448	2025-09-01 06:15:38.448
5d46b089-aca6-405f-ade3-0d784203e378	Jordan		Zarqa			 	 	 	 	\N	\N	    	t	2	3.50	2025-09-01 06:15:38.448	2025-09-01 06:15:38.448
3512cbc2-1ada-440b-9f26-4c765609d720	Jordan		Amman			   	   	 	 	\N	\N	      	t	2	2.50	2025-09-01 06:15:38.224	2025-09-01 06:15:38.224
460a1c6f-784e-4b8f-aa89-52bb9db873d4	Jordan		Amman			   	   	  	  	\N	\N	       	t	2	2.50	2025-09-01 06:15:38.224	2025-09-01 06:15:38.224
74efd03a-ca7a-4fae-984f-532a3106037e	Jordan		Amman			   	   	 	 	\N	\N	      	t	2	2.50	2025-09-01 06:15:38.224	2025-09-01 06:15:38.224
4dcd6bfb-870a-499e-b4aa-82dd7c1215de	Jordan		Irbid							\N	\N	  	t	2	3.00	2025-09-01 06:15:38.961	2025-09-01 06:15:38.961
0bdc500a-42b6-477c-9999-17a61ca87098	Jordan		Irbid					  	  	\N	\N	    	t	2	3.00	2025-09-01 06:15:38.448	2025-09-01 06:15:38.448
77a431c9-f779-4d6e-9962-e741eea13f7c	Jordan		Jerash							\N	\N	  	t	2	3.00	2025-09-01 06:15:38.718	2025-09-01 06:15:38.718
1d54f9fa-b9e7-4208-8e68-a8e2c67307df	Jordan		Zarqa							\N	\N	  	t	2	3.50	2025-09-01 06:15:38.448	2025-09-01 06:15:38.448
59be16f9-4cf6-4459-a02c-2b1830f15e6b	Jordan		Zarqa			 -  	 -  	 -  	 -  	\N	\N	 -    -   	t	2	3.50	2025-09-01 06:15:38.448	2025-09-01 06:15:38.448
3e0e469b-6761-4eb3-8cb5-4a5722892a61	Jordan		Irbid							\N	\N	  	t	2	3.00	2025-09-01 06:15:38.448	2025-09-01 06:15:38.448
a8aa1dda-1428-4b62-9802-c95d94db8290	Jordan		Aqaba			 	 	 	 	\N	\N	    	t	2	4.00	2025-09-01 06:15:38.718	2025-09-01 06:15:38.718
4735ff4c-498a-40a6-a556-6adb512e32d0	Jordan		Aqaba			  	  	  	  	\N	\N	      	t	2	4.00	2025-09-01 06:15:38.718	2025-09-01 06:15:38.718
cd7074c3-7208-4192-9f84-a85bd45202b4	Jordan		Zarqa					   	   	\N	\N	     	t	2	3.50	2025-09-01 06:15:38.448	2025-09-01 06:15:38.448
70ab437a-9080-4381-a921-d8425a15c369	Jordan		Irbid			  	  	  	  	\N	\N	      	t	2	3.00	2025-09-01 06:15:38.448	2025-09-01 06:15:38.448
89db6664-7c2c-45a7-af55-f9de398063c3	Jordan		Irbid							\N	\N	  	t	2	3.00	2025-09-01 06:15:38.961	2025-09-01 06:15:38.961
7680590f-daa4-4edb-b508-65d7cfc1051c	Jordan		Amman							\N	\N	  	t	2	2.50	2025-09-01 06:15:38.448	2025-09-01 06:15:38.448
c8669cec-a7e6-47c4-845c-88c6145e7978	Jordan		Irbid							\N	\N	  	t	2	3.00	2025-09-01 06:15:38.448	2025-09-01 06:15:38.448
4cec6a26-c643-49f9-a991-b2c3f8ccd2d0	Jordan		Irbid					   	   	\N	\N	     	t	2	3.00	2025-09-01 06:15:38.448	2025-09-01 06:15:38.448
e0b600d9-b7ba-42f2-9990-b1eeae77ce47	Jordan		Irbid							\N	\N	  	t	2	3.00	2025-09-01 06:15:38.448	2025-09-01 06:15:38.448
dd98a0ac-a388-49e0-aee2-fc07468fd947	Jordan		Irbid							\N	\N	  	t	2	3.00	2025-09-01 06:15:38.961	2025-09-01 06:15:38.961
3078b5a6-c739-4750-83c8-43250e3fc218	Jordan		Irbid			 	 	    	    	\N	\N	       	t	2	3.00	2025-09-01 06:15:38.448	2025-09-01 06:15:38.448
453f89b2-bedb-4135-b9ef-27a8c53ce891	Jordan		Zarqa			 	 	 	 	\N	\N	    	t	2	3.50	2025-09-01 06:15:38.448	2025-09-01 06:15:38.448
a0a64789-6925-4700-a55d-b31655921115	Jordan		Irbid			 	 	   	   	\N	\N	      	t	2	3.00	2025-09-01 06:15:38.448	2025-09-01 06:15:38.448
2d75985e-6874-482e-9df1-034d43b3a0fb	Jordan		Irbid			 	 	 	 	\N	\N	    	t	2	3.00	2025-09-01 06:15:38.448	2025-09-01 06:15:38.448
4b8deb03-069e-4f13-bb01-daf1b61275ab	Jordan		Zarqa			  	  	   	   	\N	\N	       	t	2	3.50	2025-09-01 06:15:38.448	2025-09-01 06:15:38.448
40e3f5ee-c62e-4a9c-afdf-fd18e3a754d3	Jordan		Zarqa			  	  	 	 	\N	\N	     	t	2	3.50	2025-09-01 06:15:38.448	2025-09-01 06:15:38.448
d0ebc818-e531-4d67-a6cb-92f7c7c225c3	Jordan		Irbid			 	 	 	 	\N	\N	    	t	2	3.00	2025-09-01 06:15:38.448	2025-09-01 06:15:38.448
fb474080-79e9-4827-833c-0e956d45fd34	Jordan		Irbid			 	 	 	 	\N	\N	    	t	2	3.00	2025-09-01 06:15:38.448	2025-09-01 06:15:38.448
488b63e3-7f2d-4ded-9e35-723687beea55	Jordan		Amman			 	 	 	 	\N	\N	    	t	2	2.50	2025-09-01 06:15:38.224	2025-09-01 06:15:38.224
a10b8324-7ce5-4dc3-b582-de9c139db180	Jordan		Zarqa			 	 	 	 	\N	\N	    	t	2	3.50	2025-09-01 06:15:38.448	2025-09-01 06:15:38.448
ed0394f9-402a-4087-989e-20c5b420009e	Jordan		Zarqa			 	 	 	 	\N	\N	    	t	2	3.50	2025-09-01 06:15:38.448	2025-09-01 06:15:38.448
6d516356-b337-4147-ade6-6ea24cdd31fa	Jordan		Amman			 	 	 	 	\N	\N	    	t	2	2.50	2025-09-01 06:15:38.448	2025-09-01 06:15:38.448
354ead02-e796-4821-9972-62d1da8b18a8	Jordan		Zarqa			 -	 -	 	 	\N	\N	   - 	t	2	3.50	2025-09-01 06:15:38.448	2025-09-01 06:15:38.448
85e77161-4f0e-42a8-a686-cc528cfb7a8b	Jordan		Irbid			 	 	 	 	\N	\N	    	t	2	3.00	2025-09-01 06:15:38.961	2025-09-01 06:15:38.961
bb16992d-b5c3-4171-9790-9e8cdc030d35	Jordan		Irbid			 	 	 	 	\N	\N	    	t	2	3.00	2025-09-01 06:15:38.448	2025-09-01 06:15:38.448
e483a954-d90d-402a-96f7-89e18226fa79	Jordan		Irbid			 	 	 	 	\N	\N	    	t	2	3.00	2025-09-01 06:15:38.448	2025-09-01 06:15:38.448
59ceb62d-7dd0-4d5a-bcf7-af50ab3097ca	Jordan		Zarqa			 	 	 	 	\N	\N	    	t	2	3.50	2025-09-01 06:15:38.448	2025-09-01 06:15:38.448
aad0f99d-b861-489a-bd1e-4157f104797e	Jordan		Zarqa			 	 	    	    	\N	\N	       	t	2	3.50	2025-09-01 06:15:38.448	2025-09-01 06:15:38.448
fca0f67c-492d-42f4-afed-ab19fc5eca22	Jordan		Irbid			 	 	 	 	\N	\N	    	t	2	3.00	2025-09-01 06:15:38.448	2025-09-01 06:15:38.448
11636662-a1fb-4006-ba6f-6d043ddbb1a0	Jordan		Zarqa			  	  	  	  	\N	\N	      	t	2	3.50	2025-09-01 06:15:38.448	2025-09-01 06:15:38.448
72c349b3-0843-404f-bfdf-3341f8fc9719	Jordan		Zarqa			 	 	 	 	\N	\N	    	t	2	3.50	2025-09-01 06:15:38.448	2025-09-01 06:15:38.448
84abbb33-1437-46f3-8195-02bbd77b24b5	Jordan		Zarqa			 	 	 	 	\N	\N	    	t	2	3.50	2025-09-01 06:15:38.448	2025-09-01 06:15:38.448
512abe72-aa12-4788-be2f-edf048860118	Jordan		Zarqa			 	 	  	  	\N	\N	     	t	2	3.50	2025-09-01 06:15:38.448	2025-09-01 06:15:38.448
8359811c-a43e-4aed-93cd-0078970e5450	Jordan		Irbid			 	 	 	 	\N	\N	    	t	2	3.00	2025-09-01 06:15:38.448	2025-09-01 06:15:38.448
efea9fdf-cd07-4cf7-91e0-5cef41f9606a	Jordan		Irbid			 	 	 	 	\N	\N	    	t	2	3.00	2025-09-01 06:15:38.448	2025-09-01 06:15:38.448
46440777-72a9-49a4-b632-f77f15047594	Jordan		Amman			 	 	 	 	\N	\N	    	t	2	2.50	2025-09-01 06:15:38.448	2025-09-01 06:15:38.448
cab3082f-7f07-471c-a666-0f90af838803	Jordan		Irbid			 	 	 	 	\N	\N	    	t	2	3.00	2025-09-01 06:15:38.448	2025-09-01 06:15:38.448
bf7d31c5-6967-44dc-aedc-034503e95d9a	Jordan		Irbid							\N	\N	  	t	2	3.00	2025-09-01 06:15:38.448	2025-09-01 06:15:38.448
239a24ea-1f2f-46f3-af90-cf9940946fb5	Jordan		Amman			    	    	  911	  911	\N	\N	  911      	t	2	2.50	2025-09-01 06:15:38.448	2025-09-01 06:15:38.448
e0e07c22-7f17-4a0e-81c9-321ec4b2376f	Jordan		Amman					 	 	\N	\N	   	t	2	2.50	2025-09-01 06:15:38.224	2025-09-01 06:15:38.224
fb4a81fa-bdf6-4403-be2d-3ffe8f4142bc	Jordan		Irbid			 	 	 	 	\N	\N	    	t	2	3.00	2025-09-01 06:15:38.448	2025-09-01 06:15:38.448
d5f74eda-24d5-486a-842e-010dbb1b3d36	Jordan		Zarqa							\N	\N	  	t	2	3.50	2025-09-01 06:15:38.448	2025-09-01 06:15:38.448
9e63b7c6-7ad8-439c-bc13-eb8a3c874b88	Jordan		Amman					 	 	\N	\N	   	t	2	2.50	2025-09-01 06:15:38.224	2025-09-01 06:15:38.224
09385806-5702-48ac-a36a-e4540ad1b081	Jordan		Irbid			 	 	 	 	\N	\N	    	t	2	3.00	2025-09-01 06:15:38.448	2025-09-01 06:15:38.448
b649ddf5-ed1d-4297-b0d0-bf3847ab26d8	Jordan		Irbid			 	 	 	 	\N	\N	    	t	2	3.00	2025-09-01 06:15:38.448	2025-09-01 06:15:38.448
cbd1c14b-2a2c-4524-b3d6-ffdfb81267c2	Jordan		Irbid			 	 	 	 	\N	\N	    	t	2	3.00	2025-09-01 06:15:38.448	2025-09-01 06:15:38.448
ebd3c21b-cfc3-48c4-8cf6-b12263f5c7c2	Jordan		Irbid			 	 	 	 	\N	\N	    	t	2	3.00	2025-09-01 06:15:38.448	2025-09-01 06:15:38.448
10e121b6-4777-4375-8688-808e65f9429e	Jordan		Irbid			 	 	 	 	\N	\N	    	t	2	3.00	2025-09-01 06:15:38.448	2025-09-01 06:15:38.448
b77e554b-f3e6-42a9-b240-dfdfa7fb68e0	Jordan		Irbid			 	 	 	 	\N	\N	    	t	2	3.00	2025-09-01 06:15:38.448	2025-09-01 06:15:38.448
0f57e3b6-88f8-4314-bb9c-6df21c121cb0	Jordan		Irbid			 	 	 	 	\N	\N	    	t	2	3.00	2025-09-01 06:15:38.448	2025-09-01 06:15:38.448
e36a9ace-c4ce-4166-8998-49ed9696a4b8	Jordan		Irbid			 	 	 	 	\N	\N	    	t	2	3.00	2025-09-01 06:15:38.448	2025-09-01 06:15:38.448
61e73334-4cd9-43f4-bfb8-7f50bec8a588	Jordan		Irbid			 	 	 	 	\N	\N	    	t	2	3.00	2025-09-01 06:15:38.448	2025-09-01 06:15:38.448
3ed9d11a-1478-4fbe-bfed-f99aff39a1e0	Jordan		Irbid			 	 	 	 	\N	\N	    	t	2	3.00	2025-09-01 06:15:38.448	2025-09-01 06:15:38.448
40921a3b-be76-4322-927a-23e4c33e3a1b	Jordan		Irbid			 	 	 	 	\N	\N	    	t	2	3.00	2025-09-01 06:15:38.448	2025-09-01 06:15:38.448
f5085bba-9bf2-48ba-8667-68bea26387b6	Jordan		Irbid			  	  	  	  	\N	\N	      	t	2	3.00	2025-09-01 06:15:38.448	2025-09-01 06:15:38.448
658002f1-4227-4ea6-a46b-20815676cb53	Jordan		Irbid			 	 	 	 	\N	\N	    	t	2	3.00	2025-09-01 06:15:38.448	2025-09-01 06:15:38.448
76418978-0cf3-4257-a115-0c57f3975454	Jordan		Zarqa							\N	\N	  	t	2	3.50	2025-09-01 06:15:38.448	2025-09-01 06:15:38.448
78f24cb1-f03c-49f2-be61-b3e312fd161d	Jordan		Irbid			  	  	  	  	\N	\N	      	t	2	3.00	2025-09-01 06:15:38.961	2025-09-01 06:15:38.961
b0379603-91ea-4421-8df1-99ef8ab1587f	Jordan		Irbid			 	 	 	 	\N	\N	    	t	2	3.00	2025-09-01 06:15:38.961	2025-09-01 06:15:38.961
e26427b4-0ea9-4cdb-b516-12ab81b4c8f7	Jordan		Amman			 	 	  	  	\N	\N	     	t	2	2.50	2025-09-01 06:15:38.224	2025-09-01 06:15:38.224
5d365144-d89c-44e9-8d1d-e1dc42ca631d	Jordan		Amman			 	 	    	    	\N	\N	       	t	2	2.50	2025-09-01 06:15:38.224	2025-09-01 06:15:38.224
c43cd895-6635-4c48-a43b-3892c9d7e23b	Jordan		Zarqa			 	 	 	 	\N	\N	    	t	2	3.50	2025-09-01 06:15:38.448	2025-09-01 06:15:38.448
adb989b2-0416-416e-b1bc-18e23a65e173	Jordan		Zarqa					  	  	\N	\N	    	t	2	3.50	2025-09-01 06:15:38.448	2025-09-01 06:15:38.448
e83f8a14-010d-4caf-8810-d77de3605aa6	Jordan		Zarqa					 	 	\N	\N	   	t	2	3.50	2025-09-01 06:15:38.448	2025-09-01 06:15:38.448
bda47c97-1069-4d75-b26f-ce0610a5d9e9	Jordan		Irbid							\N	\N	  	t	2	3.00	2025-09-01 06:15:38.448	2025-09-01 06:15:38.448
a1383afc-5b00-40ea-9d8b-44b22419bf2d	Jordan		Irbid							\N	\N	  	t	2	3.00	2025-09-01 06:15:38.961	2025-09-01 06:15:38.961
17c459d4-7bf9-4871-9746-b86f5081c001	Jordan		Aqaba			 4	 4	 4	 4	\N	\N	 4  4 	t	2	4.00	2025-09-01 06:15:38.718	2025-09-01 06:15:38.718
38b9073b-0655-48ed-8c3c-079ddb46098f	Jordan		Amman							\N	\N	  	t	2	2.50	2025-09-01 06:15:38.448	2025-09-01 06:15:38.448
052e8e9d-3ef9-4be0-a864-326738465402	Jordan		Irbid							\N	\N	  	t	2	3.00	2025-09-01 06:15:38.961	2025-09-01 06:15:38.961
2c32b25c-b94f-4f04-8244-036fb4a12c23	Jordan		Irbid							\N	\N	  	t	2	3.00	2025-09-01 06:15:38.961	2025-09-01 06:15:38.961
1ed94ed8-1075-467a-b5cd-0b724d9eaf00	Jordan		Aqaba			 	 	 	 	\N	\N	    	t	2	4.00	2025-09-01 06:15:38.718	2025-09-01 06:15:38.718
7acd93bd-6f70-480e-b102-715f17a0e351	Jordan		Zarqa			 16	 16	 16	 16	\N	\N	 16  16 	t	2	3.50	2025-09-01 06:15:38.448	2025-09-01 06:15:38.448
3d590221-8df9-42ca-903c-9054f7369c0a	Jordan		Zarqa			 26	 26	 26	 26	\N	\N	 26  26 	t	2	3.50	2025-09-01 06:15:38.448	2025-09-01 06:15:38.448
a6f86cd2-547f-4883-8a0d-146fcab62018	Jordan		Zarqa			 36	 36	 36	 36	\N	\N	 36  36 	t	2	3.50	2025-09-01 06:15:38.448	2025-09-01 06:15:38.448
5ec42074-b000-4c88-8790-039a190f3f41	Jordan		Amman			 	 	 	 	\N	\N	    	t	2	2.50	2025-09-01 06:15:38.448	2025-09-01 06:15:38.448
2691e6db-b8f9-4c4d-8f1c-61e97713df88	Jordan		Irbid			 	 	 	 	\N	\N	    	t	2	3.00	2025-09-01 06:15:38.448	2025-09-01 06:15:38.448
9c146950-a6e9-4424-b7c8-18b11af396fb	Jordan		Irbid			 	 	 	 	\N	\N	    	t	2	3.00	2025-09-01 06:15:38.448	2025-09-01 06:15:38.448
92197960-fe60-46a4-b412-59e7391aec99	Jordan		Irbid			 	 	 	 	\N	\N	    	t	2	3.00	2025-09-01 06:15:38.448	2025-09-01 06:15:38.448
b47159e2-88cb-4e17-985b-b0f28850bf72	Jordan		Zarqa			 	 	 	 	\N	\N	    	t	2	3.50	2025-09-01 06:15:38.448	2025-09-01 06:15:38.448
93ccc06f-ac1e-4e99-96f3-926d38c64943	Jordan		Zarqa			 	 	 	 	\N	\N	    	t	2	3.50	2025-09-01 06:15:38.448	2025-09-01 06:15:38.448
fc590215-8898-41d9-b56e-22add6d6f269	Jordan		Irbid			 	 	 	 	\N	\N	    	t	2	3.00	2025-09-01 06:15:38.448	2025-09-01 06:15:38.448
9e7805d9-fe3f-456b-adc9-b4bb43ab7a2b	Jordan		Aqaba			  ()	  ()	  ()	  ()	\N	\N	  ()   () 	t	2	4.00	2025-09-01 06:15:38.718	2025-09-01 06:15:38.718
1ed7aaab-4c6a-44b2-bdf5-64fc52b3ab51	Jordan		Irbid			 	 	 	 	\N	\N	    	t	2	3.00	2025-09-01 06:15:38.448	2025-09-01 06:15:38.448
2ff58e8c-b1e9-4a81-b713-7ffbc4d42a37	Jordan		Amman			  	  	 	 	\N	\N	     	t	2	2.50	2025-09-01 06:15:38.224	2025-09-01 06:15:38.224
e0459f20-07a0-4083-9c98-661c3bf2d048	Jordan		Zarqa			 	 	 	 	\N	\N	    	t	2	3.50	2025-09-01 06:15:38.448	2025-09-01 06:15:38.448
e92f3ba8-03c8-4e55-aa73-d3e7dadb503b	Jordan		Irbid			 	 	 	 	\N	\N	    	t	2	3.00	2025-09-01 06:15:38.448	2025-09-01 06:15:38.448
6b99d2a6-6805-44fe-a854-3e2be716be9a	Jordan		Amman			  	  	  	  	\N	\N	      	t	2	2.50	2025-09-01 06:15:38.224	2025-09-01 06:15:38.224
69fad4bd-e48b-41b3-9fbe-ca5fb8656a12	Jordan		Irbid			 	 	 	 	\N	\N	    	t	2	3.00	2025-09-01 06:15:38.448	2025-09-01 06:15:38.448
f087a013-e976-4296-942d-7be95abec147	Jordan		Irbid			 	 	 	 	\N	\N	    	t	2	3.00	2025-09-01 06:15:38.448	2025-09-01 06:15:38.448
d79f7515-570c-4df1-a084-1faf5bdbcd26	Jordan		Amman			 	 	 	 	\N	\N	    	t	2	2.50	2025-09-01 06:15:38.224	2025-09-01 06:15:38.224
0709eec6-df1a-462a-9370-fd76091d9d2d	Jordan		Aqaba			  	  	  	  	\N	\N	      	t	2	4.00	2025-09-01 06:15:38.718	2025-09-01 06:15:38.718
14ddcae7-c9ad-4002-bd7e-1adad24c43d1	Jordan		Irbid							\N	\N	  	t	2	3.00	2025-09-01 06:15:38.961	2025-09-01 06:15:38.961
9662bd8a-0f8f-4bca-817a-7f2c93220a00	Jordan		Amman			 	 	   	   	\N	\N	      	t	2	2.50	2025-09-01 06:15:38.224	2025-09-01 06:15:38.224
50bbc887-fd88-4985-90e7-667e98ecd601	Jordan		Aqaba			  - 	  - 	  - 	  - 	\N	\N	  -    -  	t	1	3.50	2025-09-01 06:15:38.718	2025-09-01 06:15:38.718
ebd17416-4a6a-46c2-903f-0cd6e896ef94	Jordan		Amman			 	 	 	 	\N	\N	    	t	2	2.50	2025-09-01 06:15:38.448	2025-09-01 06:15:38.448
9aec51de-3ad5-4615-9dab-a3977f25c598	Jordan		Irbid			 	 	 	 	\N	\N	    	t	2	3.00	2025-09-01 06:15:38.448	2025-09-01 06:15:38.448
e2fa464a-e0b9-4da5-808e-be6a4b4f624c	Jordan		Zarqa							\N	\N	  	t	2	3.50	2025-09-01 06:15:38.448	2025-09-01 06:15:38.448
0ab0cc24-5fbf-47cd-ab2a-45bba0aca83f	Jordan		Aqaba			 	 	 	 	\N	\N	    	t	2	4.00	2025-09-01 06:15:38.718	2025-09-01 06:15:38.718
f77f6d06-4a53-463b-8b39-093cfb95cc12	Jordan		Irbid							\N	\N	  	t	2	3.00	2025-09-01 06:15:38.448	2025-09-01 06:15:38.448
34f2e3af-7aa5-47ae-8fc4-4094c4333da1	Jordan		Amman					  	  	\N	\N	    	t	2	2.50	2025-09-01 06:15:38.224	2025-09-01 06:15:38.224
01b43666-9429-4cc3-a579-8c5028ba078a	Jordan		Irbid							\N	\N	  	t	2	3.00	2025-09-01 06:15:38.961	2025-09-01 06:15:38.961
e4be8626-0f9e-421f-b0f3-9a42a7caeb64	Jordan		Zarqa			  	  	  	  	\N	\N	      	t	2	3.50	2025-09-01 06:15:38.448	2025-09-01 06:15:38.448
c541104a-bd13-47eb-b0c7-46ed5a8d79f9	Jordan		Amman			 	 	 	 	\N	\N	    	t	2	2.50	2025-09-01 06:15:38.224	2025-09-01 06:15:38.224
9e583ff5-da13-4b11-a4ec-8a1004f13782	Jordan		Amman			 	 	 	 	\N	\N	    	t	2	2.50	2025-09-01 06:15:38.448	2025-09-01 06:15:38.448
e9456ca2-89f8-45fe-9d71-6a6999c78be9	Jordan		Amman			  	  	  	  	\N	\N	      	t	2	2.50	2025-09-01 06:15:38.448	2025-09-01 06:15:38.448
e639d739-d4d5-43b0-8470-578849aa34bf	Jordan		Irbid			  	  	   	   	\N	\N	       	t	2	3.00	2025-09-01 06:15:38.448	2025-09-01 06:15:38.448
b5926801-482c-4a57-9713-55c1d50a31e0	Jordan		Amman			  	  	   	   	\N	\N	       	t	2	2.50	2025-09-01 06:15:38.224	2025-09-01 06:15:38.224
72296cc7-2a68-4b05-9865-7a7a12f437e5	Jordan		Amman			  	  	  	  	\N	\N	      	t	2	2.50	2025-09-01 06:15:38.448	2025-09-01 06:15:38.448
dcf589c6-87f1-463a-9780-c552ce4495d6	Jordan		Irbid			 	 	 	 	\N	\N	    	t	2	3.00	2025-09-01 06:15:38.448	2025-09-01 06:15:38.448
83ee2ede-ed14-4b5b-abab-7cb74e942e9b	Jordan		Amman			 	 	 	 	\N	\N	    	t	2	2.50	2025-09-01 06:15:38.448	2025-09-01 06:15:38.448
f88bedee-f785-4d25-a5ce-190c1dc78f43	Jordan		Amman			 	 	    	    	\N	\N	       	t	2	2.50	2025-09-01 06:15:38.224	2025-09-01 06:15:38.224
1ba05969-258a-46f7-8f2c-aaa6e45ea465	Jordan		Zarqa			  	  	 	 	\N	\N	     	t	2	3.50	2025-09-01 06:15:38.448	2025-09-01 06:15:38.448
4c98e287-22ff-4468-b2ce-af80b0d28741	Jordan		Amman			 	 	 	 	\N	\N	    	t	2	2.50	2025-09-01 06:15:38.448	2025-09-01 06:15:38.448
0ec09d2a-20b2-4c72-97c9-20d75a0810e1	Jordan		Amman			 	 	 	 	\N	\N	    	t	4	2.50	2025-09-01 06:15:38.224	2025-09-01 06:15:38.224
135389db-5db9-44c6-9fa0-b6b3599939cb	Jordan		Aqaba			  \\ 	  \\ 	  \\ 	  \\ 	\N	\N	  \\    \\  	t	4	4.00	2025-09-01 06:15:38.718	2025-09-01 06:15:38.718
ad2b41c4-b579-4291-ad4e-e4c4172e8990	Jordan		Amman					    	    	\N	\N	      	t	2	2.50	2025-09-01 06:15:38.224	2025-09-01 06:15:38.224
84af3774-22b9-4ee4-bc46-ee6bc48078a1	Jordan		Amman					   	   	\N	\N	     	t	2	2.50	2025-09-01 06:15:38.224	2025-09-01 06:15:38.224
24feabf5-04db-4d27-871a-366f899fa7e4	Jordan		Irbid							\N	\N	  	t	2	3.00	2025-09-01 06:15:38.961	2025-09-01 06:15:38.961
14c6dfcd-0e46-4bb8-a5c5-7e5ed72fd5ce	Jordan		Zarqa					  	  	\N	\N	    	t	2	3.50	2025-09-01 06:15:38.448	2025-09-01 06:15:38.448
fb7f6322-4cff-4054-ad75-12bbdbd02925	Jordan		Amman			 	 	 	 	\N	\N	    	t	2	2.50	2025-09-01 06:15:38.448	2025-09-01 06:15:38.448
971f9c4d-4d4a-49f4-a85e-ec939ac1240f	Jordan		Amman			 	 	 	 	\N	\N	    	t	2	2.50	2025-09-01 06:15:38.448	2025-09-01 06:15:38.448
e1763aa2-c994-4b81-88ca-e573cdaa7f5b	Jordan		Irbid			 	 	 	 	\N	\N	    	t	2	3.00	2025-09-01 06:15:38.448	2025-09-01 06:15:38.448
31754820-19b7-4d37-845b-e64c0bd03534	Jordan		Zarqa							\N	\N	  	t	2	3.50	2025-09-01 06:15:38.448	2025-09-01 06:15:38.448
d7dcb1c7-bc72-472c-b71f-50e18c736cac	Jordan		Irbid			 	 	 	 	\N	\N	    	t	2	3.00	2025-09-01 06:15:38.448	2025-09-01 06:15:38.448
21404093-6b3d-4522-b3b2-55318f184b27	Jordan		Irbid			 MK	 MK	 MK	 MK	\N	\N	 mk  mk 	t	2	3.00	2025-09-01 06:15:38.448	2025-09-01 06:15:38.448
61fd55df-30f2-4855-bfcd-07cb9f0873b3	Jordan		Zarqa							\N	\N	  	t	2	3.50	2025-09-01 06:15:38.448	2025-09-01 06:15:38.448
19786716-7543-4859-a945-798724603fa0	Jordan		Irbid			 	 	 	 	\N	\N	    	t	2	3.00	2025-09-01 06:15:38.448	2025-09-01 06:15:38.448
a3ee8d23-1d5a-40cf-9f9f-e522864a78f4	Jordan		Irbid			 	 	 	 	\N	\N	    	t	2	3.00	2025-09-01 06:15:38.961	2025-09-01 06:15:38.961
10f3835b-85c3-473a-9c48-460c438e83f9	Jordan		Zarqa			  	  	  	  	\N	\N	      	t	2	3.50	2025-09-01 06:15:38.448	2025-09-01 06:15:38.448
0a71a2e5-171d-4e18-82a8-b8dc90cb2968	Jordan		Zarqa			  	  	  	  	\N	\N	      	t	2	3.50	2025-09-01 06:15:38.448	2025-09-01 06:15:38.448
7065a11d-405f-4df6-966d-836860659847	Jordan		Amman							\N	\N	  	t	2	3.00	2025-09-01 06:15:38.718	2025-09-01 06:15:38.718
ed408801-f9d4-4d83-b0f0-f94c1efdc9df	Jordan		Balqa							\N	\N	  	t	2	3.00	2025-09-01 06:15:38.448	2025-09-01 06:15:38.448
85f507ae-03d8-4e11-af68-f317cf24467f	Jordan		Irbid							\N	\N	  	t	2	3.00	2025-09-01 06:15:38.961	2025-09-01 06:15:38.961
363508f1-c67e-4bd3-b12e-535d4f6ec114	Jordan		Irbid							\N	\N	  	t	2	3.00	2025-09-01 06:15:38.961	2025-09-01 06:15:38.961
054b377a-4a78-425c-bfab-1913912f2dab	Jordan		Irbid			 	 	 	 	\N	\N	    	t	2	3.00	2025-09-01 06:15:38.961	2025-09-01 06:15:38.961
cbb166ea-fbce-44b0-b790-8125ecea93e0	Jordan		Irbid			 	 	 	 	\N	\N	    	t	2	3.00	2025-09-01 06:15:38.961	2025-09-01 06:15:38.961
2539f34e-5433-4924-93b7-4e0d7be782b1	Jordan		Irbid			 	 	 	 	\N	\N	    	t	2	3.00	2025-09-01 06:15:38.961	2025-09-01 06:15:38.961
f6ef142f-72eb-4048-911d-4fcc0060cef7	Jordan		Irbid			 	 	 	 	\N	\N	    	t	2	3.00	2025-09-01 06:15:38.961	2025-09-01 06:15:38.961
b04b272d-2317-4555-9d66-1406adf2077f	Jordan		Irbid			 	 	 	 	\N	\N	    	t	2	3.00	2025-09-01 06:15:38.961	2025-09-01 06:15:38.961
08916756-6cc1-454a-a7ae-7067e33309b9	Jordan		Irbid							\N	\N	  	t	2	3.00	2025-09-01 06:15:38.961	2025-09-01 06:15:38.961
d3a3130d-689f-45b7-a0a5-a20d6326fabb	Jordan		Irbid			 	 	 	 	\N	\N	    	t	2	3.00	2025-09-01 06:15:38.448	2025-09-01 06:15:38.448
d932cd72-3aee-426b-8a43-16b4597d4e62	Jordan		Aqaba			 	 	 	 	\N	\N	    	t	2	4.00	2025-09-01 06:15:38.718	2025-09-01 06:15:38.718
856487d1-5c3e-44ba-84cf-239353f8d027	Jordan		Irbid			  	  	  	  	\N	\N	      	t	2	3.00	2025-09-01 06:15:38.448	2025-09-01 06:15:38.448
74d9d27e-212e-41fb-bdb1-59cb9aedba11	Jordan		Irbid			 	 	 	 	\N	\N	    	t	2	3.00	2025-09-01 06:15:38.448	2025-09-01 06:15:38.448
21156962-72b6-4ae7-9f74-8021747c9b8b	Jordan		Amman							\N	\N	  	t	2	3.00	2025-09-01 06:15:38.718	2025-09-01 06:15:38.718
97ccfb99-377d-49ce-abaf-d6ad21b09dbb	Jordan		Balqa							\N	\N	  	t	2	3.00	2025-09-01 06:15:38.448	2025-09-01 06:15:38.448
e402251f-506b-4862-a9ae-f032bf1b05be	Jordan		Amman					  -  	  -  	\N	\N	  -    	t	4	2.50	2025-09-01 06:15:38.448	2025-09-01 06:15:38.448
ce229f43-7cd6-4c0c-8f8c-1097ef5aa79c	Jordan		Amman			 	 	 	 	\N	\N	    	t	2	2.50	2025-09-01 06:15:38.448	2025-09-01 06:15:38.448
7f8f95de-88e8-41a2-a21b-af0d6ad46800	Jordan		Amman			 	 	 	 	\N	\N	    	t	2	2.50	2025-09-01 06:15:38.224	2025-09-01 06:15:38.224
247ae30f-757d-48d0-a1cd-5994ac3ebdc2	Jordan		Irbid			  	  	  	  	\N	\N	      	t	2	3.00	2025-09-01 06:15:38.448	2025-09-01 06:15:38.448
ed792d40-0b9b-4165-9723-d3ac60f3598e	Jordan		Irbid			 	 	 	 	\N	\N	    	t	2	3.00	2025-09-01 06:15:38.448	2025-09-01 06:15:38.448
fcd0b819-6eab-439d-9485-38dfc8ad9d95	Jordan		Irbid			  	  	  	  	\N	\N	      	t	2	3.00	2025-09-01 06:15:38.448	2025-09-01 06:15:38.448
5ecad927-47ac-474b-82ce-694a180894f7	Jordan		Amman			 	 			\N	\N	   	t	2	2.50	2025-09-01 06:15:38.224	2025-09-01 06:15:38.224
2950097e-6227-4b19-b5ef-5c8ecb22b5ed	Jordan		Irbid			  	  	  	  	\N	\N	      	t	2	3.00	2025-09-01 06:15:38.448	2025-09-01 06:15:38.448
5affd9cb-7741-4ad7-9476-387e887019b7	Jordan		Aqaba			  - 	  - 	  - 	  - 	\N	\N	  -    -  	t	2	4.00	2025-09-01 06:15:38.718	2025-09-01 06:15:38.718
b275e8be-1576-44b5-95c2-a6a588daf5e4	Jordan		Irbid							\N	\N	  	t	2	3.00	2025-09-01 06:15:38.961	2025-09-01 06:15:38.961
2af42c4b-f3d6-4bb2-9deb-698f56807043	Jordan		Zarqa			 	 	    	    	\N	\N	       	t	2	3.50	2025-09-01 06:15:38.448	2025-09-01 06:15:38.448
9a36b32e-a729-4e43-8bed-e0625dd435e7	Jordan		Zarqa			 	 	 	 	\N	\N	    	t	2	3.50	2025-09-01 06:15:38.448	2025-09-01 06:15:38.448
8968b440-6429-4e74-9b4f-6506efe461bf	Jordan		Amman			 	 	  	  	\N	\N	     	t	2	2.50	2025-09-01 06:15:38.224	2025-09-01 06:15:38.224
1d94e31f-548d-4104-9620-f2fe163742ef	Jordan		Irbid							\N	\N	  	t	2	3.00	2025-09-01 06:15:38.448	2025-09-01 06:15:38.448
c56a9763-a459-47e8-ac21-38686857a5fb	Jordan		Irbid			  	  	  	  	\N	\N	      	t	2	3.00	2025-09-01 06:15:38.448	2025-09-01 06:15:38.448
57fc68b0-2747-4a7b-9362-bbaee97718f6	Jordan		Aqaba			   - 	   - 	   - 	   - 	\N	\N	   -     -  	t	2	4.00	2025-09-01 06:15:38.718	2025-09-01 06:15:38.718
1ab9c807-cc13-4462-abb3-b3d427753552	Jordan		Irbid			  	  	  	  	\N	\N	      	t	2	3.00	2025-09-01 06:15:38.448	2025-09-01 06:15:38.448
0b15976a-d00a-4ede-acbc-6f5c5237e2bc	Jordan		Irbid			  	  	  	  	\N	\N	      	t	2	3.00	2025-09-01 06:15:38.448	2025-09-01 06:15:38.448
66d6cbfa-4682-44db-8984-8df6d8a432bd	Jordan		Irbid			 	 	 	 	\N	\N	    	t	2	3.00	2025-09-01 06:15:38.448	2025-09-01 06:15:38.448
d2f467db-228d-4a49-a59c-d8a301ba123a	Jordan		Aqaba			  	  	  	  	\N	\N	      	t	2	4.00	2025-09-01 06:15:38.718	2025-09-01 06:15:38.718
efc59ed3-0cd2-4b85-9459-e146dfdfa2c7	Jordan		Irbid			  	  	  	  	\N	\N	      	t	2	3.00	2025-09-01 06:15:38.961	2025-09-01 06:15:38.961
642bb8b0-b837-45c1-9ae1-d58551915fa8	Jordan		Zarqa			 	 	 	 	\N	\N	    	t	2	3.50	2025-09-01 06:15:38.448	2025-09-01 06:15:38.448
e0f295ea-db8b-49eb-a636-339e57b95a4f	Jordan		Zarqa			 	 	  	  	\N	\N	     	t	2	3.50	2025-09-01 06:15:38.448	2025-09-01 06:15:38.448
633d1816-811d-4b2c-b871-74252bb3e49f	Jordan		Irbid							\N	\N	  	t	2	3.00	2025-09-01 06:15:38.961	2025-09-01 06:15:38.961
12e772cd-e4f4-4fbd-bb68-17611a7ffc6e	Jordan		Irbid							\N	\N	  	t	2	3.00	2025-09-01 06:15:38.961	2025-09-01 06:15:38.961
404cf624-b259-42f8-aeaa-67492d767ad4	Jordan		Aqaba			 	 	 	 	\N	\N	    	t	2	4.00	2025-09-01 06:15:38.718	2025-09-01 06:15:38.718
fa072306-423d-4517-9bd9-ede653fa8d71	Jordan		Aqaba			 ()	 ()	 ()	 ()	\N	\N	 ()  () 	t	2	4.00	2025-09-01 06:15:38.718	2025-09-01 06:15:38.718
2393eb75-7660-4faa-8aef-4514a8d25a07	Jordan		Amman							\N	\N	  	t	2	2.50	2025-09-01 06:15:38.448	2025-09-01 06:15:38.448
eeaf71ef-8868-44c7-999c-1ed25fed475e	Jordan		Aqaba			  ( )	  ( )	  ( )	  ( )	\N	\N	  ( )   ( ) 	t	2	4.00	2025-09-01 06:15:38.718	2025-09-01 06:15:38.718
a0fb16fc-eee2-406c-b4ba-fae22a9e994d	Jordan		Aqaba			 	 	 	 	\N	\N	    	t	2	4.00	2025-09-01 06:15:38.718	2025-09-01 06:15:38.718
1155ab39-0b18-4f33-a92d-84beaa6bc3a4	Jordan		Amman							\N	\N	  	t	2	2.50	2025-09-01 06:15:38.448	2025-09-01 06:15:38.448
092123e5-53f0-4bf5-802a-45c0be3abea1	Jordan		Zarqa					   	   	\N	\N	     	t	2	3.50	2025-09-01 06:15:38.448	2025-09-01 06:15:38.448
51d53b93-4c6b-4375-b3aa-873e84e50bcd	Jordan		Zarqa			 	 	 	 	\N	\N	    	t	2	3.50	2025-09-01 06:15:38.448	2025-09-01 06:15:38.448
4d7748ac-e021-4d92-88e2-7a2352fda98b	Jordan		Amman			 	 	  	  	\N	\N	     	t	4	2.50	2025-09-01 06:15:38.448	2025-09-01 06:15:38.448
ecf321ee-2e92-40c3-81e3-18e5deb25247	Jordan		Amman			 	 	 	 	\N	\N	    	t	2	2.50	2025-09-01 06:15:38.224	2025-09-01 06:15:38.224
40e898b3-4d17-4441-887e-16cdebb09612	Jordan		Amman			 	 	 	 	\N	\N	    	t	2	2.50	2025-09-01 06:15:38.224	2025-09-01 06:15:38.224
1c56ebac-d3ad-48a2-aac5-d2aa059028ba	Jordan		Zarqa			 	 	 	 	\N	\N	    	t	2	3.50	2025-09-01 06:15:38.448	2025-09-01 06:15:38.448
d239309f-da06-4c88-9bfd-5ea6d266e66b	Jordan		Amman			 	 	 	 	\N	\N	    	t	2	2.50	2025-09-01 06:15:38.224	2025-09-01 06:15:38.224
7264d81c-f0d8-4587-932d-2b542b71d940	Jordan		Irbid			  	  	Downtown	 	\N	\N	     	t	2	3.00	2025-09-01 06:15:38.448	2025-09-01 06:15:38.448
d5c00035-513d-48c2-89e8-d6e180a4ef62	Jordan		Zarqa							\N	\N	  	t	2	3.50	2025-09-01 06:15:38.448	2025-09-01 06:15:38.448
\.


--
-- Data for Name: jordan_locations; Type: TABLE DATA; Schema: public; Owner: -
--

COPY public.jordan_locations (id, governorate, city, district, area_name_en, area_name_ar, postal_code, delivery_difficulty, average_delivery_fee, lat, lng, is_active, created_at, updated_at) FROM stdin;
8d85aff0-9d15-4405-93d5-f2126c08b005	Amman	Amman	Downtown	Downtown Amman	 	11181	2	3.50	31.95390000	35.91060000	t	2025-08-31 23:59:06.031	2025-08-31 23:59:06.031
63d93f55-5948-40a4-9b39-ffa2fae6683f	Amman	Amman	Abdali	Abdali		11190	1	4.00	31.96280000	35.90940000	t	2025-08-31 23:59:06.035	2025-08-31 23:59:06.035
4176e7a3-be58-4381-a8e4-3c986bf8cb29	Amman	Amman	Sweifieh	Sweifieh		11190	2	4.50	31.93420000	35.87560000	t	2025-08-31 23:59:06.038	2025-08-31 23:59:06.038
6471e057-8949-42f3-94ef-fb6a4c3f9c29	Amman	Amman	Jabal Amman	Jabal Amman	 	11118	3	5.00	31.95150000	35.92390000	t	2025-08-31 23:59:06.04	2025-08-31 23:59:06.04
7d32fe8b-cf00-4f06-92aa-a01ab899c25b	Zarqa	Zarqa	Center	Zarqa Center	 	13110	3	6.00	32.07280000	36.08800000	t	2025-08-31 23:59:06.042	2025-08-31 23:59:06.042
3df6ab10-20a2-4c13-b17e-56633b04a76a	Amman		\N	rsd	sadas	\N	2	1.00	\N	\N	t	2025-09-01 14:51:54.92	2025-09-01 14:51:54.92
a190c827-9ef9-418a-bbb7-b17250d91de3	Amman		\N	test11	test11	\N	1	2.50	\N	\N	t	2025-09-01 14:52:25.804	2025-09-01 14:52:25.804
a4e8c22c-20b7-494b-ba3b-7c0665e93fd0	Zarqa		\N	test11	test11	\N	2	1.00	\N	\N	t	2025-09-01 15:13:59.778	2025-09-01 15:13:59.778
6313d094-7613-4d7f-8632-1fe855a2c2de	Amman		\N	test23123	test12312312	\N	2	1.00	\N	\N	t	2025-09-01 15:21:44.405	2025-09-01 15:21:44.405
b7d48851-b720-4003-b189-5659665187dd	Amman		\N	qq	qq	\N	2	2.50	\N	\N	t	2025-09-01 15:22:13.949	2025-09-01 15:22:13.949
b1d8bf73-bed6-4384-b8ca-6c54f63b26a6	Amman		\N	essa1	essa1	\N	2	2.50	\N	\N	t	2025-09-01 15:34:34.409	2025-09-01 15:34:34.409
d87ee17d-4dfe-4b52-9e52-64461698a004	Amman		\N	essa2	essa2	\N	2	1.00	\N	\N	t	2025-09-01 15:38:20.008	2025-09-01 15:38:20.008
\.


--
-- Data for Name: license_audit_logs; Type: TABLE DATA; Schema: public; Owner: -
--

COPY public.license_audit_logs (id, license_id, action, old_data, new_data, user_id, "timestamp") FROM stdin;
1	d6a803ce-c7a3-496c-b460-c26fcd8e59be	UPDATE	{"id": "d6a803ce-c7a3-496c-b460-c26fcd8e59be", "status": "active", "features": ["basic"], "company_id": "b4830b4e-be20-4bba-8b3e-a0f0d2213749", "created_at": "2025-08-30T18:41:30.022", "created_by": null, "expires_at": "2025-09-29T18:41:30.02", "renewed_at": null, "start_date": "2025-08-30T18:41:30.02", "total_days": 30, "updated_at": "2025-08-30T18:41:30.022", "updated_by": null, "last_checked": "2025-08-30T18:41:30.02", "days_remaining": 30}	{"id": "d6a803ce-c7a3-496c-b460-c26fcd8e59be", "status": "active", "features": ["basic"], "company_id": "b4830b4e-be20-4bba-8b3e-a0f0d2213749", "created_at": "2025-08-30T18:41:30.022", "created_by": null, "expires_at": "2025-09-29T18:41:30.02", "renewed_at": null, "start_date": "2025-08-30T18:41:30.02", "total_days": 30, "updated_at": "2025-09-01T00:00:00.034", "updated_by": null, "last_checked": "2025-09-01T00:00:00.033", "days_remaining": 29}	\N	2025-09-01 00:00:00.034464
2	eef7b459-8a50-41b9-85f9-824b7c276ea6	UPDATE	{"id": "eef7b459-8a50-41b9-85f9-824b7c276ea6", "status": "active", "features": ["basic"], "company_id": "a13343e5-3109-4dc7-8f75-77982f0cfc7a", "created_at": "2025-08-30T18:41:53.168", "created_by": null, "expires_at": "2025-09-29T18:41:53.167", "renewed_at": null, "start_date": "2025-08-30T18:41:53.167", "total_days": 30, "updated_at": "2025-08-30T18:41:53.168", "updated_by": null, "last_checked": "2025-08-30T18:41:53.167", "days_remaining": 30}	{"id": "eef7b459-8a50-41b9-85f9-824b7c276ea6", "status": "active", "features": ["basic"], "company_id": "a13343e5-3109-4dc7-8f75-77982f0cfc7a", "created_at": "2025-08-30T18:41:53.168", "created_by": null, "expires_at": "2025-09-29T18:41:53.167", "renewed_at": null, "start_date": "2025-08-30T18:41:53.167", "total_days": 30, "updated_at": "2025-09-01T00:00:00.045", "updated_by": null, "last_checked": "2025-09-01T00:00:00.044", "days_remaining": 29}	\N	2025-09-01 00:00:00.045163
3	a91c9849-509f-4213-aef4-907bd1b2d050	UPDATE	{"id": "a91c9849-509f-4213-aef4-907bd1b2d050", "status": "active", "features": ["analytics", "multi_location"], "company_id": "bef6f0cf-40b3-491e-915c-40e4b0d9fed7", "created_at": "2025-08-30T18:50:18.372", "created_by": null, "expires_at": "2027-01-27T18:50:18.37", "renewed_at": "2025-08-30T21:25:38.802", "start_date": "2025-08-30T18:50:18.37", "total_days": 515, "updated_at": "2025-08-30T21:25:38.805", "updated_by": "1ec02dec-9a81-473a-9cdf-31454e2e959a", "last_checked": "2025-08-30T21:25:38.802", "days_remaining": 515}	{"id": "a91c9849-509f-4213-aef4-907bd1b2d050", "status": "active", "features": ["analytics", "multi_location"], "company_id": "bef6f0cf-40b3-491e-915c-40e4b0d9fed7", "created_at": "2025-08-30T18:50:18.372", "created_by": null, "expires_at": "2027-01-27T18:50:18.37", "renewed_at": "2025-08-30T21:25:38.802", "start_date": "2025-08-30T18:50:18.37", "total_days": 515, "updated_at": "2025-09-01T00:00:00.047", "updated_by": "1ec02dec-9a81-473a-9cdf-31454e2e959a", "last_checked": "2025-09-01T00:00:00.046", "days_remaining": 514}	\N	2025-09-01 00:00:00.047152
4	38da34d2-3e21-4e14-a8c5-6b39c4cdde31	UPDATE	{"id": "38da34d2-3e21-4e14-a8c5-6b39c4cdde31", "status": "active", "features": ["analytics", "multi_location"], "company_id": "c382fdd5-1a60-4481-ad5f-65b575729b2c", "created_at": "2025-08-29T19:08:57.109", "created_by": null, "expires_at": "2026-03-27T19:08:57.106", "renewed_at": "2025-08-30T21:25:42.664", "start_date": "2025-08-29T19:08:57.106", "total_days": 210, "updated_at": "2025-08-30T21:25:42.666", "updated_by": "1ec02dec-9a81-473a-9cdf-31454e2e959a", "last_checked": "2025-08-30T21:25:42.664", "days_remaining": 209}	{"id": "38da34d2-3e21-4e14-a8c5-6b39c4cdde31", "status": "active", "features": ["analytics", "multi_location"], "company_id": "c382fdd5-1a60-4481-ad5f-65b575729b2c", "created_at": "2025-08-29T19:08:57.109", "created_by": null, "expires_at": "2026-03-27T19:08:57.106", "renewed_at": "2025-08-30T21:25:42.664", "start_date": "2025-08-29T19:08:57.106", "total_days": 210, "updated_at": "2025-09-01T00:00:00.049", "updated_by": "1ec02dec-9a81-473a-9cdf-31454e2e959a", "last_checked": "2025-09-01T00:00:00.048", "days_remaining": 208}	\N	2025-09-01 00:00:00.048771
5	4452ed54-28a6-446e-9281-651e6b5b0ec2	UPDATE	{"id": "4452ed54-28a6-446e-9281-651e6b5b0ec2", "status": "active", "features": ["analytics", "multi_location"], "company_id": "dc3c6a10-96c6-4467-9778-313af66956af", "created_at": "2025-08-09T13:54:01.426", "created_by": null, "expires_at": "2026-02-05T13:54:01.426", "renewed_at": "2025-08-30T21:25:46.155", "start_date": "2025-08-09T13:54:01.426", "total_days": 180, "updated_at": "2025-08-30T21:25:46.163", "updated_by": "1ec02dec-9a81-473a-9cdf-31454e2e959a", "last_checked": "2025-08-30T21:25:46.155", "days_remaining": 159}	{"id": "4452ed54-28a6-446e-9281-651e6b5b0ec2", "status": "active", "features": ["analytics", "multi_location"], "company_id": "dc3c6a10-96c6-4467-9778-313af66956af", "created_at": "2025-08-09T13:54:01.426", "created_by": null, "expires_at": "2026-02-05T13:54:01.426", "renewed_at": "2025-08-30T21:25:46.155", "start_date": "2025-08-09T13:54:01.426", "total_days": 180, "updated_at": "2025-09-01T00:00:00.05", "updated_by": "1ec02dec-9a81-473a-9cdf-31454e2e959a", "last_checked": "2025-09-01T00:00:00.049", "days_remaining": 158}	\N	2025-09-01 00:00:00.050333
6	b037f11f-b98e-4dd2-a5e6-b8cc37cf58b7	UPDATE	{"id": "b037f11f-b98e-4dd2-a5e6-b8cc37cf58b7", "status": "active", "features": ["analytics", "multi_location"], "company_id": "5b7c4bdc-5649-49bd-9f6e-3a87a583d750", "created_at": "2025-08-29T19:25:04.687", "created_by": null, "expires_at": "2026-12-27T19:25:04.684", "renewed_at": "2025-08-29T19:25:23.164", "start_date": "2025-08-29T19:25:04.684", "total_days": 485, "updated_at": "2025-08-31T00:00:00.046", "updated_by": "1ec02dec-9a81-473a-9cdf-31454e2e959a", "last_checked": "2025-08-31T00:00:00.041", "days_remaining": 484}	{"id": "b037f11f-b98e-4dd2-a5e6-b8cc37cf58b7", "status": "active", "features": ["analytics", "multi_location"], "company_id": "5b7c4bdc-5649-49bd-9f6e-3a87a583d750", "created_at": "2025-08-29T19:25:04.687", "created_by": null, "expires_at": "2026-12-27T19:25:04.684", "renewed_at": "2025-08-29T19:25:23.164", "start_date": "2025-08-29T19:25:04.684", "total_days": 485, "updated_at": "2025-09-01T00:00:00.053", "updated_by": "1ec02dec-9a81-473a-9cdf-31454e2e959a", "last_checked": "2025-09-01T00:00:00.051", "days_remaining": 483}	\N	2025-09-01 00:00:00.053569
7	lic_sample_001	UPDATE	{"id": "lic_sample_001", "status": "active", "features": ["pos_integration", "analytics", "multi_branch"], "company_id": "dc3c6a10-96c6-4467-9778-313af66956af", "created_at": "2024-09-13T17:15:55.124", "created_by": "1ec02dec-9a81-473a-9cdf-31454e2e959a", "expires_at": "2026-10-23T17:15:55.124", "renewed_at": "2025-08-29T18:24:23.816", "start_date": "2024-09-13T17:15:55.124", "total_days": 770, "updated_at": "2025-08-31T00:00:00.072", "updated_by": "1ec02dec-9a81-473a-9cdf-31454e2e959a", "last_checked": "2025-08-31T00:00:00.069", "days_remaining": 419}	{"id": "lic_sample_001", "status": "active", "features": ["pos_integration", "analytics", "multi_branch"], "company_id": "dc3c6a10-96c6-4467-9778-313af66956af", "created_at": "2024-09-13T17:15:55.124", "created_by": "1ec02dec-9a81-473a-9cdf-31454e2e959a", "expires_at": "2026-10-23T17:15:55.124", "renewed_at": "2025-08-29T18:24:23.816", "start_date": "2024-09-13T17:15:55.124", "total_days": 770, "updated_at": "2025-09-01T00:00:00.055", "updated_by": "1ec02dec-9a81-473a-9cdf-31454e2e959a", "last_checked": "2025-09-01T00:00:00.054", "days_remaining": 418}	\N	2025-09-01 00:00:00.055462
8	adaaf5c8-28f7-402f-843a-029e1e297f45	UPDATE	{"id": "adaaf5c8-28f7-402f-843a-029e1e297f45", "status": "active", "features": ["basic"], "company_id": "ee1b200f-bd2b-4d23-a3ff-1ce80ef90a0a", "created_at": "2025-08-29T19:07:13.199", "created_by": null, "expires_at": "2025-09-28T19:07:13.198", "renewed_at": null, "start_date": "2025-08-29T19:07:13.198", "total_days": 30, "updated_at": "2025-08-31T00:00:00.084", "updated_by": null, "last_checked": "2025-08-31T00:00:00.082", "days_remaining": 29}	{"id": "adaaf5c8-28f7-402f-843a-029e1e297f45", "status": "active", "features": ["basic"], "company_id": "ee1b200f-bd2b-4d23-a3ff-1ce80ef90a0a", "created_at": "2025-08-29T19:07:13.199", "created_by": null, "expires_at": "2025-09-28T19:07:13.198", "renewed_at": null, "start_date": "2025-08-29T19:07:13.198", "total_days": 30, "updated_at": "2025-09-01T00:00:00.057", "updated_by": null, "last_checked": "2025-09-01T00:00:00.056", "days_remaining": 28}	\N	2025-09-01 00:00:00.056953
9	4452ed54-28a6-446e-9281-651e6b5b0ec2	UPDATE	{"id": "4452ed54-28a6-446e-9281-651e6b5b0ec2", "status": "active", "features": ["analytics", "multi_location"], "company_id": "dc3c6a10-96c6-4467-9778-313af66956af", "created_at": "2025-08-09T13:54:01.426", "created_by": null, "expires_at": "2026-02-05T13:54:01.426", "renewed_at": "2025-08-30T21:25:46.155", "start_date": "2025-08-09T13:54:01.426", "total_days": 180, "updated_at": "2025-09-01T00:00:00.05", "updated_by": "1ec02dec-9a81-473a-9cdf-31454e2e959a", "last_checked": "2025-09-01T00:00:00.049", "days_remaining": 158}	{"id": "4452ed54-28a6-446e-9281-651e6b5b0ec2", "status": "active", "features": ["analytics", "multi_location"], "company_id": "dc3c6a10-96c6-4467-9778-313af66956af", "created_at": "2025-08-09T13:54:01.426", "created_by": null, "expires_at": "2026-02-06T13:54:01.426", "renewed_at": "2025-09-01T11:34:58.82", "start_date": "2025-08-09T13:54:01.426", "total_days": 181, "updated_at": "2025-09-01T11:34:58.821", "updated_by": "1ec02dec-9a81-473a-9cdf-31454e2e959a", "last_checked": "2025-09-01T11:34:58.82", "days_remaining": 159}	\N	2025-09-01 11:34:58.821567
10	a91c9849-509f-4213-aef4-907bd1b2d050	UPDATE	{"id": "a91c9849-509f-4213-aef4-907bd1b2d050", "status": "active", "features": ["analytics", "multi_location"], "company_id": "bef6f0cf-40b3-491e-915c-40e4b0d9fed7", "created_at": "2025-08-30T18:50:18.372", "created_by": null, "expires_at": "2027-01-27T18:50:18.37", "renewed_at": "2025-08-30T21:25:38.802", "start_date": "2025-08-30T18:50:18.37", "total_days": 515, "updated_at": "2025-09-01T00:00:00.047", "updated_by": "1ec02dec-9a81-473a-9cdf-31454e2e959a", "last_checked": "2025-09-01T00:00:00.046", "days_remaining": 514}	{"id": "a91c9849-509f-4213-aef4-907bd1b2d050", "status": "active", "features": ["analytics", "multi_location"], "company_id": "bef6f0cf-40b3-491e-915c-40e4b0d9fed7", "created_at": "2025-08-30T18:50:18.372", "created_by": null, "expires_at": "2027-02-26T18:50:18.37", "renewed_at": "2025-09-02T16:42:53.865", "start_date": "2025-08-30T18:50:18.37", "total_days": 545, "updated_at": "2025-09-02T16:42:53.867", "updated_by": "1ec02dec-9a81-473a-9cdf-31454e2e959a", "last_checked": "2025-09-02T16:42:53.865", "days_remaining": 543}	\N	2025-09-02 16:42:53.867799
11	38da34d2-3e21-4e14-a8c5-6b39c4cdde31	UPDATE	{"id": "38da34d2-3e21-4e14-a8c5-6b39c4cdde31", "status": "active", "features": ["analytics", "multi_location"], "company_id": "c382fdd5-1a60-4481-ad5f-65b575729b2c", "created_at": "2025-08-29T19:08:57.109", "created_by": null, "expires_at": "2026-03-27T19:08:57.106", "renewed_at": "2025-08-30T21:25:42.664", "start_date": "2025-08-29T19:08:57.106", "total_days": 210, "updated_at": "2025-09-01T00:00:00.049", "updated_by": "1ec02dec-9a81-473a-9cdf-31454e2e959a", "last_checked": "2025-09-01T00:00:00.048", "days_remaining": 208}	{"id": "38da34d2-3e21-4e14-a8c5-6b39c4cdde31", "status": "active", "features": ["analytics", "multi_location"], "company_id": "c382fdd5-1a60-4481-ad5f-65b575729b2c", "created_at": "2025-08-29T19:08:57.109", "created_by": null, "expires_at": "2026-04-26T19:08:57.106", "renewed_at": "2025-09-02T16:42:58.062", "start_date": "2025-08-29T19:08:57.106", "total_days": 240, "updated_at": "2025-09-02T16:42:58.064", "updated_by": "1ec02dec-9a81-473a-9cdf-31454e2e959a", "last_checked": "2025-09-02T16:42:58.062", "days_remaining": 237}	\N	2025-09-02 16:42:58.064694
12	4452ed54-28a6-446e-9281-651e6b5b0ec2	UPDATE	{"id": "4452ed54-28a6-446e-9281-651e6b5b0ec2", "status": "active", "features": ["analytics", "multi_location"], "company_id": "dc3c6a10-96c6-4467-9778-313af66956af", "created_at": "2025-08-09T13:54:01.426", "created_by": null, "expires_at": "2026-02-06T13:54:01.426", "renewed_at": "2025-09-01T11:34:58.82", "start_date": "2025-08-09T13:54:01.426", "total_days": 181, "updated_at": "2025-09-01T11:34:58.821", "updated_by": "1ec02dec-9a81-473a-9cdf-31454e2e959a", "last_checked": "2025-09-01T11:34:58.82", "days_remaining": 159}	{"id": "4452ed54-28a6-446e-9281-651e6b5b0ec2", "status": "active", "features": ["analytics", "multi_location"], "company_id": "dc3c6a10-96c6-4467-9778-313af66956af", "created_at": "2025-08-09T13:54:01.426", "created_by": null, "expires_at": "2026-03-08T13:54:01.426", "renewed_at": "2025-09-02T16:43:08.363", "start_date": "2025-08-09T13:54:01.426", "total_days": 211, "updated_at": "2025-09-02T16:43:08.366", "updated_by": "1ec02dec-9a81-473a-9cdf-31454e2e959a", "last_checked": "2025-09-02T16:43:08.363", "days_remaining": 187}	\N	2025-09-02 16:43:08.366805
13	4452ed54-28a6-446e-9281-651e6b5b0ec2	UPDATE	{"id": "4452ed54-28a6-446e-9281-651e6b5b0ec2", "status": "active", "features": ["analytics", "multi_location"], "company_id": "dc3c6a10-96c6-4467-9778-313af66956af", "created_at": "2025-08-09T13:54:01.426", "created_by": null, "expires_at": "2026-03-08T13:54:01.426", "renewed_at": "2025-09-02T16:43:08.363", "start_date": "2025-08-09T13:54:01.426", "total_days": 211, "updated_at": "2025-09-02T16:43:08.366", "updated_by": "1ec02dec-9a81-473a-9cdf-31454e2e959a", "last_checked": "2025-09-02T16:43:08.363", "days_remaining": 187}	{"id": "4452ed54-28a6-446e-9281-651e6b5b0ec2", "status": "active", "features": ["basic"], "company_id": "dc3c6a10-96c6-4467-9778-313af66956af", "created_at": "2025-08-09T13:54:01.426", "created_by": null, "expires_at": "2026-03-08T13:54:01.426", "renewed_at": "2025-09-02T16:43:08.363", "start_date": "2025-08-09T13:54:01.426", "total_days": 211, "updated_at": "2025-09-02T16:43:16.572", "updated_by": "1ec02dec-9a81-473a-9cdf-31454e2e959a", "last_checked": "2025-09-02T16:43:08.363", "days_remaining": 187}	\N	2025-09-02 16:43:16.56397
14	4452ed54-28a6-446e-9281-651e6b5b0ec2	UPDATE	{"id": "4452ed54-28a6-446e-9281-651e6b5b0ec2", "status": "active", "features": ["basic"], "company_id": "dc3c6a10-96c6-4467-9778-313af66956af", "created_at": "2025-08-09T13:54:01.426", "created_by": null, "expires_at": "2026-03-08T13:54:01.426", "renewed_at": "2025-09-02T16:43:08.363", "start_date": "2025-08-09T13:54:01.426", "total_days": 211, "updated_at": "2025-09-02T16:43:16.572", "updated_by": "1ec02dec-9a81-473a-9cdf-31454e2e959a", "last_checked": "2025-09-02T16:43:08.363", "days_remaining": 187}	{"id": "4452ed54-28a6-446e-9281-651e6b5b0ec2", "status": "active", "features": ["analytics", "multi_location"], "company_id": "dc3c6a10-96c6-4467-9778-313af66956af", "created_at": "2025-08-09T13:54:01.426", "created_by": null, "expires_at": "2026-03-08T13:54:01.426", "renewed_at": "2025-09-02T16:43:08.363", "start_date": "2025-08-09T13:54:01.426", "total_days": 211, "updated_at": "2025-09-02T16:43:23.275", "updated_by": "1ec02dec-9a81-473a-9cdf-31454e2e959a", "last_checked": "2025-09-02T16:43:08.363", "days_remaining": 187}	\N	2025-09-02 16:43:23.261453
15	7e86bed0-2f03-4f32-a812-ad81316b34f3	INSERT	\N	{"id": "7e86bed0-2f03-4f32-a812-ad81316b34f3", "status": "active", "features": ["basic"], "company_id": "aa896a02-e087-40a9-b981-d30c49a5c0a6", "created_at": "2025-09-02T20:41:23.087", "created_by": null, "expires_at": "2025-10-02T20:41:23.085", "renewed_at": null, "start_date": "2025-09-02T20:41:23.085", "total_days": 30, "updated_at": "2025-09-02T20:41:23.087", "updated_by": null, "last_checked": "2025-09-02T20:41:23.085", "days_remaining": 30}	\N	2025-09-02 20:41:23.081334
16	7e86bed0-2f03-4f32-a812-ad81316b34f3	UPDATE	{"id": "7e86bed0-2f03-4f32-a812-ad81316b34f3", "status": "active", "features": ["basic"], "company_id": "aa896a02-e087-40a9-b981-d30c49a5c0a6", "created_at": "2025-09-02T20:41:23.087", "created_by": null, "expires_at": "2025-10-02T20:41:23.085", "renewed_at": null, "start_date": "2025-09-02T20:41:23.085", "total_days": 30, "updated_at": "2025-09-02T20:41:23.087", "updated_by": null, "last_checked": "2025-09-02T20:41:23.085", "days_remaining": 30}	{"id": "7e86bed0-2f03-4f32-a812-ad81316b34f3", "status": "active", "features": ["basic"], "company_id": "aa896a02-e087-40a9-b981-d30c49a5c0a6", "created_at": "2025-09-02T20:41:23.087", "created_by": null, "expires_at": "2025-10-02T20:41:23.085", "renewed_at": null, "start_date": "2025-09-02T20:41:23.085", "total_days": 30, "updated_at": "2025-09-02T20:41:30.113", "updated_by": null, "last_checked": "2025-09-02T20:41:23.085", "days_remaining": 30}	\N	2025-09-02 20:41:30.101911
17	7e86bed0-2f03-4f32-a812-ad81316b34f3	UPDATE	{"id": "7e86bed0-2f03-4f32-a812-ad81316b34f3", "status": "active", "features": ["basic"], "company_id": "aa896a02-e087-40a9-b981-d30c49a5c0a6", "created_at": "2025-09-02T20:41:23.087", "created_by": null, "expires_at": "2025-10-02T20:41:23.085", "renewed_at": null, "start_date": "2025-09-02T20:41:23.085", "total_days": 30, "updated_at": "2025-09-02T20:41:30.113", "updated_by": null, "last_checked": "2025-09-02T20:41:23.085", "days_remaining": 30}	{"id": "7e86bed0-2f03-4f32-a812-ad81316b34f3", "status": "active", "features": ["basic"], "company_id": "aa896a02-e087-40a9-b981-d30c49a5c0a6", "created_at": "2025-09-02T20:41:23.087", "created_by": null, "expires_at": "2025-10-02T20:41:23.085", "renewed_at": null, "start_date": "2025-09-02T20:41:23.085", "total_days": 30, "updated_at": "2025-09-02T20:41:33.69", "updated_by": null, "last_checked": "2025-09-02T20:41:23.085", "days_remaining": 30}	\N	2025-09-02 20:41:33.683342
18	b037f11f-b98e-4dd2-a5e6-b8cc37cf58b7	UPDATE	{"id": "b037f11f-b98e-4dd2-a5e6-b8cc37cf58b7", "status": "active", "features": ["analytics", "multi_location"], "company_id": "5b7c4bdc-5649-49bd-9f6e-3a87a583d750", "created_at": "2025-08-29T19:25:04.687", "created_by": null, "expires_at": "2026-12-27T19:25:04.684", "renewed_at": "2025-08-29T19:25:23.164", "start_date": "2025-08-29T19:25:04.684", "total_days": 485, "updated_at": "2025-09-01T00:00:00.053", "updated_by": "1ec02dec-9a81-473a-9cdf-31454e2e959a", "last_checked": "2025-09-01T00:00:00.051", "days_remaining": 483}	{"id": "b037f11f-b98e-4dd2-a5e6-b8cc37cf58b7", "status": "active", "features": ["analytics", "multi_location"], "company_id": "5b7c4bdc-5649-49bd-9f6e-3a87a583d750", "created_at": "2025-08-29T19:25:04.687", "created_by": null, "expires_at": "2026-12-27T19:25:04.684", "renewed_at": "2025-08-29T19:25:23.164", "start_date": "2025-08-29T19:25:04.684", "total_days": 485, "updated_at": "2025-09-03T00:00:00.029", "updated_by": "1ec02dec-9a81-473a-9cdf-31454e2e959a", "last_checked": "2025-09-03T00:00:00.028", "days_remaining": 481}	\N	2025-09-03 00:00:00.02972
19	d6a803ce-c7a3-496c-b460-c26fcd8e59be	UPDATE	{"id": "d6a803ce-c7a3-496c-b460-c26fcd8e59be", "status": "active", "features": ["basic"], "company_id": "b4830b4e-be20-4bba-8b3e-a0f0d2213749", "created_at": "2025-08-30T18:41:30.022", "created_by": null, "expires_at": "2025-09-29T18:41:30.02", "renewed_at": null, "start_date": "2025-08-30T18:41:30.02", "total_days": 30, "updated_at": "2025-09-01T00:00:00.034", "updated_by": null, "last_checked": "2025-09-01T00:00:00.033", "days_remaining": 29}	{"id": "d6a803ce-c7a3-496c-b460-c26fcd8e59be", "status": "active", "features": ["basic"], "company_id": "b4830b4e-be20-4bba-8b3e-a0f0d2213749", "created_at": "2025-08-30T18:41:30.022", "created_by": null, "expires_at": "2025-09-29T18:41:30.02", "renewed_at": null, "start_date": "2025-08-30T18:41:30.02", "total_days": 30, "updated_at": "2025-09-03T00:00:00.034", "updated_by": null, "last_checked": "2025-09-03T00:00:00.033", "days_remaining": 27}	\N	2025-09-03 00:00:00.034324
20	eef7b459-8a50-41b9-85f9-824b7c276ea6	UPDATE	{"id": "eef7b459-8a50-41b9-85f9-824b7c276ea6", "status": "active", "features": ["basic"], "company_id": "a13343e5-3109-4dc7-8f75-77982f0cfc7a", "created_at": "2025-08-30T18:41:53.168", "created_by": null, "expires_at": "2025-09-29T18:41:53.167", "renewed_at": null, "start_date": "2025-08-30T18:41:53.167", "total_days": 30, "updated_at": "2025-09-01T00:00:00.045", "updated_by": null, "last_checked": "2025-09-01T00:00:00.044", "days_remaining": 29}	{"id": "eef7b459-8a50-41b9-85f9-824b7c276ea6", "status": "active", "features": ["basic"], "company_id": "a13343e5-3109-4dc7-8f75-77982f0cfc7a", "created_at": "2025-08-30T18:41:53.168", "created_by": null, "expires_at": "2025-09-29T18:41:53.167", "renewed_at": null, "start_date": "2025-08-30T18:41:53.167", "total_days": 30, "updated_at": "2025-09-03T00:00:00.036", "updated_by": null, "last_checked": "2025-09-03T00:00:00.035", "days_remaining": 27}	\N	2025-09-03 00:00:00.036393
21	lic_sample_001	UPDATE	{"id": "lic_sample_001", "status": "active", "features": ["pos_integration", "analytics", "multi_branch"], "company_id": "dc3c6a10-96c6-4467-9778-313af66956af", "created_at": "2024-09-13T17:15:55.124", "created_by": "1ec02dec-9a81-473a-9cdf-31454e2e959a", "expires_at": "2026-10-23T17:15:55.124", "renewed_at": "2025-08-29T18:24:23.816", "start_date": "2024-09-13T17:15:55.124", "total_days": 770, "updated_at": "2025-09-01T00:00:00.055", "updated_by": "1ec02dec-9a81-473a-9cdf-31454e2e959a", "last_checked": "2025-09-01T00:00:00.054", "days_remaining": 418}	{"id": "lic_sample_001", "status": "active", "features": ["pos_integration", "analytics", "multi_branch"], "company_id": "dc3c6a10-96c6-4467-9778-313af66956af", "created_at": "2024-09-13T17:15:55.124", "created_by": "1ec02dec-9a81-473a-9cdf-31454e2e959a", "expires_at": "2026-10-23T17:15:55.124", "renewed_at": "2025-08-29T18:24:23.816", "start_date": "2024-09-13T17:15:55.124", "total_days": 770, "updated_at": "2025-09-03T00:00:00.038", "updated_by": "1ec02dec-9a81-473a-9cdf-31454e2e959a", "last_checked": "2025-09-03T00:00:00.037", "days_remaining": 416}	\N	2025-09-03 00:00:00.038514
22	adaaf5c8-28f7-402f-843a-029e1e297f45	UPDATE	{"id": "adaaf5c8-28f7-402f-843a-029e1e297f45", "status": "active", "features": ["basic"], "company_id": "ee1b200f-bd2b-4d23-a3ff-1ce80ef90a0a", "created_at": "2025-08-29T19:07:13.199", "created_by": null, "expires_at": "2025-09-28T19:07:13.198", "renewed_at": null, "start_date": "2025-08-29T19:07:13.198", "total_days": 30, "updated_at": "2025-09-01T00:00:00.057", "updated_by": null, "last_checked": "2025-09-01T00:00:00.056", "days_remaining": 28}	{"id": "adaaf5c8-28f7-402f-843a-029e1e297f45", "status": "active", "features": ["basic"], "company_id": "ee1b200f-bd2b-4d23-a3ff-1ce80ef90a0a", "created_at": "2025-08-29T19:07:13.199", "created_by": null, "expires_at": "2025-09-28T19:07:13.198", "renewed_at": null, "start_date": "2025-08-29T19:07:13.198", "total_days": 30, "updated_at": "2025-09-03T00:00:00.04", "updated_by": null, "last_checked": "2025-09-03T00:00:00.039", "days_remaining": 26}	\N	2025-09-03 00:00:00.04065
23	a91c9849-509f-4213-aef4-907bd1b2d050	UPDATE	{"id": "a91c9849-509f-4213-aef4-907bd1b2d050", "status": "active", "features": ["analytics", "multi_location"], "company_id": "bef6f0cf-40b3-491e-915c-40e4b0d9fed7", "created_at": "2025-08-30T18:50:18.372", "created_by": null, "expires_at": "2027-02-26T18:50:18.37", "renewed_at": "2025-09-02T16:42:53.865", "start_date": "2025-08-30T18:50:18.37", "total_days": 545, "updated_at": "2025-09-02T16:42:53.867", "updated_by": "1ec02dec-9a81-473a-9cdf-31454e2e959a", "last_checked": "2025-09-02T16:42:53.865", "days_remaining": 543}	{"id": "a91c9849-509f-4213-aef4-907bd1b2d050", "status": "active", "features": ["analytics", "multi_location"], "company_id": "bef6f0cf-40b3-491e-915c-40e4b0d9fed7", "created_at": "2025-08-30T18:50:18.372", "created_by": null, "expires_at": "2027-02-26T18:50:18.37", "renewed_at": "2025-09-02T16:42:53.865", "start_date": "2025-08-30T18:50:18.37", "total_days": 545, "updated_at": "2025-09-03T00:00:00.042", "updated_by": "1ec02dec-9a81-473a-9cdf-31454e2e959a", "last_checked": "2025-09-03T00:00:00.041", "days_remaining": 542}	\N	2025-09-03 00:00:00.042759
24	38da34d2-3e21-4e14-a8c5-6b39c4cdde31	UPDATE	{"id": "38da34d2-3e21-4e14-a8c5-6b39c4cdde31", "status": "active", "features": ["analytics", "multi_location"], "company_id": "c382fdd5-1a60-4481-ad5f-65b575729b2c", "created_at": "2025-08-29T19:08:57.109", "created_by": null, "expires_at": "2026-04-26T19:08:57.106", "renewed_at": "2025-09-02T16:42:58.062", "start_date": "2025-08-29T19:08:57.106", "total_days": 240, "updated_at": "2025-09-02T16:42:58.064", "updated_by": "1ec02dec-9a81-473a-9cdf-31454e2e959a", "last_checked": "2025-09-02T16:42:58.062", "days_remaining": 237}	{"id": "38da34d2-3e21-4e14-a8c5-6b39c4cdde31", "status": "active", "features": ["analytics", "multi_location"], "company_id": "c382fdd5-1a60-4481-ad5f-65b575729b2c", "created_at": "2025-08-29T19:08:57.109", "created_by": null, "expires_at": "2026-04-26T19:08:57.106", "renewed_at": "2025-09-02T16:42:58.062", "start_date": "2025-08-29T19:08:57.106", "total_days": 240, "updated_at": "2025-09-03T00:00:00.046", "updated_by": "1ec02dec-9a81-473a-9cdf-31454e2e959a", "last_checked": "2025-09-03T00:00:00.044", "days_remaining": 236}	\N	2025-09-03 00:00:00.046098
25	40f26793-5d12-4037-813a-67e8534b7272	INSERT	\N	{"id": "40f26793-5d12-4037-813a-67e8534b7272", "status": "active", "features": ["basic"], "company_id": "8c504c25-ec83-4ebe-bfbb-8ed624898b98", "created_at": "2025-09-03T13:58:36.341", "created_by": null, "expires_at": "2025-10-03T13:58:36.34", "renewed_at": null, "start_date": "2025-09-03T13:58:36.34", "total_days": 30, "updated_at": "2025-09-03T13:58:36.341", "updated_by": null, "last_checked": "2025-09-03T13:58:36.34", "days_remaining": 30}	\N	2025-09-03 13:58:36.336372
26	40f26793-5d12-4037-813a-67e8534b7272	UPDATE	{"id": "40f26793-5d12-4037-813a-67e8534b7272", "status": "active", "features": ["basic"], "company_id": "8c504c25-ec83-4ebe-bfbb-8ed624898b98", "created_at": "2025-09-03T13:58:36.341", "created_by": null, "expires_at": "2025-10-03T13:58:36.34", "renewed_at": null, "start_date": "2025-09-03T13:58:36.34", "total_days": 30, "updated_at": "2025-09-03T13:58:36.341", "updated_by": null, "last_checked": "2025-09-03T13:58:36.34", "days_remaining": 30}	{"id": "40f26793-5d12-4037-813a-67e8534b7272", "status": "active", "features": ["basic"], "company_id": "8c504c25-ec83-4ebe-bfbb-8ed624898b98", "created_at": "2025-09-03T13:58:36.341", "created_by": null, "expires_at": "2025-10-03T13:58:36.34", "renewed_at": null, "start_date": "2025-09-03T13:58:36.34", "total_days": 30, "updated_at": "2025-09-03T13:58:36.457", "updated_by": null, "last_checked": "2025-09-03T13:58:36.34", "days_remaining": 30}	\N	2025-09-03 13:58:36.45021
27	40f26793-5d12-4037-813a-67e8534b7272	UPDATE	{"id": "40f26793-5d12-4037-813a-67e8534b7272", "status": "active", "features": ["basic"], "company_id": "8c504c25-ec83-4ebe-bfbb-8ed624898b98", "created_at": "2025-09-03T13:58:36.341", "created_by": null, "expires_at": "2025-10-03T13:58:36.34", "renewed_at": null, "start_date": "2025-09-03T13:58:36.34", "total_days": 30, "updated_at": "2025-09-03T13:58:36.457", "updated_by": null, "last_checked": "2025-09-03T13:58:36.34", "days_remaining": 30}	{"id": "40f26793-5d12-4037-813a-67e8534b7272", "status": "active", "features": ["basic"], "company_id": "8c504c25-ec83-4ebe-bfbb-8ed624898b98", "created_at": "2025-09-03T13:58:36.341", "created_by": null, "expires_at": "2025-10-03T13:58:36.34", "renewed_at": null, "start_date": "2025-09-03T13:58:36.34", "total_days": 30, "updated_at": "2025-09-05T00:00:00.07", "updated_by": null, "last_checked": "2025-09-05T00:00:00.069", "days_remaining": 29}	\N	2025-09-05 00:00:00.070743
28	4452ed54-28a6-446e-9281-651e6b5b0ec2	UPDATE	{"id": "4452ed54-28a6-446e-9281-651e6b5b0ec2", "status": "active", "features": ["analytics", "multi_location"], "company_id": "dc3c6a10-96c6-4467-9778-313af66956af", "created_at": "2025-08-09T13:54:01.426", "created_by": null, "expires_at": "2026-03-08T13:54:01.426", "renewed_at": "2025-09-02T16:43:08.363", "start_date": "2025-08-09T13:54:01.426", "total_days": 211, "updated_at": "2025-09-02T16:43:23.275", "updated_by": "1ec02dec-9a81-473a-9cdf-31454e2e959a", "last_checked": "2025-09-02T16:43:08.363", "days_remaining": 187}	{"id": "4452ed54-28a6-446e-9281-651e6b5b0ec2", "status": "active", "features": ["analytics", "multi_location"], "company_id": "dc3c6a10-96c6-4467-9778-313af66956af", "created_at": "2025-08-09T13:54:01.426", "created_by": null, "expires_at": "2026-03-08T13:54:01.426", "renewed_at": "2025-09-02T16:43:08.363", "start_date": "2025-08-09T13:54:01.426", "total_days": 211, "updated_at": "2025-09-05T00:00:00.085", "updated_by": "1ec02dec-9a81-473a-9cdf-31454e2e959a", "last_checked": "2025-09-05T00:00:00.084", "days_remaining": 185}	\N	2025-09-05 00:00:00.085731
29	7e86bed0-2f03-4f32-a812-ad81316b34f3	UPDATE	{"id": "7e86bed0-2f03-4f32-a812-ad81316b34f3", "status": "active", "features": ["basic"], "company_id": "aa896a02-e087-40a9-b981-d30c49a5c0a6", "created_at": "2025-09-02T20:41:23.087", "created_by": null, "expires_at": "2025-10-02T20:41:23.085", "renewed_at": null, "start_date": "2025-09-02T20:41:23.085", "total_days": 30, "updated_at": "2025-09-02T20:41:33.69", "updated_by": null, "last_checked": "2025-09-02T20:41:23.085", "days_remaining": 30}	{"id": "7e86bed0-2f03-4f32-a812-ad81316b34f3", "status": "active", "features": ["basic"], "company_id": "aa896a02-e087-40a9-b981-d30c49a5c0a6", "created_at": "2025-09-02T20:41:23.087", "created_by": null, "expires_at": "2025-10-02T20:41:23.085", "renewed_at": null, "start_date": "2025-09-02T20:41:23.085", "total_days": 30, "updated_at": "2025-09-05T00:00:00.088", "updated_by": null, "last_checked": "2025-09-05T00:00:00.087", "days_remaining": 28}	\N	2025-09-05 00:00:00.087817
30	b037f11f-b98e-4dd2-a5e6-b8cc37cf58b7	UPDATE	{"id": "b037f11f-b98e-4dd2-a5e6-b8cc37cf58b7", "status": "active", "features": ["analytics", "multi_location"], "company_id": "5b7c4bdc-5649-49bd-9f6e-3a87a583d750", "created_at": "2025-08-29T19:25:04.687", "created_by": null, "expires_at": "2026-12-27T19:25:04.684", "renewed_at": "2025-08-29T19:25:23.164", "start_date": "2025-08-29T19:25:04.684", "total_days": 485, "updated_at": "2025-09-03T00:00:00.029", "updated_by": "1ec02dec-9a81-473a-9cdf-31454e2e959a", "last_checked": "2025-09-03T00:00:00.028", "days_remaining": 481}	{"id": "b037f11f-b98e-4dd2-a5e6-b8cc37cf58b7", "status": "active", "features": ["analytics", "multi_location"], "company_id": "5b7c4bdc-5649-49bd-9f6e-3a87a583d750", "created_at": "2025-08-29T19:25:04.687", "created_by": null, "expires_at": "2026-12-27T19:25:04.684", "renewed_at": "2025-08-29T19:25:23.164", "start_date": "2025-08-29T19:25:04.684", "total_days": 485, "updated_at": "2025-09-05T00:00:00.089", "updated_by": "1ec02dec-9a81-473a-9cdf-31454e2e959a", "last_checked": "2025-09-05T00:00:00.089", "days_remaining": 479}	\N	2025-09-05 00:00:00.089737
31	d6a803ce-c7a3-496c-b460-c26fcd8e59be	UPDATE	{"id": "d6a803ce-c7a3-496c-b460-c26fcd8e59be", "status": "active", "features": ["basic"], "company_id": "b4830b4e-be20-4bba-8b3e-a0f0d2213749", "created_at": "2025-08-30T18:41:30.022", "created_by": null, "expires_at": "2025-09-29T18:41:30.02", "renewed_at": null, "start_date": "2025-08-30T18:41:30.02", "total_days": 30, "updated_at": "2025-09-03T00:00:00.034", "updated_by": null, "last_checked": "2025-09-03T00:00:00.033", "days_remaining": 27}	{"id": "d6a803ce-c7a3-496c-b460-c26fcd8e59be", "status": "active", "features": ["basic"], "company_id": "b4830b4e-be20-4bba-8b3e-a0f0d2213749", "created_at": "2025-08-30T18:41:30.022", "created_by": null, "expires_at": "2025-09-29T18:41:30.02", "renewed_at": null, "start_date": "2025-08-30T18:41:30.02", "total_days": 30, "updated_at": "2025-09-05T00:00:00.091", "updated_by": null, "last_checked": "2025-09-05T00:00:00.09", "days_remaining": 25}	\N	2025-09-05 00:00:00.091331
32	eef7b459-8a50-41b9-85f9-824b7c276ea6	UPDATE	{"id": "eef7b459-8a50-41b9-85f9-824b7c276ea6", "status": "active", "features": ["basic"], "company_id": "a13343e5-3109-4dc7-8f75-77982f0cfc7a", "created_at": "2025-08-30T18:41:53.168", "created_by": null, "expires_at": "2025-09-29T18:41:53.167", "renewed_at": null, "start_date": "2025-08-30T18:41:53.167", "total_days": 30, "updated_at": "2025-09-03T00:00:00.036", "updated_by": null, "last_checked": "2025-09-03T00:00:00.035", "days_remaining": 27}	{"id": "eef7b459-8a50-41b9-85f9-824b7c276ea6", "status": "active", "features": ["basic"], "company_id": "a13343e5-3109-4dc7-8f75-77982f0cfc7a", "created_at": "2025-08-30T18:41:53.168", "created_by": null, "expires_at": "2025-09-29T18:41:53.167", "renewed_at": null, "start_date": "2025-08-30T18:41:53.167", "total_days": 30, "updated_at": "2025-09-05T00:00:00.093", "updated_by": null, "last_checked": "2025-09-05T00:00:00.092", "days_remaining": 25}	\N	2025-09-05 00:00:00.09311
33	lic_sample_001	UPDATE	{"id": "lic_sample_001", "status": "active", "features": ["pos_integration", "analytics", "multi_branch"], "company_id": "dc3c6a10-96c6-4467-9778-313af66956af", "created_at": "2024-09-13T17:15:55.124", "created_by": "1ec02dec-9a81-473a-9cdf-31454e2e959a", "expires_at": "2026-10-23T17:15:55.124", "renewed_at": "2025-08-29T18:24:23.816", "start_date": "2024-09-13T17:15:55.124", "total_days": 770, "updated_at": "2025-09-03T00:00:00.038", "updated_by": "1ec02dec-9a81-473a-9cdf-31454e2e959a", "last_checked": "2025-09-03T00:00:00.037", "days_remaining": 416}	{"id": "lic_sample_001", "status": "active", "features": ["pos_integration", "analytics", "multi_branch"], "company_id": "dc3c6a10-96c6-4467-9778-313af66956af", "created_at": "2024-09-13T17:15:55.124", "created_by": "1ec02dec-9a81-473a-9cdf-31454e2e959a", "expires_at": "2026-10-23T17:15:55.124", "renewed_at": "2025-08-29T18:24:23.816", "start_date": "2024-09-13T17:15:55.124", "total_days": 770, "updated_at": "2025-09-05T00:00:00.096", "updated_by": "1ec02dec-9a81-473a-9cdf-31454e2e959a", "last_checked": "2025-09-05T00:00:00.094", "days_remaining": 414}	\N	2025-09-05 00:00:00.095745
34	adaaf5c8-28f7-402f-843a-029e1e297f45	UPDATE	{"id": "adaaf5c8-28f7-402f-843a-029e1e297f45", "status": "active", "features": ["basic"], "company_id": "ee1b200f-bd2b-4d23-a3ff-1ce80ef90a0a", "created_at": "2025-08-29T19:07:13.199", "created_by": null, "expires_at": "2025-09-28T19:07:13.198", "renewed_at": null, "start_date": "2025-08-29T19:07:13.198", "total_days": 30, "updated_at": "2025-09-03T00:00:00.04", "updated_by": null, "last_checked": "2025-09-03T00:00:00.039", "days_remaining": 26}	{"id": "adaaf5c8-28f7-402f-843a-029e1e297f45", "status": "active", "features": ["basic"], "company_id": "ee1b200f-bd2b-4d23-a3ff-1ce80ef90a0a", "created_at": "2025-08-29T19:07:13.199", "created_by": null, "expires_at": "2025-09-28T19:07:13.198", "renewed_at": null, "start_date": "2025-08-29T19:07:13.198", "total_days": 30, "updated_at": "2025-09-05T00:00:00.097", "updated_by": null, "last_checked": "2025-09-05T00:00:00.096", "days_remaining": 24}	\N	2025-09-05 00:00:00.097182
35	a91c9849-509f-4213-aef4-907bd1b2d050	UPDATE	{"id": "a91c9849-509f-4213-aef4-907bd1b2d050", "status": "active", "features": ["analytics", "multi_location"], "company_id": "bef6f0cf-40b3-491e-915c-40e4b0d9fed7", "created_at": "2025-08-30T18:50:18.372", "created_by": null, "expires_at": "2027-02-26T18:50:18.37", "renewed_at": "2025-09-02T16:42:53.865", "start_date": "2025-08-30T18:50:18.37", "total_days": 545, "updated_at": "2025-09-03T00:00:00.042", "updated_by": "1ec02dec-9a81-473a-9cdf-31454e2e959a", "last_checked": "2025-09-03T00:00:00.041", "days_remaining": 542}	{"id": "a91c9849-509f-4213-aef4-907bd1b2d050", "status": "active", "features": ["analytics", "multi_location"], "company_id": "bef6f0cf-40b3-491e-915c-40e4b0d9fed7", "created_at": "2025-08-30T18:50:18.372", "created_by": null, "expires_at": "2027-02-26T18:50:18.37", "renewed_at": "2025-09-02T16:42:53.865", "start_date": "2025-08-30T18:50:18.37", "total_days": 545, "updated_at": "2025-09-05T00:00:00.099", "updated_by": "1ec02dec-9a81-473a-9cdf-31454e2e959a", "last_checked": "2025-09-05T00:00:00.098", "days_remaining": 540}	\N	2025-09-05 00:00:00.098807
36	38da34d2-3e21-4e14-a8c5-6b39c4cdde31	UPDATE	{"id": "38da34d2-3e21-4e14-a8c5-6b39c4cdde31", "status": "active", "features": ["analytics", "multi_location"], "company_id": "c382fdd5-1a60-4481-ad5f-65b575729b2c", "created_at": "2025-08-29T19:08:57.109", "created_by": null, "expires_at": "2026-04-26T19:08:57.106", "renewed_at": "2025-09-02T16:42:58.062", "start_date": "2025-08-29T19:08:57.106", "total_days": 240, "updated_at": "2025-09-03T00:00:00.046", "updated_by": "1ec02dec-9a81-473a-9cdf-31454e2e959a", "last_checked": "2025-09-03T00:00:00.044", "days_remaining": 236}	{"id": "38da34d2-3e21-4e14-a8c5-6b39c4cdde31", "status": "active", "features": ["analytics", "multi_location"], "company_id": "c382fdd5-1a60-4481-ad5f-65b575729b2c", "created_at": "2025-08-29T19:08:57.109", "created_by": null, "expires_at": "2026-04-26T19:08:57.106", "renewed_at": "2025-09-02T16:42:58.062", "start_date": "2025-08-29T19:08:57.106", "total_days": 240, "updated_at": "2025-09-05T00:00:00.1", "updated_by": "1ec02dec-9a81-473a-9cdf-31454e2e959a", "last_checked": "2025-09-05T00:00:00.099", "days_remaining": 234}	\N	2025-09-05 00:00:00.100235
\.


--
-- Data for Name: license_invoices; Type: TABLE DATA; Schema: public; Owner: -
--

COPY public.license_invoices (id, license_id, invoice_number, amount, currency, status, created_at, due_date, paid_at, payment_method, company_id, duration_days, issued_at, due_at, metadata, created_by) FROM stdin;
\.


--
-- Data for Name: licenses; Type: TABLE DATA; Schema: public; Owner: -
--

COPY public.licenses (id, company_id, status, start_date, expires_at, features, created_at, updated_at, created_by, updated_by, days_remaining, last_checked, renewed_at, total_days) FROM stdin;
40f26793-5d12-4037-813a-67e8534b7272	8c504c25-ec83-4ebe-bfbb-8ed624898b98	active	2025-09-03 13:58:36.34	2025-10-03 13:58:36.34	["basic"]	2025-09-03 13:58:36.341	2025-09-05 00:00:00.07	\N	\N	29	2025-09-05 00:00:00.069	\N	30
4452ed54-28a6-446e-9281-651e6b5b0ec2	dc3c6a10-96c6-4467-9778-313af66956af	active	2025-08-09 13:54:01.426	2026-03-08 13:54:01.426	["analytics", "multi_location"]	2025-08-09 13:54:01.426	2025-09-05 00:00:00.085	\N	1ec02dec-9a81-473a-9cdf-31454e2e959a	185	2025-09-05 00:00:00.084	2025-09-02 16:43:08.363	211
7e86bed0-2f03-4f32-a812-ad81316b34f3	aa896a02-e087-40a9-b981-d30c49a5c0a6	active	2025-09-02 20:41:23.085	2025-10-02 20:41:23.085	["basic"]	2025-09-02 20:41:23.087	2025-09-05 00:00:00.088	\N	\N	28	2025-09-05 00:00:00.087	\N	30
b037f11f-b98e-4dd2-a5e6-b8cc37cf58b7	5b7c4bdc-5649-49bd-9f6e-3a87a583d750	active	2025-08-29 19:25:04.684	2026-12-27 19:25:04.684	["analytics", "multi_location"]	2025-08-29 19:25:04.687	2025-09-05 00:00:00.089	\N	1ec02dec-9a81-473a-9cdf-31454e2e959a	479	2025-09-05 00:00:00.089	2025-08-29 19:25:23.164	485
d6a803ce-c7a3-496c-b460-c26fcd8e59be	b4830b4e-be20-4bba-8b3e-a0f0d2213749	active	2025-08-30 18:41:30.02	2025-09-29 18:41:30.02	["basic"]	2025-08-30 18:41:30.022	2025-09-05 00:00:00.091	\N	\N	25	2025-09-05 00:00:00.09	\N	30
eef7b459-8a50-41b9-85f9-824b7c276ea6	a13343e5-3109-4dc7-8f75-77982f0cfc7a	active	2025-08-30 18:41:53.167	2025-09-29 18:41:53.167	["basic"]	2025-08-30 18:41:53.168	2025-09-05 00:00:00.093	\N	\N	25	2025-09-05 00:00:00.092	\N	30
lic_sample_001	dc3c6a10-96c6-4467-9778-313af66956af	active	2024-09-13 17:15:55.124	2026-10-23 17:15:55.124	["pos_integration", "analytics", "multi_branch"]	2024-09-13 17:15:55.124	2025-09-05 00:00:00.096	1ec02dec-9a81-473a-9cdf-31454e2e959a	1ec02dec-9a81-473a-9cdf-31454e2e959a	414	2025-09-05 00:00:00.094	2025-08-29 18:24:23.816	770
adaaf5c8-28f7-402f-843a-029e1e297f45	ee1b200f-bd2b-4d23-a3ff-1ce80ef90a0a	active	2025-08-29 19:07:13.198	2025-09-28 19:07:13.198	["basic"]	2025-08-29 19:07:13.199	2025-09-05 00:00:00.097	\N	\N	24	2025-09-05 00:00:00.096	\N	30
a91c9849-509f-4213-aef4-907bd1b2d050	bef6f0cf-40b3-491e-915c-40e4b0d9fed7	active	2025-08-30 18:50:18.37	2027-02-26 18:50:18.37	["analytics", "multi_location"]	2025-08-30 18:50:18.372	2025-09-05 00:00:00.099	\N	1ec02dec-9a81-473a-9cdf-31454e2e959a	540	2025-09-05 00:00:00.098	2025-09-02 16:42:53.865	545
38da34d2-3e21-4e14-a8c5-6b39c4cdde31	c382fdd5-1a60-4481-ad5f-65b575729b2c	active	2025-08-29 19:08:57.106	2026-04-26 19:08:57.106	["analytics", "multi_location"]	2025-08-29 19:08:57.109	2025-09-05 00:00:00.1	\N	1ec02dec-9a81-473a-9cdf-31454e2e959a	234	2025-09-05 00:00:00.099	2025-09-02 16:42:58.062	240
\.


--
-- Data for Name: menu_categories; Type: TABLE DATA; Schema: public; Owner: -
--

COPY public.menu_categories (id, company_id, name, description, image, display_number, is_active, created_at, updated_at, deleted_at, created_by, updated_by) FROM stdin;
0d819024-b6c2-47ac-aa0f-177f020665cc	dc3c6a10-96c6-4467-9778-313af66956af	{"ar": "", "en": "Appetizers"}	{"ar": " ", "en": "Delicious starters"}	\N	1	t	2025-08-30 05:24:22.847	2025-08-31 10:46:16.521	\N	\N	\N
c6baef0a-278d-4eef-881e-48ab68911dfe	dc3c6a10-96c6-4467-9778-313af66956af	{"ar": " ", "en": "Main Dishes"}	{"ar": "  ", "en": "Our signature main courses"}	\N	2	t	2025-08-30 05:24:22.847	2025-08-31 10:46:18.019	\N	\N	\N
f11f4a8e-1797-40c7-8a97-86e2da02b15d	dc3c6a10-96c6-4467-9778-313af66956af	{"ar": "3", "en": "3"}	\N	\N	4	t	2025-08-30 09:58:39.315	2025-09-04 04:49:53.741	\N	\N	\N
44444444-4444-4444-4444-444444444444	82b4039a-f9f3-4648-b3e1-23397d83af61	{"ar": "", "en": "Desserts"}	{"ar": " ", "en": "Sweet desserts"}	\N	4	f	2025-08-29 23:21:26.675	2025-08-30 12:08:39.254	\N	\N	\N
33333333-3333-3333-3333-333333333333	82b4039a-f9f3-4648-b3e1-23397d83af61	{"ar": "", "en": "Beverages"}	{"ar": "  ", "en": "Cold and hot drinks"}	\N	3	f	2025-08-29 23:21:26.675	2025-08-30 12:08:40.136	\N	\N	\N
22222222-2222-2222-2222-222222222222	82b4039a-f9f3-4648-b3e1-23397d83af61	{"ar": "", "en": "Pizza"}	{"ar": " ", "en": "Fresh pizza"}	\N	2	f	2025-08-29 23:21:26.675	2025-08-30 12:08:40.844	\N	\N	\N
11111111-1111-1111-1111-111111111111	82b4039a-f9f3-4648-b3e1-23397d83af61	{"ar": "", "en": "Burgers"}	{"ar": " ", "en": "Delicious burgers"}	\N	1	f	2025-08-29 23:21:26.675	2025-08-30 12:08:41.358	\N	\N	\N
\.


--
-- Data for Name: menu_products; Type: TABLE DATA; Schema: public; Owner: -
--

COPY public.menu_products (id, company_id, category_id, name, description, image, slug, base_price, pricing, cost, status, priority, preparation_time, pricing_method, selling_method, tags, created_at, updated_at, deleted_at, created_by, updated_by, images) FROM stdin;
dddddddd-dddd-dddd-dddd-dddddddddddd	82b4039a-f9f3-4648-b3e1-23397d83af61	22222222-2222-2222-2222-222222222222	{"ar": " ", "en": "Pepperoni Supreme"}	{"ar": "   ", "en": "Pepperoni, mushrooms, bell peppers"}	\N	\N	21.99	{"talabat": 22.99, "website": 21.99, "uber_eats": 23.99}	0.00	1	2	22	1	1	{pepperoni,meat}	2025-08-29 23:22:08.065	2025-08-29 23:22:08.065	\N	\N	\N	{}
32f76b50-5ed6-4e4f-bc57-b3038ec24ddc	82b4039a-f9f3-4648-b3e1-23397d83af61	11111111-1111-1111-1111-111111111111	{"ar": "", "en": "Hummus"}	{"ar": "   ", "en": "Classic chickpea dip with tahini"}	\N	\N	8.50	{"dine_in": 8.50, "takeout": 7.50, "delivery": 9.50}	3.20	1	10	5	1	1	{vegetarian,healthy,popular}	2025-08-30 05:22:23.665	2025-08-30 05:22:23.665	\N	\N	\N	{}
bae9d88e-16d8-4c92-b3f9-a0e94ece63f5	82b4039a-f9f3-4648-b3e1-23397d83af61	11111111-1111-1111-1111-111111111111	{"ar": " ", "en": "Buffalo Wings"}	{"ar": "     ", "en": "Spicy chicken wings with blue cheese"}	\N	\N	12.99	{"dine_in": 12.99, "takeout": 11.99, "delivery": 13.99}	5.50	1	15	12	1	1	{spicy,popular,chicken}	2025-08-30 05:22:23.665	2025-08-30 05:22:23.665	\N	\N	\N	{}
5dc9dad0-ae58-4831-b73c-252cd62ca888	82b4039a-f9f3-4648-b3e1-23397d83af61	22222222-2222-2222-2222-222222222222	{"ar": "  ", "en": "Grilled Chicken Breast"}	{"ar": "   ", "en": "Juicy grilled chicken with herbs"}	\N	\N	18.50	{"dine_in": 18.50, "takeout": 17.50, "delivery": 19.50}	8.75	1	20	18	1	1	{healthy,protein,grilled}	2025-08-30 05:22:23.665	2025-08-30 05:22:23.665	\N	\N	\N	{}
89f57d6c-2efe-4ddc-84e4-919cbcf94470	82b4039a-f9f3-4648-b3e1-23397d83af61	22222222-2222-2222-2222-222222222222	{"ar": " ", "en": "Beef Burger"}	{"ar": "    ", "en": "Angus beef burger with fries"}	\N	\N	16.75	{"dine_in": 16.75, "takeout": 15.75, "delivery": 17.75}	7.25	1	25	15	1	1	{beef,popular,burger}	2025-08-30 05:22:23.665	2025-08-30 05:22:23.665	\N	\N	\N	{}
2c9a1a8c-c145-46f2-a8ed-c307ea6643f5	82b4039a-f9f3-4648-b3e1-23397d83af61	33333333-3333-3333-3333-333333333333	{"ar": " ", "en": "Chocolate Cake"}	{"ar": "   ", "en": "Rich chocolate layer cake"}	\N	\N	7.99	{"dine_in": 7.99, "takeout": 6.99, "delivery": 8.99}	2.50	1	5	3	1	1	{dessert,chocolate,sweet}	2025-08-30 05:22:23.665	2025-08-30 05:22:23.665	\N	\N	\N	{}
ddfd67af-3b93-4033-b8e3-a7ab1e4faf4d	dc3c6a10-96c6-4467-9778-313af66956af	0d819024-b6c2-47ac-aa0f-177f020665cc	{"ar": "wqe", "en": "wqw"}	{"ar": "qw", "en": "wqe"}	\N	\N	5.00	{"careem": 1, "talabat": 1, "website": 1, "callcenter": 1}	0.00	1	999	12	1	1	{2}	2025-08-30 13:16:41.085	2025-08-30 13:16:41.085	\N	\N	\N	{}
bbbbbbbb-bbbb-bbbb-bbbb-bbbbbbbbbbbb	82b4039a-f9f3-4648-b3e1-23397d83af61	11111111-1111-1111-1111-111111111111	{"ar": " ", "en": "Chicken Deluxe"}	{"ar": "     ", "en": "Grilled chicken breast with special sauce"}	\N	\N	13.99	{"website": 13.99, "uber_eats": 15.99}	0.00	0	2	10	1	1	{chicken,grilled}	2025-08-29 23:22:08.065	2025-08-30 15:10:24.687	\N	\N	\N	{}
cccccccc-cccc-cccc-cccc-cccccccccccc	82b4039a-f9f3-4648-b3e1-23397d83af61	22222222-2222-2222-2222-222222222222	{"ar": " ", "en": "Margherita Pizza"}	{"ar": "   ", "en": "Fresh tomato, mozzarella, basil"}	\N	\N	18.99	{"website": 18.99, "doordash": 20.99}	0.00	1	1	20	1	1	{vegetarian,popular}	2025-08-29 23:22:08.065	2025-09-04 04:46:38.347	\N	\N	\N	{}
eeeeeeee-eeee-eeee-eeee-eeeeeeeeeeee	82b4039a-f9f3-4648-b3e1-23397d83af61	33333333-3333-3333-3333-333333333333	{"ar": "  ", "en": "Fresh Orange Juice"}	{"ar": "   ", "en": "Freshly squeezed orange juice"}	\N	\N	4.99	{"website": 4.99, "uber_eats": 5.99}	0.00	0	1	2	1	1	{fresh,vitamin-c}	2025-08-29 23:22:08.065	2025-08-30 15:10:24.687	\N	\N	\N	{}
3d687360-7de7-4bc9-95bf-e3a3861a64a9	dc3c6a10-96c6-4467-9778-313af66956af	0d819024-b6c2-47ac-aa0f-177f020665cc	{"ar": "ss", "en": "ss"}	{"ar": "ss", "en": "ss"}	\N	\N	1.00	{"careem": 1, "talabat": 1, "website": 1, "callcenter": 1, "customChannels": []}	0.00	1	1	15	1	1	{}	2025-08-30 21:29:09.926	2025-08-30 21:29:09.926	\N	\N	\N	{}
c5eff27f-5957-42de-a900-15e029bfbfc7	dc3c6a10-96c6-4467-9778-313af66956af	f11f4a8e-1797-40c7-8a97-86e2da02b15d	{"ar": "12qwe", "en": "231"}	{"ar": "qweqweqd", "en": "qweq"}	\N	\N	1.00	{"careem": 1, "talabat": 1, "website": 1, "callcenter": 1}	0.00	1	4	12	1	1	{12}	2025-08-30 23:30:00.059	2025-08-30 23:30:00.059	\N	\N	\N	{}
9150eb46-ae7f-488a-8697-9f80508c1017	dc3c6a10-96c6-4467-9778-313af66956af	f11f4a8e-1797-40c7-8a97-86e2da02b15d	{"ar": "1111111111111111111", "en": "1111111111111111111"}	{"ar": "111111111111111111111", "en": "111111111111111"}	\N	\N	9.98	{"careem": 9.98, "talabat": 9.98, "website": 9.98, "callcenter": 9.98}	0.00	1	111	15	1	1	{11}	2025-08-30 23:33:33.904	2025-08-30 23:33:33.904	\N	\N	\N	{}
af24a45e-61b3-48b0-90fa-55d9a6433d21	dc3c6a10-96c6-4467-9778-313af66956af	f11f4a8e-1797-40c7-8a97-86e2da02b15d	{"ar": "2222222222222222", "en": "2222222222222222"}	{"ar": "11111111111111111111111", "en": "11111111111111111"}	\N	\N	2.00	{"careem": 2, "talabat": 2, "website": 2, "callcenter": 2}	0.00	1	2	12	1	1	{3}	2025-08-30 23:34:28.267	2025-08-30 23:34:28.267	\N	\N	\N	{}
55a75146-4c09-4054-8983-015a3395d9d0	dc3c6a10-96c6-4467-9778-313af66956af	f11f4a8e-1797-40c7-8a97-86e2da02b15d	{"ar": "ewr", "en": "rew"}	{"ar": "werew", "en": "werwer"}	\N	\N	1.00	{"careem": 1, "talabat": 1, "website": 1, "callcenter": 1}	0.00	1	1	12	1	1	{}	2025-08-30 23:22:11.753	2025-09-04 04:46:38.347	\N	\N	\N	{}
82485606-7240-4f87-a2c7-e7fa65a4bc0b	dc3c6a10-96c6-4467-9778-313af66956af	f11f4a8e-1797-40c7-8a97-86e2da02b15d	{"ar": "tteeeeessssssssssstttt", "en": "test222222222222222222222222"}	{"ar": "tttt", "en": "qwdqwdqwdqwd"}	/uploads/products/temp_1756597133068.webp	\N	1.00	{"careem": 1, "talabat": 1, "website": 1, "callcenter": 1}	0.00	1	123	12	1	1	{}	2025-08-30 23:38:53.107	2025-08-30 23:38:53.107	\N	\N	\N	{/uploads/products/temp_1756597133068.webp}
503749b4-d191-40ba-8fb8-64bfca712fd3	dc3c6a10-96c6-4467-9778-313af66956af	f11f4a8e-1797-40c7-8a97-86e2da02b15d	{"ar": "9999999999999", "en": "9999999999999"}	{"ar": "999999999999", "en": "99999999999999999"}	/uploads/products/temp_1756597765869.webp	\N	9.00	{"careem": 9, "talabat": 9, "website": 9, "callcenter": 9}	0.00	1	99	15	1	1	{}	2025-08-30 23:49:25.915	2025-08-30 23:49:25.915	\N	\N	\N	{/uploads/products/temp_1756597765869.webp}
f4880c90-6b50-4da7-a1ca-a452fa6537cf	dc3c6a10-96c6-4467-9778-313af66956af	f11f4a8e-1797-40c7-8a97-86e2da02b15d	{"ar": "ssssss", "en": "sssssss"}	{"ar": "ssss", "en": "ssss"}	/uploads/products/temp_1756597928787.webp	\N	0.99	{"careem": 0.99, "talabat": 0.99, "website": 0.99, "callcenter": 0.99}	0.00	1	220	12	1	1	{11111}	2025-08-30 23:52:08.828	2025-08-30 23:52:08.828	\N	\N	\N	{/uploads/products/temp_1756597928787.webp}
ee435138-7c2f-4356-bc18-7a987fd9c97e	dc3c6a10-96c6-4467-9778-313af66956af	f11f4a8e-1797-40c7-8a97-86e2da02b15d	{"ar": "3333333333333333333", "en": "3333333333333"}	{"ar": "33333333333", "en": "33333333333"}	/uploads/products/temp_1756598253797.webp	\N	33.00	{"careem": 33, "talabat": 33, "website": 33, "callcenter": 33}	0.00	1	3	23	1	1	{33333}	2025-08-30 23:57:33.837	2025-08-30 23:57:33.865	\N	\N	\N	{/uploads/products/temp_1756598253797.webp}
72926ac6-4d6d-458d-aba9-ea4a0780d85f	dc3c6a10-96c6-4467-9778-313af66956af	f11f4a8e-1797-40c7-8a97-86e2da02b15d	{"ar": "5555555555555", "en": "555555555"}	{"ar": "555555555555", "en": "555555555"}	/uploads/products/temp_1756598458392.webp	\N	5.00	{"careem": 5, "talabat": 5, "website": 5, "callcenter": 5}	0.00	1	5	12	1	1	{}	2025-08-31 00:00:58.457	2025-08-31 00:00:58.502	\N	\N	\N	{/uploads/products/temp_1756598458392.webp}
a56948cb-504b-43af-b334-34850efaf11c	dc3c6a10-96c6-4467-9778-313af66956af	f11f4a8e-1797-40c7-8a97-86e2da02b15d	{"ar": "this one", "en": "this one"}	\N	/uploads/products/temp_1756626491132.webp	\N	1.00	{"careem": 1, "talabat": 1, "website": 1, "callcenter": 1}	0.00	1	999	12	1	1	{}	2025-08-31 07:48:11.163	2025-08-31 07:48:11.191	\N	\N	\N	{/uploads/products/temp_1756626491132.webp}
3d5368ab-1112-4665-963c-12055934327f	dc3c6a10-96c6-4467-9778-313af66956af	f11f4a8e-1797-40c7-8a97-86e2da02b15d	{"ar": "11", "en": "11"}	{"ar": "11", "en": "11"}	/uploads/products/temp_1756626890689.webp	\N	1.00	{"careem": 1, "talabat": 1, "website": 1, "callcenter": 1, "customChannels": []}	0.00	1	11	15	1	1	{}	2025-08-31 07:54:50.724	2025-08-31 07:54:50.724	\N	\N	\N	{/uploads/products/temp_1756626890689.webp}
72b13cab-b109-47e3-b700-6e749aea8f9e	dc3c6a10-96c6-4467-9778-313af66956af	f11f4a8e-1797-40c7-8a97-86e2da02b15d	{"ar": "", "en": "1"}	{"ar": "", "en": ""}	\N	\N	10.00	{"careem": 10, "talabat": 10, "website": 10, "callcenter": 10, "customChannels": []}	0.00	1	28	15	1	1	{}	2025-08-31 08:00:47.585	2025-08-31 08:00:47.585	\N	\N	\N	{}
884a5fe3-fd82-4d1b-9811-48be0302987f	dc3c6a10-96c6-4467-9778-313af66956af	f11f4a8e-1797-40c7-8a97-86e2da02b15d	{"ar": "1", "en": "1"}	{"ar": "1", "en": "1"}	\N	\N	1.00	{"careem": 1, "talabat": 1, "website": 1, "callcenter": 1, "customChannels": []}	0.00	1	1	15	1	1	{}	2025-08-31 08:12:37.603	2025-08-31 08:12:37.603	\N	\N	\N	{}
15e53669-7ebe-4eaf-bce7-47c2802eb13f	dc3c6a10-96c6-4467-9778-313af66956af	f11f4a8e-1797-40c7-8a97-86e2da02b15d	{"ar": "1", "en": "1"}	{"ar": "", "en": ""}	\N	\N	1.00	{"careem": 1, "talabat": 1, "website": 1, "callcenter": 1, "customChannels": []}	0.00	1	1	15	1	1	{}	2025-08-31 08:15:11.048	2025-08-31 08:15:11.048	\N	\N	\N	{}
292f4b8f-2597-429c-a7ae-eddba9b39d43	dc3c6a10-96c6-4467-9778-313af66956af	0d819024-b6c2-47ac-aa0f-177f020665cc	{"ar": "21", "en": "121"}	{"ar": "", "en": ""}	\N	\N	1.00	{"careem": 1, "talabat": 1, "website": 1, "callcenter": 1, "customChannels": []}	0.00	1	1	15	1	1	{}	2025-08-31 08:39:19.293	2025-08-31 08:39:19.293	\N	\N	\N	{}
d2c28a5f-33ff-45db-9c41-13fdbe1f8bf9	dc3c6a10-96c6-4467-9778-313af66956af	f11f4a8e-1797-40c7-8a97-86e2da02b15d	{"ar": "312312", "en": "12312"}	{"ar": "123", "en": "21312"}	\N	\N	1.00	{"careem": 1, "talabat": 1, "website": 1, "callcenter": 1, "customChannels": [{"id": "3rod", "name": "3rod", "price": 0, "enabled": true}]}	0.00	1	19	15	1	1	{offers}	2025-08-31 11:30:18.626	2025-08-31 11:30:18.626	\N	\N	\N	{}
aa3da288-dda0-4e80-b075-61ca7e9b8419	dc3c6a10-96c6-4467-9778-313af66956af	f11f4a8e-1797-40c7-8a97-86e2da02b15d	{"ar": "312312", "en": "12312", "tr": "dqw"}	{"ar": "123", "en": "21312", "tr": "test"}	\N	\N	1.00	{"careem": 1, "talabat": 1, "website": 1, "callcenter": 1, "customChannels": [{"id": "3rod", "name": "3rod", "price": 0, "enabled": true}]}	0.00	1	19	15	1	1	{offers}	2025-08-31 12:19:30.823	2025-08-31 12:19:30.823	\N	\N	\N	{}
93785ebe-23be-4a6b-9f5b-a229282715cd	dc3c6a10-96c6-4467-9778-313af66956af	f11f4a8e-1797-40c7-8a97-86e2da02b15d	{"ar": "312312", "en": "12312", "tr": "dqw"}	{"ar": "123", "en": "21312", "tr": "test"}	\N	\N	1.00	{"careem": 1, "talabat": 1, "website": 1, "callcenter": 1, "customChannels": [{"id": "3rod", "name": "3rod", "price": 0, "enabled": true}]}	0.00	1	19	15	1	1	{offers}	2025-08-31 12:32:51.985	2025-08-31 12:32:51.985	\N	\N	\N	{}
dc31a945-32a8-4ad9-8bef-91ab57097a5f	dc3c6a10-96c6-4467-9778-313af66956af	f11f4a8e-1797-40c7-8a97-86e2da02b15d	{"ar": "11", "en": "11", "ku": "drgd"}	{"ar": "111", "en": "11", "ku": "dffdb"}	\N	\N	1.00	{"careem": 1, "talabat": 1, "website": 1.2, "callcenter": 0.5, "customChannels": []}	0.00	1	1	15	1	1	{}	2025-09-01 19:09:53.663	2025-09-01 19:09:53.663	\N	\N	\N	{}
64e98f8f-e97a-44ea-8230-12540196f5b2	dc3c6a10-96c6-4467-9778-313af66956af	f11f4a8e-1797-40c7-8a97-86e2da02b15d	{"ar": "test", "en": "tesr"}	{"ar": "wsdfghyj", "en": "sdcfvhbjk"}	/uploads/products/temp_1756755241972.webp	\N	1.00	{"careem": 1, "talabat": 1, "website": 1, "callcenter": 1, "customChannels": [{"id": "menu_secret", "name": "menu secret", "price": 5225, "enabled": true}, {"id": "jhli", "name": "jhli", "price": 0.48, "enabled": true}]}	0.00	1	1	15	1	1	{offer}	2025-09-01 19:34:01.997	2025-09-01 19:34:01.997	\N	\N	\N	{/uploads/products/temp_1756755241972.webp}
\.


--
-- Data for Name: modifier_categories; Type: TABLE DATA; Schema: public; Owner: -
--

COPY public.modifier_categories (id, company_id, name, description, display_number, image, created_at, updated_at, deleted_at, is_required, max_selections, min_selections, selection_type) FROM stdin;
a2c86b1e-4784-4712-a25d-69cce631aefa	dc3c6a10-96c6-4467-9778-313af66956af	{"ar": "test", "en": "test1"}	{"ar": "", "en": ""}	1	\N	2025-08-31 12:32:19.966	2025-08-31 12:32:19.966	\N	f	1	0	single
e8e3a9be-0436-4549-befb-0c84116184de	dc3c6a10-96c6-4467-9778-313af66956af	{"ar": "", "en": "1"}	{"ar": "", "en": ""}	1	\N	2025-08-31 12:52:04.912	2025-08-31 12:52:04.912	\N	f	1	0	single
bd60ec8a-3d5f-48cf-afb1-4bdbacd7e06f	dc3c6a10-96c6-4467-9778-313af66956af	{"ar": "drinks", "en": "drinks"}	{"ar": "...", "en": "...."}	1	\N	2025-09-01 19:38:40.514	2025-09-01 19:39:11.626	\N	f	10	0	counter
\.


--
-- Data for Name: modifiers; Type: TABLE DATA; Schema: public; Owner: -
--

COPY public.modifiers (id, modifier_category_id, company_id, name, description, base_price, pricing, cost, status, display_number, created_at, updated_at, deleted_at, image, is_default) FROM stdin;
\.


--
-- Data for Name: order_items; Type: TABLE DATA; Schema: public; Owner: -
--

COPY public.order_items (id, order_id, product_id, product_name, quantity, unit_price, total_price, modifiers, special_requests, created_at) FROM stdin;
\.


--
-- Data for Name: orders; Type: TABLE DATA; Schema: public; Owner: -
--

COPY public.orders (id, order_number, branch_id, delivery_zone_id, delivery_provider_id, customer_name, customer_phone, customer_email, delivery_address, delivery_lat, delivery_lng, order_type, status, subtotal, delivery_fee, tax_amount, total_amount, payment_method, payment_status, estimated_delivery_time, actual_delivery_time, provider_order_id, provider_tracking_url, driver_info, notes, created_at, updated_at, delivered_at, cancelled_at, cancellation_reason) FROM stdin;
\.


--
-- Data for Name: price_history; Type: TABLE DATA; Schema: public; Owner: -
--

COPY public.price_history (id, entity_type, entity_id, promotion_id, old_price, new_price, change_reason, platform, created_at, created_by) FROM stdin;
\.


--
-- Data for Name: print_jobs; Type: TABLE DATA; Schema: public; Owner: -
--

COPY public.print_jobs (id, type, printer_id, content, status, priority, order_id, company_id, branch_id, user_id, attempts, processing_time, error, created_at, updated_at, started_at, completed_at, failed_at) FROM stdin;
\.


--
-- Data for Name: print_templates; Type: TABLE DATA; Schema: public; Owner: -
--

COPY public.print_templates (id, name, type, template, is_default, company_id, created_at, updated_at) FROM stdin;
\.


--
-- Data for Name: printers; Type: TABLE DATA; Schema: public; Owner: -
--

COPY public.printers (id, name, type, connection, ip, port, manufacturer, model, location, "paperWidth", "assignedTo", is_default, status, capabilities, last_seen, company_id, branch_id, created_at, updated_at) FROM stdin;
\.


--
-- Data for Name: product_images; Type: TABLE DATA; Schema: public; Owner: -
--

COPY public.product_images (id, product_id, filename, original_name, url, size, width, height, mime_type, created_at, updated_at) FROM stdin;
fe27703e-d813-408e-a505-5fc2ba42f317	82485606-7240-4f87-a2c7-e7fa65a4bc0b	temp_1756597133068.webp	test.jpg	/uploads/products/temp_1756597133068.webp	82806	612	408	image/webp	2025-08-30 23:38:53.071	2025-08-30 23:38:53.134
99bd94ad-3fe0-4015-8344-ea0b4d50f863	503749b4-d191-40ba-8fb8-64bfca712fd3	temp_1756597765869.webp	test.jpg	/uploads/products/temp_1756597765869.webp	82806	612	408	image/webp	2025-08-30 23:49:25.874	2025-08-30 23:49:25.938
c448245e-2d60-4988-8fc7-ea2810e34901	f4880c90-6b50-4da7-a1ca-a452fa6537cf	temp_1756597928787.webp	test.jpg	/uploads/products/temp_1756597928787.webp	82806	612	408	image/webp	2025-08-30 23:52:08.79	2025-08-30 23:52:08.855
69e899f7-b5dd-41d0-9fdc-60794a364e83	ee435138-7c2f-4356-bc18-7a987fd9c97e	temp_1756598253797.webp	test.jpg	/uploads/products/temp_1756598253797.webp	82806	612	408	image/webp	2025-08-30 23:57:33.801	2025-08-30 23:57:33.862
71413f06-3949-4852-aad9-0473cf22aa81	72926ac6-4d6d-458d-aba9-ea4a0780d85f	temp_1756598458392.webp	test.jpg	/uploads/products/temp_1756598458392.webp	82806	612	408	image/webp	2025-08-31 00:00:58.4	2025-08-31 00:00:58.497
6a9bcc58-f9cd-4385-89f0-6700d6317502	a56948cb-504b-43af-b334-34850efaf11c	temp_1756626491132.webp	test.jpg	/uploads/products/temp_1756626491132.webp	82806	612	408	image/webp	2025-08-31 07:48:11.136	2025-08-31 07:48:11.189
71085ea9-5f8c-43b2-b95e-9dadd8a66c19	\N	temp_1756626890689.webp	test.jpg	/uploads/products/temp_1756626890689.webp	82806	612	408	image/webp	2025-08-31 07:54:50.694	2025-08-31 07:54:50.694
d052971a-257a-4fd4-8848-60cc56577380	\N	temp_1756755241972.webp	test.jpg	/uploads/products/temp_1756755241972.webp	82806	612	408	image/webp	2025-09-01 19:34:01.975	2025-09-01 19:34:01.975
\.


--
-- Data for Name: product_modifier_categories; Type: TABLE DATA; Schema: public; Owner: -
--

COPY public.product_modifier_categories (id, product_id, modifier_category_id, min_quantity, max_quantity, price_override, is_required, display_order, created_at) FROM stdin;
44fb8698-6d27-46d8-b82f-5bd586dab3ea	93785ebe-23be-4a6b-9f5b-a229282715cd	e8e3a9be-0436-4549-befb-0c84116184de	0	1	\N	f	1	2025-08-31 12:52:22.037
01065757-6787-40db-a3ed-9d69aebb437e	64e98f8f-e97a-44ea-8230-12540196f5b2	bd60ec8a-3d5f-48cf-afb1-4bdbacd7e06f	0	1	\N	f	1	2025-09-01 19:39:18.401
\.


--
-- Data for Name: promotion_analytics; Type: TABLE DATA; Schema: public; Owner: -
--

COPY public.promotion_analytics (id, campaign_id, date, platform, total_uses, unique_customers, new_customers, returning_customers, gross_revenue, total_discount_given, average_order_value, total_orders, impression_count, click_count, conversion_rate, created_at) FROM stdin;
\.


--
-- Data for Name: promotion_campaigns; Type: TABLE DATA; Schema: public; Owner: -
--

COPY public.promotion_campaigns (id, company_id, name, description, slug, type, status, priority, is_public, is_stackable, starts_at, ends_at, days_of_week, time_ranges, total_usage_limit, per_customer_limit, current_usage_count, discount_value, max_discount_amount, minimum_order_amount, minimum_items_count, buy_quantity, get_quantity, get_discount_percentage, target_platforms, target_customer_segments, total_revenue_impact, total_orders_count, total_customers_reached, created_by, updated_by, created_at, updated_at, deleted_at) FROM stdin;
a020c4f7-e54e-4866-a027-7f63a6319824	82b4039a-f9f3-4648-b3e1-23397d83af61	{"en": "Test Campaign"}	{}	test-campaign	percentage_discount	draft	999	t	f	\N	\N	{}	[]	\N	1	0	10.00	\N	\N	1	\N	\N	\N	{}	{}	0.00	0	0	4fcb92e6-d1c2-4583-8ce7-172227a2a4e8	4fcb92e6-d1c2-4583-8ce7-172227a2a4e8	2025-09-05 05:12:39.391	2025-09-05 05:12:39.391	\N
c3950b31-575a-42cc-a502-7b50c3459862	82b4039a-f9f3-4648-b3e1-23397d83af61	{"en": "Test Campaign 2"}	{}	test-campaign-2	percentage_discount	draft	999	t	f	\N	\N	{}	[]	\N	1	0	15.00	\N	\N	1	\N	\N	\N	{}	{}	0.00	0	0	4fcb92e6-d1c2-4583-8ce7-172227a2a4e8	4fcb92e6-d1c2-4583-8ce7-172227a2a4e8	2025-09-05 05:15:42.96	2025-09-05 05:15:42.96	\N
3c6e7d07-0c0b-438f-82dc-5f2fdffbaaec	82b4039a-f9f3-4648-b3e1-23397d83af61	{"ar": "  API", "en": "API Test Campaign"}	{"en": "Testing from API"}	api-test-campaign-001	percentage_discount	draft	999	t	f	\N	\N	{}	[]	\N	1	0	20.50	50.00	25.00	1	\N	\N	\N	{}	{}	0.00	0	0	4fcb92e6-d1c2-4583-8ce7-172227a2a4e8	4fcb92e6-d1c2-4583-8ce7-172227a2a4e8	2025-09-05 05:33:12.025	2025-09-05 05:33:12.025	\N
880c0ecd-0b3d-437c-a8e0-664792d3da1c	82b4039a-f9f3-4648-b3e1-23397d83af61	{"en": "Test Campaign"}	{}	test-campaign-001	percentage_discount	draft	999	t	f	\N	\N	{}	[]	\N	1	0	15.50	25.00	10.00	1	\N	\N	\N	{}	{}	0.00	0	0	4fcb92e6-d1c2-4583-8ce7-172227a2a4e8	4fcb92e6-d1c2-4583-8ce7-172227a2a4e8	2025-09-05 05:40:53.336	2025-09-05 05:40:53.336	\N
3ee1bf82-f020-48ea-a8c8-76215c594f99	c382fdd5-1a60-4481-ad5f-65b575729b2c	{"ar": "qweq", "en": "eqwe"}	{"ar": "", "en": "wqeqw"}	eqwe	buy_x_get_y	draft	999	t	f	\N	\N	{}	[]	111	1	0	444.00	\N	4.00	1	2	1	11.00	{}	{}	0.00	0	0	1ec02dec-9a81-473a-9cdf-31454e2e959a	1ec02dec-9a81-473a-9cdf-31454e2e959a	2025-09-05 10:41:27.275	2025-09-05 10:41:27.275	\N
518d294d-87b0-4d76-a19a-93534c527494	dc3c6a10-96c6-4467-9778-313af66956af	{"ar": "  ", "en": "Copy of Test Campaign"}	{}	test-campaign-1-copy-1757068934137	percentage_discount	draft	999	t	f	\N	\N	{}	[]	\N	1	0	10.00	\N	\N	1	\N	\N	\N	{}	{}	0.00	0	0	1ec02dec-9a81-473a-9cdf-31454e2e959a	1ec02dec-9a81-473a-9cdf-31454e2e959a	2025-09-05 10:42:14.14	2025-09-05 10:42:16.539	2025-09-05 10:42:16.538
1850ee2b-db85-439c-9ca2-5d6e05ff5773	c382fdd5-1a60-4481-ad5f-65b575729b2c	{"ar": "232", "en": "312"}	{"ar": "", "en": ""}	312	buy_x_get_y	draft	999	t	f	\N	\N	{}	[]	111	1	0	44.00	\N	3.00	1	2	1	11.00	{}	{}	0.00	0	0	1ec02dec-9a81-473a-9cdf-31454e2e959a	1ec02dec-9a81-473a-9cdf-31454e2e959a	2025-09-05 10:59:07.111	2025-09-05 10:59:07.111	\N
841420d3-d734-4d78-ad96-77b33c88c054	dc3c6a10-96c6-4467-9778-313af66956af	{"en": "Test Campaign"}	{}	test-campaign-1	percentage_discount	paused	999	t	f	\N	\N	{}	[]	\N	1	0	10.00	\N	\N	1	\N	\N	\N	{}	{}	0.00	0	0	1ec02dec-9a81-473a-9cdf-31454e2e959a	1ec02dec-9a81-473a-9cdf-31454e2e959a	2025-09-05 10:37:34.444	2025-09-05 11:03:39.744	2025-09-05 11:03:39.743
d08c4cee-5e40-461f-9587-061bd0e3e83d	dc3c6a10-96c6-4467-9778-313af66956af	{"ar": "qwe", "en": "eqwe"}	{"ar": "", "en": ""}	eqwe-1	buy_x_get_y	paused	999	t	f	\N	\N	{}	[]	111	1	0	44.00	\N	1.00	1	2	\N	\N	{}	{}	0.00	0	0	1ec02dec-9a81-473a-9cdf-31454e2e959a	1ec02dec-9a81-473a-9cdf-31454e2e959a	2025-09-05 11:03:25.827	2025-09-05 11:09:26.948	\N
\.


--
-- Data for Name: promotion_codes; Type: TABLE DATA; Schema: public; Owner: -
--

COPY public.promotion_codes (id, campaign_id, code, is_single_use, usage_count, is_active, created_at) FROM stdin;
a56081a9-1b17-4c78-af27-d98b0a8312df	3c6e7d07-0c0b-438f-82dc-5f2fdffbaaec	APITEST20	f	0	t	2025-09-05 05:33:12.033
d4f262c3-be0e-4acf-9526-f3797f8dfb06	880c0ecd-0b3d-437c-a8e0-664792d3da1c	TEST15	f	0	t	2025-09-05 05:40:53.342
ab718d0f-f4a7-43ac-aaf9-1a92562cc179	3ee1bf82-f020-48ea-a8c8-76215c594f99	EQWE643	f	0	t	2025-09-05 10:41:27.285
401d41e9-7557-4b2b-a67b-70af4cda6dbe	1850ee2b-db85-439c-9ca2-5d6e05ff5773	312186	f	0	t	2025-09-05 10:59:07.116
6892077d-d61d-4246-b992-229fd24df092	d08c4cee-5e40-461f-9587-061bd0e3e83d	EQWE619	f	0	t	2025-09-05 11:03:25.832
\.


--
-- Data for Name: promotion_menu_items; Type: TABLE DATA; Schema: public; Owner: -
--

COPY public.promotion_menu_items (id, campaign_id, menu_item_id, discount_value, discount_type, max_discount_amount, platforms, is_active, start_date, end_date, created_at, updated_at) FROM stdin;
\.


--
-- Data for Name: promotion_modifier_markups; Type: TABLE DATA; Schema: public; Owner: -
--

COPY public.promotion_modifier_markups (id, promotion_id, product_id, modifier_id, markup_percentage, original_price, marked_up_price, profit_margin, business_reason, created_at) FROM stdin;
\.


--
-- Data for Name: promotion_platform_configs; Type: TABLE DATA; Schema: public; Owner: -
--

COPY public.promotion_platform_configs (id, campaign_id, platform, platform_specific_id, custom_settings, is_synced, last_synced_at, sync_error, created_at) FROM stdin;
\.


--
-- Data for Name: promotion_products; Type: TABLE DATA; Schema: public; Owner: -
--

COPY public.promotion_products (id, promotion_id, product_id, base_discount_type, base_discount_value, created_at) FROM stdin;
\.


--
-- Data for Name: promotion_targets; Type: TABLE DATA; Schema: public; Owner: -
--

COPY public.promotion_targets (id, campaign_id, target_type, target_id, created_at) FROM stdin;
\.


--
-- Data for Name: promotion_templates; Type: TABLE DATA; Schema: public; Owner: -
--

COPY public.promotion_templates (id, company_id, name, description, template_data, category, is_global, usage_count, created_by, created_at, updated_at) FROM stdin;
\.


--
-- Data for Name: promotion_usage; Type: TABLE DATA; Schema: public; Owner: -
--

COPY public.promotion_usage (id, campaign_id, code_id, customer_id, customer_email, customer_phone, order_id, usage_date, discount_applied, order_total, platform_used, branch_id, metadata) FROM stdin;
\.


--
-- Data for Name: promotion_variants; Type: TABLE DATA; Schema: public; Owner: -
--

COPY public.promotion_variants (id, campaign_id, variant_name, traffic_percentage, configuration_override, is_active, created_at) FROM stdin;
\.


--
-- Data for Name: promotions; Type: TABLE DATA; Schema: public; Owner: -
--

COPY public.promotions (id, company_id, name, description, promotion_type, start_date, end_date, is_active, auto_revert, platforms, min_profit_margin, original_pricing_snapshot, created_at, updated_at, created_by) FROM stdin;
\.


--
-- Data for Name: provider_order_logs; Type: TABLE DATA; Schema: public; Owner: -
--

COPY public.provider_order_logs (id, company_provider_config_id, branch_id, order_id, provider_order_id, order_status, request_payload, response_payload, webhook_payload, error_message, processing_time_ms, api_endpoint, http_status_code, created_at, updated_at) FROM stdin;
\.


--
-- Data for Name: user_activity_logs; Type: TABLE DATA; Schema: public; Owner: -
--

COPY public.user_activity_logs (id, user_id, action, resource_type, resource_id, description, ip_address, user_agent, success, error_message, "timestamp") FROM stdin;
7ccb86de-573c-46c1-91d3-dfdd9c4ca5fe	d9136bdc-392e-445e-8ed8-60d8b0c979b6	login_success	\N	\N	User logged in successfully	::1	curl/8.15.0	t	\N	2025-08-31 13:33:20.771
917f1c9b-043b-4d2e-b796-4fe2ff3fd007	d9136bdc-392e-445e-8ed8-60d8b0c979b6	logout	\N	\N	User logged out	::1	curl/8.15.0	t	\N	2025-08-31 13:36:03.206
cd23a839-68a7-4ed9-b3ef-c06ab0b2e8fa	d9136bdc-392e-445e-8ed8-60d8b0c979b6	login_success	\N	\N	User logged in successfully	::1	curl/8.15.0	t	\N	2025-08-31 14:00:20.719
a672eace-00f3-4657-8c99-3a39b6d521e8	1ec02dec-9a81-473a-9cdf-31454e2e959a	login_success	\N	\N	User logged in successfully	::1	Mozilla/5.0 (X11; Linux x86_64) AppleWebKit/537.36 (KHTML, like Gecko) Chrome/140.0.0.0 Safari/537.36	t	\N	2025-08-31 23:40:18.12
ac85c1fa-51d4-4791-bd50-5f23352fe34c	4fcb92e6-d1c2-4583-8ce7-172227a2a4e8	login_failed	\N	\N	Failed login attempt - invalid password	::1	curl/8.15.0	f	\N	2025-09-01 07:09:17.683
ec12dfc8-38f9-4c91-a2a6-874272923e2e	4fcb92e6-d1c2-4583-8ce7-172227a2a4e8	login_failed	\N	\N	Failed login attempt - invalid password	::1	curl/8.15.0	f	\N	2025-09-01 07:11:00.155
ed9f637b-2fe3-4b43-a667-a5f766efa3cd	1ec02dec-9a81-473a-9cdf-31454e2e959a	login_success	\N	\N	User logged in successfully	::1	Mozilla/5.0 (X11; Linux x86_64) AppleWebKit/537.36 (KHTML, like Gecko) Chrome/140.0.0.0 Safari/537.36	t	\N	2025-09-01 07:55:30.859
54fc6722-0537-4395-9bbd-e3dc9a448443	1ec02dec-9a81-473a-9cdf-31454e2e959a	login_success	\N	\N	User logged in successfully	::1	Mozilla/5.0 (X11; Linux x86_64) AppleWebKit/537.36 (KHTML, like Gecko) Chrome/140.0.0.0 Safari/537.36	t	\N	2025-09-01 07:55:32.177
a6a69a82-8cba-4de9-8408-c98ee8f1be85	1ec02dec-9a81-473a-9cdf-31454e2e959a	login_success	\N	\N	User logged in successfully	::1	Mozilla/5.0 (X11; Linux x86_64) AppleWebKit/537.36 (KHTML, like Gecko) Chrome/140.0.0.0 Safari/537.36	t	\N	2025-09-01 07:55:36.254
0ce18aeb-89cb-4acc-96c5-5c9f9a948335	1ec02dec-9a81-473a-9cdf-31454e2e959a	login_success	\N	\N	User logged in successfully	::1	Mozilla/5.0 (X11; Linux x86_64) AppleWebKit/537.36 (KHTML, like Gecko) Chrome/140.0.0.0 Safari/537.36	t	\N	2025-09-01 11:32:46.11
931a7107-4230-419d-9604-47d6294a0ffb	1ec02dec-9a81-473a-9cdf-31454e2e959a	login_success	\N	\N	User logged in successfully	::1	Mozilla/5.0 (X11; Linux x86_64) AppleWebKit/537.36 (KHTML, like Gecko) Chrome/140.0.0.0 Safari/537.36	t	\N	2025-09-01 13:01:28.141
ada333eb-6eda-4a1e-9aaa-9e1c1cea3a1d	1ec02dec-9a81-473a-9cdf-31454e2e959a	login_success	\N	\N	User logged in successfully	::1	Mozilla/5.0 (X11; Linux x86_64) AppleWebKit/537.36 (KHTML, like Gecko) Chrome/140.0.0.0 Safari/537.36	t	\N	2025-09-01 13:02:31.246
be8f82ff-a88d-4fba-afb7-3144f700e581	1ec02dec-9a81-473a-9cdf-31454e2e959a	login_success	\N	\N	User logged in successfully	::1	Mozilla/5.0 (X11; Linux x86_64) AppleWebKit/537.36 (KHTML, like Gecko) Chrome/140.0.0.0 Safari/537.36	t	\N	2025-09-01 13:02:35.766
abfefaf0-a517-46a2-b312-b4f8e01f706a	1ec02dec-9a81-473a-9cdf-31454e2e959a	login_success	\N	\N	User logged in successfully	::1	Mozilla/5.0 (X11; Linux x86_64) AppleWebKit/537.36 (KHTML, like Gecko) Chrome/140.0.0.0 Safari/537.36	t	\N	2025-09-01 13:27:55.758
9f91f918-5a7c-45dc-a391-42d3e7b3280a	1ec02dec-9a81-473a-9cdf-31454e2e959a	login_success	\N	\N	User logged in successfully	::1	Mozilla/5.0 (X11; Linux x86_64) AppleWebKit/537.36 (KHTML, like Gecko) Chrome/140.0.0.0 Safari/537.36	t	\N	2025-09-01 15:33:51.292
6d19429f-7760-472a-9196-1651bf554ae6	1ec02dec-9a81-473a-9cdf-31454e2e959a	login_success	\N	\N	User logged in successfully	::1	Mozilla/5.0 (X11; Linux x86_64) AppleWebKit/537.36 (KHTML, like Gecko) Chrome/140.0.0.0 Safari/537.36	t	\N	2025-09-01 19:01:33.514
b7fc9178-0a71-480b-bc20-bb9aa0c796f7	1ec02dec-9a81-473a-9cdf-31454e2e959a	login_success	\N	\N	User logged in successfully	::1	Mozilla/5.0 (X11; Linux x86_64) AppleWebKit/537.36 (KHTML, like Gecko) Chrome/140.0.0.0 Safari/537.36	t	\N	2025-09-01 22:02:17.971
b8fbcf1e-5c9a-4c86-9ee9-6e972bd93b1b	4fcb92e6-d1c2-4583-8ce7-172227a2a4e8	login_failed	\N	\N	Failed login attempt - invalid password	::1	curl/8.15.0	f	\N	2025-09-02 07:24:34.269
cda2e0c1-9416-4855-8dae-5577e77dd52e	4fcb92e6-d1c2-4583-8ce7-172227a2a4e8	login_failed	\N	\N	Failed login attempt - invalid password	::1	undici	f	\N	2025-09-02 07:25:18.731
88f856ac-cb6c-434f-854d-41ec2e610724	4fcb92e6-d1c2-4583-8ce7-172227a2a4e8	login_failed	\N	\N	Failed login attempt - invalid password	::1	undici	f	\N	2025-09-02 07:25:19.194
33f8ad42-e5c9-4edb-8115-cbc088deb961	dfed55fa-5890-426d-9960-8ee49318d18a	login_failed	\N	\N	Failed login attempt - invalid password	::1	undici	f	\N	2025-09-02 07:25:19.329
22a6f21e-9a59-44b7-b281-f00af893ffa5	dfed55fa-5890-426d-9960-8ee49318d18a	login_failed	\N	\N	Failed login attempt - invalid password	::1	undici	f	\N	2025-09-02 07:25:19.454
c2a0851d-f219-4152-b0b7-de14489e917b	1ec02dec-9a81-473a-9cdf-31454e2e959a	login_success	\N	\N	User logged in successfully	::1	Mozilla/5.0 (X11; Linux x86_64) AppleWebKit/537.36 (KHTML, like Gecko) Chrome/140.0.0.0 Safari/537.36	t	\N	2025-09-02 07:26:31.404
9430977a-410f-4570-b2df-a65c9b26a2f8	1ec02dec-9a81-473a-9cdf-31454e2e959a	login_success	\N	\N	User logged in successfully	::1	Mozilla/5.0 (X11; Linux x86_64) AppleWebKit/537.36 (KHTML, like Gecko) Chrome/140.0.0.0 Safari/537.36	t	\N	2025-09-02 07:26:36.837
c4cbd841-dcfe-496e-8655-b9eecc4cb8cf	1ec02dec-9a81-473a-9cdf-31454e2e959a	login_success	\N	\N	User logged in successfully	::1	Mozilla/5.0 (X11; Linux x86_64) AppleWebKit/537.36 (KHTML, like Gecko) Chrome/140.0.0.0 Safari/537.36	t	\N	2025-09-03 03:14:44.816
4eb9fbf8-d0ff-4c24-98c1-633c436639aa	1ec02dec-9a81-473a-9cdf-31454e2e959a	login_success	\N	\N	User logged in successfully	::1	Mozilla/5.0 (X11; Linux x86_64) AppleWebKit/537.36 (KHTML, like Gecko) Chrome/140.0.0.0 Safari/537.36	t	\N	2025-09-03 03:17:01.095
837a75d8-eab4-4dd3-951d-f7a8b74d16e6	4fcb92e6-d1c2-4583-8ce7-172227a2a4e8	login_success	\N	\N	User logged in successfully	::1	curl/8.15.0	t	\N	2025-09-03 13:07:25.951
a68dd7f2-7f83-4a60-b38a-5c4caa22f400	dfed55fa-5890-426d-9960-8ee49318d18a	login_success	\N	\N	User logged in successfully	::1	curl/8.15.0	t	\N	2025-09-03 13:07:26.136
9cb466ee-aabc-456d-aaf9-6bd766a19ae6	1ec02dec-9a81-473a-9cdf-31454e2e959a	login_success	\N	\N	User logged in successfully	::1	Mozilla/5.0 (X11; Linux x86_64) AppleWebKit/537.36 (KHTML, like Gecko) Chrome/140.0.0.0 Safari/537.36	t	\N	2025-09-03 13:15:06.619
e561cf3e-875a-4340-9745-d0ed1be37ccd	1ec02dec-9a81-473a-9cdf-31454e2e959a	login_success	\N	\N	User logged in successfully	::1	Mozilla/5.0 (X11; Linux x86_64) AppleWebKit/537.36 (KHTML, like Gecko) Chrome/140.0.0.0 Safari/537.36	t	\N	2025-09-03 13:15:17.521
911666c5-ca06-4b72-92da-1eb201230009	dfed55fa-5890-426d-9960-8ee49318d18a	login_success	\N	\N	User logged in successfully	::1	Mozilla/5.0 (X11; Linux x86_64) AppleWebKit/537.36 (KHTML, like Gecko) Chrome/140.0.0.0 Safari/537.36	t	\N	2025-09-03 13:18:18.596
3909f1df-7da8-4e3b-ad1a-89c1688dbc47	4fcb92e6-d1c2-4583-8ce7-172227a2a4e8	login_success	\N	\N	User logged in successfully	::1	curl/8.15.0	t	\N	2025-09-03 13:19:24.991
78a9b735-92da-460b-8fbe-0c027f41ed57	1ec02dec-9a81-473a-9cdf-31454e2e959a	login_success	\N	\N	User logged in successfully	::1	Mozilla/5.0 (X11; Linux x86_64) AppleWebKit/537.36 (KHTML, like Gecko) Chrome/140.0.0.0 Safari/537.36	t	\N	2025-09-03 13:21:03.205
ac09bc25-639d-45c7-af2c-e1165ec8fb31	4fcb92e6-d1c2-4583-8ce7-172227a2a4e8	login_success	\N	\N	User logged in successfully	::1	curl/8.15.0	t	\N	2025-09-03 13:21:18.705
ba4df156-8f4a-46e1-8fdf-a2bc7a6d44a8	4fcb92e6-d1c2-4583-8ce7-172227a2a4e8	login_success	\N	\N	User logged in successfully	::1	curl/8.15.0	t	\N	2025-09-03 13:26:04.347
51d9f881-bd42-4f52-81c7-8684162185fc	4fcb92e6-d1c2-4583-8ce7-172227a2a4e8	login_success	\N	\N	User logged in successfully	::1	curl/8.15.0	t	\N	2025-09-03 13:31:00.294
0cb02385-05c4-41ba-a679-4eb37fa844f0	4fcb92e6-d1c2-4583-8ce7-172227a2a4e8	login_success	\N	\N	User logged in successfully	::1	curl/8.15.0	t	\N	2025-09-03 13:33:02.307
8fdfa7c8-df36-4c4e-addf-6a552afe38d7	4fcb92e6-d1c2-4583-8ce7-172227a2a4e8	login_success	\N	\N	User logged in successfully	::1	curl/8.15.0	t	\N	2025-09-03 13:35:40.399
fbe8d56a-4ca8-4002-9ce0-66fd343c1813	4fcb92e6-d1c2-4583-8ce7-172227a2a4e8	login_success	\N	\N	User logged in successfully	::1	curl/8.15.0	t	\N	2025-09-03 13:40:41.462
44bd7f96-375c-4321-8df6-332832972baa	4fcb92e6-d1c2-4583-8ce7-172227a2a4e8	login_success	\N	\N	User logged in successfully	::1	curl/8.15.0	t	\N	2025-09-03 13:48:21.695
6462d00f-253b-439c-8b8a-3dddf82005ef	4fcb92e6-d1c2-4583-8ce7-172227a2a4e8	login_success	\N	\N	User logged in successfully	::1	curl/8.15.0	t	\N	2025-09-03 13:50:26.98
4c09040b-88c7-46ea-a18d-6944343cce7d	4fcb92e6-d1c2-4583-8ce7-172227a2a4e8	login_success	\N	\N	User logged in successfully	::1	curl/8.15.0	t	\N	2025-09-03 13:58:31.606
702df10f-dddb-42fd-be06-a399ab50d697	4fcb92e6-d1c2-4583-8ce7-172227a2a4e8	login_success	\N	\N	User logged in successfully	::1	curl/8.15.0	t	\N	2025-09-03 14:14:20.445
55b97abf-3df9-4c68-a3b8-0a1ebfc21ff7	4fcb92e6-d1c2-4583-8ce7-172227a2a4e8	login_success	\N	\N	User logged in successfully	::1	curl/8.15.0	t	\N	2025-09-03 14:15:44.07
2c84546b-3d53-4454-a738-196e534aa6fc	4fcb92e6-d1c2-4583-8ce7-172227a2a4e8	login_success	\N	\N	User logged in successfully	::1	curl/8.15.0	t	\N	2025-09-03 14:21:26.31
50ee00ae-1f5a-45fb-b465-7a29e6a2193c	4fcb92e6-d1c2-4583-8ce7-172227a2a4e8	login_success	\N	\N	User logged in successfully	::1	curl/8.15.0	t	\N	2025-09-03 14:29:59.634
9275ccd5-fd1b-4217-9c87-31391375b0ea	4fcb92e6-d1c2-4583-8ce7-172227a2a4e8	login_success	\N	\N	User logged in successfully	::1	curl/8.15.0	t	\N	2025-09-03 14:31:23.949
c2d2167a-f86d-4008-a542-c7a74f77205a	1ec02dec-9a81-473a-9cdf-31454e2e959a	login_success	\N	\N	User logged in successfully	::1	Mozilla/5.0 (X11; Linux x86_64) AppleWebKit/537.36 (KHTML, like Gecko) Chrome/140.0.0.0 Safari/537.36	t	\N	2025-09-03 20:11:13.595
f2ccdd30-c677-41cd-91cd-6034e0240bba	1ec02dec-9a81-473a-9cdf-31454e2e959a	login_success	\N	\N	User logged in successfully	::1	Mozilla/5.0 (X11; Linux x86_64) AppleWebKit/537.36 (KHTML, like Gecko) Chrome/140.0.0.0 Safari/537.36	t	\N	2025-09-04 04:33:48.09
a05254af-325a-410d-85cf-0110f6df7434	4fcb92e6-d1c2-4583-8ce7-172227a2a4e8	login_failed	\N	\N	Failed login attempt - invalid password	::1	Menu-Test-Script/1.0	f	\N	2025-09-04 04:43:04.242
7f7d8792-56ee-4706-8c95-6efefb67a6ff	4fcb92e6-d1c2-4583-8ce7-172227a2a4e8	login_failed	\N	\N	Failed login attempt - invalid password	::1	Menu-Test-Script/1.0	f	\N	2025-09-04 04:43:04.703
45e13daf-f5db-4d44-a18b-20a60e4516c9	4fcb92e6-d1c2-4583-8ce7-172227a2a4e8	login_failed	\N	\N	Failed login attempt - invalid password	::1	Menu-Test-Script/1.0	f	\N	2025-09-04 04:43:05.166
620015f3-5e5c-4aee-a280-906f383f4e73	4fcb92e6-d1c2-4583-8ce7-172227a2a4e8	login_failed	\N	\N	Failed login attempt - invalid password	::1	Menu-Test-Script/1.0	f	\N	2025-09-04 04:43:05.627
21d02813-304a-4241-adeb-e4c890d604a0	4fcb92e6-d1c2-4583-8ce7-172227a2a4e8	login_failed	\N	\N	Failed login attempt - invalid password	::1	Menu-Test-Script/1.0	f	\N	2025-09-04 04:43:06.087
d94bf27e-301b-4326-9562-498277687d5a	4fcb92e6-d1c2-4583-8ce7-172227a2a4e8	login_failed	\N	\N	Failed login attempt - invalid password	::1	Menu-Test-Script/1.0	f	\N	2025-09-04 04:43:06.515
1773c1a0-eb64-4d8a-a09c-0d9e0ffb13e9	4fcb92e6-d1c2-4583-8ce7-172227a2a4e8	login_failed	\N	\N	Failed login attempt - invalid password	::1	Menu-Test-Script/1.0	f	\N	2025-09-04 04:43:06.949
54ace249-c9c9-46e5-aec7-56125a66b7f1	4fcb92e6-d1c2-4583-8ce7-172227a2a4e8	login_failed	\N	\N	Failed login attempt - invalid password	::1	Menu-Test-Script/1.0	f	\N	2025-09-04 04:43:07.405
5c2c812c-2151-4733-9171-138ec284a631	4fcb92e6-d1c2-4583-8ce7-172227a2a4e8	login_failed	\N	\N	Failed login attempt - invalid password	::1	Menu-Test-Script/1.0	f	\N	2025-09-04 04:43:07.829
c91d9903-538b-42ed-b85d-82821f1b12d1	4fcb92e6-d1c2-4583-8ce7-172227a2a4e8	login_failed	\N	\N	Failed login attempt - invalid password	::1	Menu-Test-Script/1.0	f	\N	2025-09-04 04:43:08.252
68642c64-78c2-4554-a580-03e5242774ba	4fcb92e6-d1c2-4583-8ce7-172227a2a4e8	login_failed	\N	\N	Failed login attempt - invalid password	::1	Menu-Test-Script/1.0	f	\N	2025-09-04 04:43:08.664
ab5eca49-7121-4102-8070-377a36c2271e	4fcb92e6-d1c2-4583-8ce7-172227a2a4e8	login_success	\N	\N	User logged in successfully	::1	Menu-Test-Script/1.0	t	\N	2025-09-04 04:43:08.807
c1d17389-a5fb-4e05-9d03-ee565a47cb3d	4fcb92e6-d1c2-4583-8ce7-172227a2a4e8	login_failed	\N	\N	Failed login attempt - invalid password	::1	Menu-Test-Script/1.0	f	\N	2025-09-04 04:44:44.824
e3c09085-e336-43e0-9b46-b0044f75e1e3	4fcb92e6-d1c2-4583-8ce7-172227a2a4e8	login_failed	\N	\N	Failed login attempt - invalid password	::1	Menu-Test-Script/1.0	f	\N	2025-09-04 04:44:45.238
0656164c-f979-4ded-ba10-8d04f7690940	4fcb92e6-d1c2-4583-8ce7-172227a2a4e8	login_failed	\N	\N	Failed login attempt - invalid password	::1	Menu-Test-Script/1.0	f	\N	2025-09-04 04:44:45.632
6893f297-6ddb-46ba-a33c-53cf0be44cbe	4fcb92e6-d1c2-4583-8ce7-172227a2a4e8	login_failed	\N	\N	Failed login attempt - invalid password	::1	Menu-Test-Script/1.0	f	\N	2025-09-04 04:44:46.079
38ae038c-46c0-42f3-a3d3-40a8d699ef2b	4fcb92e6-d1c2-4583-8ce7-172227a2a4e8	login_failed	\N	\N	Failed login attempt - invalid password	::1	Menu-Test-Script/1.0	f	\N	2025-09-04 04:44:46.539
0c012286-fe26-45d7-a72f-488d8084c8cb	4fcb92e6-d1c2-4583-8ce7-172227a2a4e8	login_failed	\N	\N	Failed login attempt - invalid password	::1	Menu-Test-Script/1.0	f	\N	2025-09-04 04:44:46.983
197831a5-a89d-4066-8091-f2ea1cdd0d0b	4fcb92e6-d1c2-4583-8ce7-172227a2a4e8	login_failed	\N	\N	Failed login attempt - invalid password	::1	Menu-Test-Script/1.0	f	\N	2025-09-04 04:44:47.461
dd8298d4-fd53-4d8d-9959-b8e590b4eb81	4fcb92e6-d1c2-4583-8ce7-172227a2a4e8	login_failed	\N	\N	Failed login attempt - invalid password	::1	Menu-Test-Script/1.0	f	\N	2025-09-04 04:44:47.904
0efe0df8-d563-409e-90cd-9be6ee404c88	4fcb92e6-d1c2-4583-8ce7-172227a2a4e8	login_failed	\N	\N	Failed login attempt - invalid password	::1	Menu-Test-Script/1.0	f	\N	2025-09-04 04:44:48.363
36b039c0-a6bb-4a9a-b50a-c03b6c123398	4fcb92e6-d1c2-4583-8ce7-172227a2a4e8	login_failed	\N	\N	Failed login attempt - invalid password	::1	Menu-Test-Script/1.0	f	\N	2025-09-04 04:44:48.788
b0838b42-c004-460d-9180-4b229841ddd8	4fcb92e6-d1c2-4583-8ce7-172227a2a4e8	login_failed	\N	\N	Failed login attempt - invalid password	::1	Menu-Test-Script/1.0	f	\N	2025-09-04 04:44:49.237
01909f72-9f44-44a4-8c3a-e4b2e430c04b	4fcb92e6-d1c2-4583-8ce7-172227a2a4e8	login_success	\N	\N	User logged in successfully	::1	Menu-Test-Script/1.0	t	\N	2025-09-04 04:44:49.377
380bdd01-4725-4a43-9f10-639e8855fc67	4fcb92e6-d1c2-4583-8ce7-172227a2a4e8	login_success	\N	\N	User logged in successfully	::1	curl/8.15.0	t	\N	2025-09-04 04:45:11.032
083a00e4-8f5e-4e28-972f-7d98f8352702	4fcb92e6-d1c2-4583-8ce7-172227a2a4e8	login_failed	\N	\N	Failed login attempt - invalid password	::1	Menu-Test-Script/1.0	f	\N	2025-09-04 04:45:46.841
f700369f-e629-4c39-99dd-2c3fb3a1718d	4fcb92e6-d1c2-4583-8ce7-172227a2a4e8	login_failed	\N	\N	Failed login attempt - invalid password	::1	Menu-Test-Script/1.0	f	\N	2025-09-04 04:45:47.259
b6aede65-0240-4362-9cd8-d05e4c316f3b	4fcb92e6-d1c2-4583-8ce7-172227a2a4e8	login_failed	\N	\N	Failed login attempt - invalid password	::1	Menu-Test-Script/1.0	f	\N	2025-09-04 04:45:47.671
f1732277-8dfc-464b-be40-ec290ebfdef1	4fcb92e6-d1c2-4583-8ce7-172227a2a4e8	login_failed	\N	\N	Failed login attempt - invalid password	::1	Menu-Test-Script/1.0	f	\N	2025-09-04 04:45:48.102
8c2945b0-aa40-4784-b567-77b37cd40f04	4fcb92e6-d1c2-4583-8ce7-172227a2a4e8	login_failed	\N	\N	Failed login attempt - invalid password	::1	Menu-Test-Script/1.0	f	\N	2025-09-04 04:45:48.566
343db884-1810-43cc-af95-cedc2e8da5d2	4fcb92e6-d1c2-4583-8ce7-172227a2a4e8	login_failed	\N	\N	Failed login attempt - invalid password	::1	Menu-Test-Script/1.0	f	\N	2025-09-04 04:45:49.015
fd89e596-e1da-42b9-b38a-ca01244158e7	4fcb92e6-d1c2-4583-8ce7-172227a2a4e8	login_failed	\N	\N	Failed login attempt - invalid password	::1	Menu-Test-Script/1.0	f	\N	2025-09-04 04:45:49.461
6cba9faa-609c-4edc-bc9d-5f31446e4ee0	4fcb92e6-d1c2-4583-8ce7-172227a2a4e8	login_failed	\N	\N	Failed login attempt - invalid password	::1	Menu-Test-Script/1.0	f	\N	2025-09-04 04:45:49.908
fe5e3ef9-c7e7-41ae-a11b-0abaa898c429	4fcb92e6-d1c2-4583-8ce7-172227a2a4e8	login_failed	\N	\N	Failed login attempt - invalid password	::1	Menu-Test-Script/1.0	f	\N	2025-09-04 04:45:50.368
fa8cc7f8-3312-466f-884e-7252428092ae	4fcb92e6-d1c2-4583-8ce7-172227a2a4e8	login_failed	\N	\N	Failed login attempt - invalid password	::1	Menu-Test-Script/1.0	f	\N	2025-09-04 04:45:50.806
f91dfc80-6da9-4105-922e-7fea8a167065	4fcb92e6-d1c2-4583-8ce7-172227a2a4e8	login_failed	\N	\N	Failed login attempt - invalid password	::1	Menu-Test-Script/1.0	f	\N	2025-09-04 04:45:51.223
712c0fe4-6721-4528-ae2b-d40f0b34732e	4fcb92e6-d1c2-4583-8ce7-172227a2a4e8	login_success	\N	\N	User logged in successfully	::1	Menu-Test-Script/1.0	t	\N	2025-09-04 04:45:51.347
c4e68409-183b-47c3-b9cb-5660168f790e	4fcb92e6-d1c2-4583-8ce7-172227a2a4e8	login_success	\N	\N	User logged in successfully	::1	curl/8.15.0	t	\N	2025-09-04 04:46:21.707
b2867a62-c809-40e6-8cda-a91f877ad4a2	4fcb92e6-d1c2-4583-8ce7-172227a2a4e8	login_failed	\N	\N	Failed login attempt - invalid password	::1	Menu-Test-Script/1.0	f	\N	2025-09-04 04:46:32.97
2f4299a6-6589-416f-a8ba-368e450cc510	4fcb92e6-d1c2-4583-8ce7-172227a2a4e8	login_failed	\N	\N	Failed login attempt - invalid password	::1	Menu-Test-Script/1.0	f	\N	2025-09-04 04:46:33.49
6deb252c-fc8d-4c94-aa9c-fdb0ad5452b3	4fcb92e6-d1c2-4583-8ce7-172227a2a4e8	login_failed	\N	\N	Failed login attempt - invalid password	::1	Menu-Test-Script/1.0	f	\N	2025-09-04 04:46:34.054
92092229-3d06-4584-8131-bf914ead4c9f	4fcb92e6-d1c2-4583-8ce7-172227a2a4e8	login_failed	\N	\N	Failed login attempt - invalid password	::1	Menu-Test-Script/1.0	f	\N	2025-09-04 04:46:34.562
77df54f2-2215-4482-bf5e-77478a98596d	4fcb92e6-d1c2-4583-8ce7-172227a2a4e8	login_failed	\N	\N	Failed login attempt - invalid password	::1	Menu-Test-Script/1.0	f	\N	2025-09-04 04:46:35.074
ab4a7cbd-38ed-46f0-bf26-40109c9212fe	4fcb92e6-d1c2-4583-8ce7-172227a2a4e8	login_failed	\N	\N	Failed login attempt - invalid password	::1	Menu-Test-Script/1.0	f	\N	2025-09-04 04:46:35.57
4adfdd3e-f956-4535-9ca0-52ced1cf3716	4fcb92e6-d1c2-4583-8ce7-172227a2a4e8	login_failed	\N	\N	Failed login attempt - invalid password	::1	Menu-Test-Script/1.0	f	\N	2025-09-04 04:46:36.086
19f70eff-e33b-4c0d-ba0c-a7afa364dc5a	4fcb92e6-d1c2-4583-8ce7-172227a2a4e8	login_failed	\N	\N	Failed login attempt - invalid password	::1	Menu-Test-Script/1.0	f	\N	2025-09-04 04:46:36.595
3a4b17de-c8d1-4a9b-be28-9e4f943e58b3	4fcb92e6-d1c2-4583-8ce7-172227a2a4e8	login_failed	\N	\N	Failed login attempt - invalid password	::1	Menu-Test-Script/1.0	f	\N	2025-09-04 04:46:37.047
84bdfe2e-2528-437e-9405-ab207f47333b	4fcb92e6-d1c2-4583-8ce7-172227a2a4e8	login_failed	\N	\N	Failed login attempt - invalid password	::1	Menu-Test-Script/1.0	f	\N	2025-09-04 04:46:37.489
211a4818-2148-4e76-8a01-a1ea6f60d4a0	4fcb92e6-d1c2-4583-8ce7-172227a2a4e8	login_failed	\N	\N	Failed login attempt - invalid password	::1	Menu-Test-Script/1.0	f	\N	2025-09-04 04:46:37.933
fe46c371-f9e1-4b56-9139-69bd79b25f40	4fcb92e6-d1c2-4583-8ce7-172227a2a4e8	login_success	\N	\N	User logged in successfully	::1	Menu-Test-Script/1.0	t	\N	2025-09-04 04:46:38.056
5bcac783-64f7-44d7-8c9b-ef51b33031e8	1ec02dec-9a81-473a-9cdf-31454e2e959a	login_success	\N	\N	User logged in successfully	::1	Mozilla/5.0 (X11; Linux x86_64) AppleWebKit/537.36 (KHTML, like Gecko) Chrome/140.0.0.0 Safari/537.36	t	\N	2025-09-04 04:50:02.975
5668ee7d-9306-4320-a294-004b6567c6c1	4fcb92e6-d1c2-4583-8ce7-172227a2a4e8	login_success	\N	\N	User logged in successfully	::1	Menu-Error-Test/1.0	t	\N	2025-09-04 04:51:16.059
281b1448-ffeb-4881-ac9c-46c4be9378aa	4fcb92e6-d1c2-4583-8ce7-172227a2a4e8	login_success	\N	\N	User logged in successfully	::1	curl/8.15.0	t	\N	2025-09-04 05:19:31.207
b63e659c-f423-4650-b202-0061ab0bb1a8	4fcb92e6-d1c2-4583-8ce7-172227a2a4e8	login_success	\N	\N	User logged in successfully	::1	Menu-Error-Test/1.0	t	\N	2025-09-04 05:21:21.953
70b1a24c-4ec6-40b9-aed5-9b8ab749d29d	4fcb92e6-d1c2-4583-8ce7-172227a2a4e8	login_success	\N	\N	User logged in successfully	::1	Menu-Error-Test/1.0	t	\N	2025-09-04 05:21:33.309
353c74fc-1b2b-414c-85b9-7d0d12afb51f	4fcb92e6-d1c2-4583-8ce7-172227a2a4e8	login_success	\N	\N	User logged in successfully	::1	Menu-Error-Test/1.0	t	\N	2025-09-04 05:22:15.063
e201ab0f-30a1-4f82-8ce2-7b44e0e4e1bd	1ec02dec-9a81-473a-9cdf-31454e2e959a	login_success	\N	\N	User logged in successfully	::1	Mozilla/5.0 (X11; Linux x86_64) AppleWebKit/537.36 (KHTML, like Gecko) Chrome/140.0.0.0 Safari/537.36	t	\N	2025-09-04 12:18:49.026
8a232ffa-d2bc-4731-808d-3d8cbdbd6926	1ec02dec-9a81-473a-9cdf-31454e2e959a	login_success	\N	\N	User logged in successfully	::1	Mozilla/5.0 (X11; Linux x86_64) AppleWebKit/537.36 (KHTML, like Gecko) Chrome/140.0.0.0 Safari/537.36	t	\N	2025-09-04 16:20:11.64
dbda53d9-6564-4738-9e3b-6877a8ff3ea8	1ec02dec-9a81-473a-9cdf-31454e2e959a	login_success	\N	\N	User logged in successfully	::1	Mozilla/5.0 (X11; Linux x86_64) AppleWebKit/537.36 (KHTML, like Gecko) Chrome/140.0.0.0 Safari/537.36	t	\N	2025-09-04 16:20:16.029
a0db97ed-653f-4742-b3f9-f6bd7b88b4a6	4fcb92e6-d1c2-4583-8ce7-172227a2a4e8	login_failed	\N	\N	Failed login attempt - invalid password	::1	curl/8.15.0	f	\N	2025-09-04 21:52:44.65
8c96bccb-3d0d-4240-9131-851ae4becb70	4fcb92e6-d1c2-4583-8ce7-172227a2a4e8	login_failed	\N	\N	Failed login attempt - invalid password	::1	curl/8.15.0	f	\N	2025-09-04 21:52:48.957
e9d0f5a2-4de2-4da1-927f-47db4e89513e	ded34072-ae63-4a84-8f11-3a5dcd4bcb9a	login_failed	\N	\N	Failed login attempt - invalid password	::1	curl/8.15.0	f	\N	2025-09-04 21:52:52.85
44996353-f03b-419c-83c9-9140dd562a7d	1ec02dec-9a81-473a-9cdf-31454e2e959a	login_success	\N	\N	User logged in successfully	::1	Mozilla/5.0 (X11; Linux x86_64) AppleWebKit/537.36 (KHTML, like Gecko) Chrome/140.0.0.0 Safari/537.36	t	\N	2025-09-05 03:46:17.701
b706a10f-1609-4249-bc6e-63aad0ffade2	4fcb92e6-d1c2-4583-8ce7-172227a2a4e8	login_failed	\N	\N	Failed login attempt - invalid password	::1	curl/8.15.0	f	\N	2025-09-05 04:05:48.497
66fbc10b-3e02-4ec5-a10f-079e4782ab1e	4fcb92e6-d1c2-4583-8ce7-172227a2a4e8	login_failed	\N	\N	Failed login attempt - invalid password	::1	curl/8.15.0	f	\N	2025-09-05 04:05:53.598
40400c36-f6c0-4337-9c1e-47aef7b2b813	4fcb92e6-d1c2-4583-8ce7-172227a2a4e8	login_failed	\N	\N	Failed login attempt - invalid password	::1	curl/8.15.0	f	\N	2025-09-05 04:05:57.675
9fbfde32-7677-45ad-bd8f-033372723a4f	0358ad07-6b06-40c7-a69e-4ec9f74cd696	login_success	\N	\N	User logged in successfully	::1	curl/8.15.0	t	\N	2025-09-05 04:06:34.826
55c567ea-e7ea-4130-aa9b-4cef7597d511	4fcb92e6-d1c2-4583-8ce7-172227a2a4e8	login_failed	\N	\N	Failed login attempt - invalid password	::1	curl/8.15.0	f	\N	2025-09-05 04:52:28.558
88addb97-bb4b-4e9f-832d-a5b795d1297a	4fcb92e6-d1c2-4583-8ce7-172227a2a4e8	login_failed	\N	\N	Failed login attempt - invalid password	::1	curl/8.15.0	f	\N	2025-09-05 04:52:41.524
f0b7b673-b049-4603-974a-0874ea0e7125	4fcb92e6-d1c2-4583-8ce7-172227a2a4e8	login_success	\N	\N	User logged in successfully	::1	curl/8.15.0	t	\N	2025-09-05 04:53:09.57
ce7c5957-195e-4fb9-9dbf-d90bd78ea854	4fcb92e6-d1c2-4583-8ce7-172227a2a4e8	login_success	\N	\N	User logged in successfully	::1	curl/8.15.0	t	\N	2025-09-05 05:05:27.2
66614fd3-a03a-417d-958f-5a280281ca20	4fcb92e6-d1c2-4583-8ce7-172227a2a4e8	login_success	\N	\N	User logged in successfully	::1	curl/8.15.0	t	\N	2025-09-05 05:05:39.068
45edebf1-a3f0-441c-8bc2-440bc21496ab	4fcb92e6-d1c2-4583-8ce7-172227a2a4e8	login_success	\N	\N	User logged in successfully	::1	curl/8.15.0	t	\N	2025-09-05 05:07:20.228
372e979e-ba80-4fe3-a771-e4261ed33506	4fcb92e6-d1c2-4583-8ce7-172227a2a4e8	login_success	\N	\N	User logged in successfully	::1	curl/8.15.0	t	\N	2025-09-05 05:09:23.15
c688be2f-302c-4be0-be55-06aa99804c0b	4fcb92e6-d1c2-4583-8ce7-172227a2a4e8	login_success	\N	\N	User logged in successfully	::1	curl/8.15.0	t	\N	2025-09-05 05:12:25.092
9a51bee3-6029-430d-97cd-567f10f5a366	4fcb92e6-d1c2-4583-8ce7-172227a2a4e8	login_success	\N	\N	User logged in successfully	::1	curl/8.15.0	t	\N	2025-09-05 05:15:31.304
a6b5748c-0423-478c-a3d5-6af5fc0c4c94	4fcb92e6-d1c2-4583-8ce7-172227a2a4e8	login_success	\N	\N	User logged in successfully	::1	curl/8.15.0	t	\N	2025-09-05 05:21:13.916
1ef70d4e-5421-4675-ba33-4154ec00927a	1ec02dec-9a81-473a-9cdf-31454e2e959a	login_success	\N	\N	User logged in successfully	::1	Mozilla/5.0 (X11; Linux x86_64) AppleWebKit/537.36 (KHTML, like Gecko) Chrome/140.0.0.0 Safari/537.36	t	\N	2025-09-05 05:23:36.765
39548aca-9018-44ca-9cbd-960e602a13e5	1ec02dec-9a81-473a-9cdf-31454e2e959a	login_success	\N	\N	User logged in successfully	::1	Mozilla/5.0 (X11; Linux x86_64) AppleWebKit/537.36 (KHTML, like Gecko) Chrome/140.0.0.0 Safari/537.36	t	\N	2025-09-05 05:23:38.353
fcd70c21-33f4-47b4-b21d-d925c98e05e3	1ec02dec-9a81-473a-9cdf-31454e2e959a	login_success	\N	\N	User logged in successfully	::1	Mozilla/5.0 (X11; Linux x86_64) AppleWebKit/537.36 (KHTML, like Gecko) Chrome/140.0.0.0 Safari/537.36	t	\N	2025-09-05 05:23:39.729
b9ff5a4e-c7c0-4542-8b54-d93f0c7f66d0	1ec02dec-9a81-473a-9cdf-31454e2e959a	login_success	\N	\N	User logged in successfully	::1	Mozilla/5.0 (X11; Linux x86_64) AppleWebKit/537.36 (KHTML, like Gecko) Chrome/140.0.0.0 Safari/537.36	t	\N	2025-09-05 05:23:43.271
78c218b5-7d99-40d2-80d6-c238be2c78e9	1ec02dec-9a81-473a-9cdf-31454e2e959a	login_success	\N	\N	User logged in successfully	::1	Mozilla/5.0 (X11; Linux x86_64) AppleWebKit/537.36 (KHTML, like Gecko) Chrome/140.0.0.0 Safari/537.36	t	\N	2025-09-05 05:24:04.666
3cce295f-d8ee-4ad9-827b-53b3cc963b4b	1ec02dec-9a81-473a-9cdf-31454e2e959a	login_success	\N	\N	User logged in successfully	::1	Mozilla/5.0 (X11; Linux x86_64) AppleWebKit/537.36 (KHTML, like Gecko) Chrome/140.0.0.0 Safari/537.36	t	\N	2025-09-05 05:24:11.818
7f0ec9bc-03ab-458a-9c25-858b099926e8	1ec02dec-9a81-473a-9cdf-31454e2e959a	login_success	\N	\N	User logged in successfully	::1	Mozilla/5.0 (X11; Linux x86_64) AppleWebKit/537.36 (KHTML, like Gecko) Chrome/140.0.0.0 Safari/537.36	t	\N	2025-09-05 05:24:58.088
2b63197d-74be-47d7-97d8-18f49bf068c0	1ec02dec-9a81-473a-9cdf-31454e2e959a	login_success	\N	\N	User logged in successfully	::1	Mozilla/5.0 (X11; Linux x86_64) AppleWebKit/537.36 (KHTML, like Gecko) Chrome/140.0.0.0 Safari/537.36	t	\N	2025-09-05 05:25:00.498
7486d1c2-8bf0-4f6e-b2a5-c26b3e5bb88c	1ec02dec-9a81-473a-9cdf-31454e2e959a	login_success	\N	\N	User logged in successfully	::1	Mozilla/5.0 (X11; Linux x86_64) AppleWebKit/537.36 (KHTML, like Gecko) Chrome/140.0.0.0 Safari/537.36	t	\N	2025-09-05 05:25:03.751
3ea3c726-75f1-44b3-be84-11cc3410bf95	1ec02dec-9a81-473a-9cdf-31454e2e959a	login_success	\N	\N	User logged in successfully	::1	Mozilla/5.0 (X11; Linux x86_64) AppleWebKit/537.36 (KHTML, like Gecko) Chrome/140.0.0.0 Safari/537.36	t	\N	2025-09-05 05:27:45.562
46253a63-344b-4c8f-a870-fa9db5d613c3	1ec02dec-9a81-473a-9cdf-31454e2e959a	login_success	\N	\N	User logged in successfully	::1	Mozilla/5.0 (X11; Linux x86_64) AppleWebKit/537.36 (KHTML, like Gecko) Chrome/140.0.0.0 Safari/537.36	t	\N	2025-09-05 05:27:48.693
e915c665-d902-4b5c-8277-efcec611c1ea	4fcb92e6-d1c2-4583-8ce7-172227a2a4e8	login_success	\N	\N	User logged in successfully	::1	curl/8.15.0	t	\N	2025-09-05 05:32:54.787
3e3b207c-711a-4000-ae9d-a44650a11841	4fcb92e6-d1c2-4583-8ce7-172227a2a4e8	login_success	\N	\N	User logged in successfully	::1	curl/8.15.0	t	\N	2025-09-05 05:40:35.38
590ddca4-22f0-4208-8275-1584e51308de	4fcb92e6-d1c2-4583-8ce7-172227a2a4e8	login_failed	\N	\N	Failed login attempt - invalid password	::1	curl/8.15.0	f	\N	2025-09-05 10:34:50.407
9b09ab54-3be9-437e-8db2-d8dda8dcd114	1ec02dec-9a81-473a-9cdf-31454e2e959a	login_failed	\N	\N	Failed login attempt - invalid password	::1	curl/8.15.0	f	\N	2025-09-05 10:35:04.797
dd917861-21b0-4247-80c5-b93b8a99dfa7	4fcb92e6-d1c2-4583-8ce7-172227a2a4e8	login_failed	\N	\N	Failed login attempt - invalid password	::1	curl/8.15.0	f	\N	2025-09-05 10:35:20.978
335edc46-99db-460f-bef9-38a2a67441b7	1ec02dec-9a81-473a-9cdf-31454e2e959a	login_success	\N	\N	User logged in successfully	::1	curl/8.15.0	t	\N	2025-09-05 10:36:13.016
da3f6f47-9cb6-4dc7-bf5b-b96022aff86a	1ec02dec-9a81-473a-9cdf-31454e2e959a	login_success	\N	\N	User logged in successfully	::1	curl/8.15.0	t	\N	2025-09-05 10:37:24.922
cedb9170-d27c-4cbd-8c7a-60728ec9c3cc	1ec02dec-9a81-473a-9cdf-31454e2e959a	login_success	\N	\N	User logged in successfully	::1	Mozilla/5.0 (X11; Linux x86_64) AppleWebKit/537.36 (KHTML, like Gecko) Chrome/140.0.0.0 Safari/537.36	t	\N	2025-09-05 10:39:41.458
34c53775-4114-4317-9382-ce7542e1f5cc	1ec02dec-9a81-473a-9cdf-31454e2e959a	login_success	\N	\N	User logged in successfully	::1	Mozilla/5.0 (X11; Linux x86_64) AppleWebKit/537.36 (KHTML, like Gecko) Chrome/140.0.0.0 Safari/537.36	t	\N	2025-09-05 10:39:44.864
4d4c5e56-14f1-427f-aa0e-acb30c1b8979	1ec02dec-9a81-473a-9cdf-31454e2e959a	login_success	\N	\N	User logged in successfully	::1	curl/8.15.0	t	\N	2025-09-05 10:48:35.695
05ef3fc6-8aa8-471f-af4a-c1a042594c07	1ec02dec-9a81-473a-9cdf-31454e2e959a	login_success	\N	\N	User logged in successfully	::1	curl/8.15.0	t	\N	2025-09-05 10:48:58.424
7c4dc657-2440-4ea1-9c5e-b01e60cac594	1ec02dec-9a81-473a-9cdf-31454e2e959a	login_success	\N	\N	User logged in successfully	::1	curl/8.15.0	t	\N	2025-09-05 10:49:08.443
\.


--
-- Data for Name: user_sessions; Type: TABLE DATA; Schema: public; Owner: -
--

COPY public.user_sessions (id, user_id, token_hash, refresh_token_hash, expires_at, refresh_expires_at, ip_address, user_agent, device_type, is_active, revoked_at, created_at, last_used_at) FROM stdin;
8ab99823-7c20-4949-bf99-e90a2addb96a	d9136bdc-392e-445e-8ed8-60d8b0c979b6	$2a$10$Anqb4WpXma35DwGHHGLsHu/6Qa4mpQPyUz2EcOlW9OJG70jejD79q	\N	2025-09-30 13:33:20.763	\N	::1	curl/8.15.0	desktop	t	\N	2025-08-31 13:33:20.764	2025-08-31 13:33:20.764
0858cbe5-be8a-40f1-a389-0523f1abb099	d9136bdc-392e-445e-8ed8-60d8b0c979b6	$2a$10$fqlBjN7ocEuUhCC44cxtu.NR84bRPA4zLXf8nWXBYhKzD2dodw11q	\N	2025-09-30 14:00:20.715	\N	::1	curl/8.15.0	desktop	t	\N	2025-08-31 14:00:20.716	2025-08-31 14:00:20.716
7aeb5d5b-3b15-4f36-8418-2528d4f85226	1ec02dec-9a81-473a-9cdf-31454e2e959a	$2a$10$DQcpai07rb2aI1PtSIkbCOAmPz4VRVCstVd8zrCHN4SyfkMWv0yq2	\N	2025-09-30 23:40:18.113	\N	::1	Mozilla/5.0 (X11; Linux x86_64) AppleWebKit/537.36 (KHTML, like Gecko) Chrome/140.0.0.0 Safari/537.36	desktop	t	\N	2025-08-31 23:40:18.114	2025-08-31 23:40:18.114
75d8f3b8-282e-4796-9ec5-b5b60a67ee73	1ec02dec-9a81-473a-9cdf-31454e2e959a	$2a$10$vlWQ3eUOJO3ep9iiPvxfxey4T9OpNu1Lmi/rJuIckQB/y4hW2pDhq	\N	2025-10-01 07:55:30.854	\N	::1	Mozilla/5.0 (X11; Linux x86_64) AppleWebKit/537.36 (KHTML, like Gecko) Chrome/140.0.0.0 Safari/537.36	desktop	t	\N	2025-09-01 07:55:30.855	2025-09-01 07:55:30.855
1603676c-2ee9-43a3-97e3-b4518f56a2d8	1ec02dec-9a81-473a-9cdf-31454e2e959a	$2a$10$bmX9di3YVESXaJl0dUjIUuf7jOwIRk71CuUqNOgNyVNwsMEHvmGWa	\N	2025-10-01 07:55:32.173	\N	::1	Mozilla/5.0 (X11; Linux x86_64) AppleWebKit/537.36 (KHTML, like Gecko) Chrome/140.0.0.0 Safari/537.36	desktop	t	\N	2025-09-01 07:55:32.174	2025-09-01 07:55:32.174
5be7b00b-83cd-4b8d-9b24-ac454a4ad345	1ec02dec-9a81-473a-9cdf-31454e2e959a	$2a$10$AcAW551zOnePjVMhhRLFIeZh5IGlYgc6JY8SBcklFnI7VxYuG29h6	\N	2025-10-01 07:55:36.249	\N	::1	Mozilla/5.0 (X11; Linux x86_64) AppleWebKit/537.36 (KHTML, like Gecko) Chrome/140.0.0.0 Safari/537.36	desktop	t	\N	2025-09-01 07:55:36.25	2025-09-01 07:55:36.25
938fd244-215d-4bbf-8319-68162f71c4f8	1ec02dec-9a81-473a-9cdf-31454e2e959a	$2a$10$6hgFqpX.yO8cqe./jZenTeNj4/cDsRNwkBEEzxSRIna8EoyjdrNpq	\N	2025-10-01 11:32:46.1	\N	::1	Mozilla/5.0 (X11; Linux x86_64) AppleWebKit/537.36 (KHTML, like Gecko) Chrome/140.0.0.0 Safari/537.36	desktop	t	\N	2025-09-01 11:32:46.102	2025-09-01 11:32:46.102
5fb63ac2-9338-4b05-9a04-ed839ef8509e	1ec02dec-9a81-473a-9cdf-31454e2e959a	$2a$10$2RZA3Dn3kaKLLTg8b2rnn.OguQhM8jSRs5LyPkrhAj3ZL3ooyfCui	\N	2025-10-01 13:01:28.137	\N	::1	Mozilla/5.0 (X11; Linux x86_64) AppleWebKit/537.36 (KHTML, like Gecko) Chrome/140.0.0.0 Safari/537.36	desktop	t	\N	2025-09-01 13:01:28.138	2025-09-01 13:01:28.138
26d850d2-a808-4f5a-b6c7-fe9396174e02	1ec02dec-9a81-473a-9cdf-31454e2e959a	$2a$10$utMPtAE10RMMUY2qimzfPuPV2JalQ4Ev04kiHJTV.v41m8V8T8JF.	\N	2025-10-01 13:02:31.243	\N	::1	Mozilla/5.0 (X11; Linux x86_64) AppleWebKit/537.36 (KHTML, like Gecko) Chrome/140.0.0.0 Safari/537.36	desktop	t	\N	2025-09-01 13:02:31.244	2025-09-01 13:02:31.244
8483df82-1ce0-49da-b8ee-6660026f3e8d	1ec02dec-9a81-473a-9cdf-31454e2e959a	$2a$10$EMW89BOe89KeWGv3BgYH6eIt.WVXMRSaiKqWLuCV79BJE57FSbaMC	\N	2025-10-01 13:02:35.726	\N	::1	Mozilla/5.0 (X11; Linux x86_64) AppleWebKit/537.36 (KHTML, like Gecko) Chrome/140.0.0.0 Safari/537.36	desktop	t	\N	2025-09-01 13:02:35.727	2025-09-01 13:02:35.727
1a66af28-5294-43b7-9256-0247934a750b	1ec02dec-9a81-473a-9cdf-31454e2e959a	$2a$10$IHfpvzmGKHk4uOWf82zzPu7pDiBSVOihHoBkhqHrlhgeQHBjKi82.	\N	2025-10-01 13:27:55.753	\N	::1	Mozilla/5.0 (X11; Linux x86_64) AppleWebKit/537.36 (KHTML, like Gecko) Chrome/140.0.0.0 Safari/537.36	desktop	t	\N	2025-09-01 13:27:55.754	2025-09-01 13:27:55.754
cf60f7e3-efcb-42df-a6e5-68fc64c1cec2	1ec02dec-9a81-473a-9cdf-31454e2e959a	$2a$10$0RiKkh/mr.XEqfczDjW.luu.DCzbghyb3Aq3xtF.LJOEeMsmSekSO	\N	2025-10-01 15:33:51.288	\N	::1	Mozilla/5.0 (X11; Linux x86_64) AppleWebKit/537.36 (KHTML, like Gecko) Chrome/140.0.0.0 Safari/537.36	desktop	t	\N	2025-09-01 15:33:51.289	2025-09-01 15:33:51.289
b58607c6-e01e-4fc5-88d2-725b63271031	1ec02dec-9a81-473a-9cdf-31454e2e959a	$2a$10$0gYCvbv/2dWF5y9W5E8lKu2LN9t0sEMEmHd./FowyCoaj4uRhbZmO	\N	2025-10-01 19:01:33.508	\N	::1	Mozilla/5.0 (X11; Linux x86_64) AppleWebKit/537.36 (KHTML, like Gecko) Chrome/140.0.0.0 Safari/537.36	desktop	t	\N	2025-09-01 19:01:33.509	2025-09-01 19:01:33.509
e4df1b94-8ee7-4286-9f2b-b5ddc3482eb8	1ec02dec-9a81-473a-9cdf-31454e2e959a	$2a$10$WCunH7qGuin6MO1NS2WzE.N.L8K/WQ95I3eWPKWAo1OrM/5NI.4re	\N	2025-10-01 22:02:17.964	\N	::1	Mozilla/5.0 (X11; Linux x86_64) AppleWebKit/537.36 (KHTML, like Gecko) Chrome/140.0.0.0 Safari/537.36	desktop	t	\N	2025-09-01 22:02:17.965	2025-09-01 22:02:17.965
975dd66c-4660-4722-b203-4331a1d2e9b7	1ec02dec-9a81-473a-9cdf-31454e2e959a	$2a$10$EhKdTdnGuz5CBCu2GVGkXu1c3NB5KS9BbNuEqTDxSFaBE8.ABuwY2	\N	2025-10-02 07:26:31.399	\N	::1	Mozilla/5.0 (X11; Linux x86_64) AppleWebKit/537.36 (KHTML, like Gecko) Chrome/140.0.0.0 Safari/537.36	desktop	t	\N	2025-09-02 07:26:31.4	2025-09-02 07:26:31.4
ac1870a4-849a-422a-b394-08c834cc5a1c	1ec02dec-9a81-473a-9cdf-31454e2e959a	$2a$10$E2UZPipjLTr4ow7yPMVGdOanzUXaH81cphHQtb8s9Hjtco3we/nX2	\N	2025-10-02 07:26:36.832	\N	::1	Mozilla/5.0 (X11; Linux x86_64) AppleWebKit/537.36 (KHTML, like Gecko) Chrome/140.0.0.0 Safari/537.36	desktop	t	\N	2025-09-02 07:26:36.833	2025-09-02 07:26:36.833
0c5555df-b677-4752-8995-fc2eaf71c39d	1ec02dec-9a81-473a-9cdf-31454e2e959a	$2a$10$ZF5euZc/GjUMx6cN2qHw4e3blSoRjLxD9dA4tsr6CQd/KCJ4KUfu2	\N	2025-10-03 03:14:44.807	\N	::1	Mozilla/5.0 (X11; Linux x86_64) AppleWebKit/537.36 (KHTML, like Gecko) Chrome/140.0.0.0 Safari/537.36	desktop	t	\N	2025-09-03 03:14:44.809	2025-09-03 03:14:44.809
ba7e6a3e-1e40-494b-a84e-01eafbb6709d	1ec02dec-9a81-473a-9cdf-31454e2e959a	$2a$10$AGUquSoHiyvbZ/57CuB3POpU7cT7XAamSC.1YcfCpg4fpwWlbqERC	\N	2025-10-03 03:17:01.087	\N	::1	Mozilla/5.0 (X11; Linux x86_64) AppleWebKit/537.36 (KHTML, like Gecko) Chrome/140.0.0.0 Safari/537.36	desktop	t	\N	2025-09-03 03:17:01.089	2025-09-03 03:17:01.089
28d195c5-55df-4b38-96a1-abdecd28fdf7	4fcb92e6-d1c2-4583-8ce7-172227a2a4e8	$2a$10$DdCiVSm937V.yrqpa55D9eppeQUaqJrrOBhk9yZFnrznrH4RPDhgK	\N	2025-10-03 13:07:25.944	\N	::1	curl/8.15.0	desktop	t	\N	2025-09-03 13:07:25.945	2025-09-03 13:07:25.945
de706c94-39af-4a5d-ad69-bfb0d82f1311	dfed55fa-5890-426d-9960-8ee49318d18a	$2a$10$ocrD9J7osUAD.Rqm91ac2.MHEou8EYYPlHwk44mnweaxdY3zisoLK	\N	2025-10-03 13:07:26.133	\N	::1	curl/8.15.0	desktop	t	\N	2025-09-03 13:07:26.134	2025-09-03 13:07:26.134
0a715fa6-25b6-4df8-a824-451e227d52dc	1ec02dec-9a81-473a-9cdf-31454e2e959a	$2a$10$AORot5ia35/R84cavScvw.8rAtDN390hivqzCgVuUMv450retzoEG	\N	2025-10-03 13:15:06.614	\N	::1	Mozilla/5.0 (X11; Linux x86_64) AppleWebKit/537.36 (KHTML, like Gecko) Chrome/140.0.0.0 Safari/537.36	desktop	t	\N	2025-09-03 13:15:06.616	2025-09-03 13:15:06.616
27d3e825-85f9-44db-a7a9-48e2bd4a6d58	1ec02dec-9a81-473a-9cdf-31454e2e959a	$2a$10$FlxtsItfu/JYh9vvdTReAeejDVnbGYib6AQsYf3jV/gycqmCMZiwW	\N	2025-10-03 13:15:17.517	\N	::1	Mozilla/5.0 (X11; Linux x86_64) AppleWebKit/537.36 (KHTML, like Gecko) Chrome/140.0.0.0 Safari/537.36	desktop	t	\N	2025-09-03 13:15:17.519	2025-09-03 13:15:17.519
1d6ecfc1-f4cb-4619-877c-c2568c6e8e89	dfed55fa-5890-426d-9960-8ee49318d18a	$2a$10$bBHKtVhLJQRcraY9rXhlseh.C4OJ3UXhlMKlNXIi/iYWvJQGr0wvO	\N	2025-10-03 13:18:18.592	\N	::1	Mozilla/5.0 (X11; Linux x86_64) AppleWebKit/537.36 (KHTML, like Gecko) Chrome/140.0.0.0 Safari/537.36	desktop	t	\N	2025-09-03 13:18:18.593	2025-09-03 13:18:18.593
a0b071c4-f5c9-4f17-a46b-46853069d302	4fcb92e6-d1c2-4583-8ce7-172227a2a4e8	$2a$10$ZLUFdQisiL98BwPUIcIikO6ql0VFYtmwgZFSHzMKdPiyFtEQO6FHS	\N	2025-10-03 13:19:24.987	\N	::1	curl/8.15.0	desktop	t	\N	2025-09-03 13:19:24.988	2025-09-03 13:19:24.988
042c387e-18f2-4789-bdcb-d1bffe2a2229	1ec02dec-9a81-473a-9cdf-31454e2e959a	$2a$10$puWCtEeC0S1AhXlOC1Fu4uLvEBJnYWmucQvev2VKQWtqtthtbE.aK	\N	2025-10-03 13:21:03.201	\N	::1	Mozilla/5.0 (X11; Linux x86_64) AppleWebKit/537.36 (KHTML, like Gecko) Chrome/140.0.0.0 Safari/537.36	desktop	t	\N	2025-09-03 13:21:03.202	2025-09-03 13:21:03.202
2b061845-9729-477e-b96f-18b48054816f	4fcb92e6-d1c2-4583-8ce7-172227a2a4e8	$2a$10$DQNahIKVpjpcre14X00tNOWrNekl3YUuutWz3HgLqQrcIz4nlFdeW	\N	2025-10-03 13:21:18.701	\N	::1	curl/8.15.0	desktop	t	\N	2025-09-03 13:21:18.702	2025-09-03 13:21:18.702
8f23f577-e2f3-4372-99d4-65602fe442f9	4fcb92e6-d1c2-4583-8ce7-172227a2a4e8	$2a$10$jVv4lDUbY0vVfsIFxr/zhudFy56/cnONjiSChOkKbay6.5wAkfPem	\N	2025-10-03 13:26:04.343	\N	::1	curl/8.15.0	desktop	t	\N	2025-09-03 13:26:04.344	2025-09-03 13:26:04.344
83237689-e590-44c4-9d2f-88649dff6265	4fcb92e6-d1c2-4583-8ce7-172227a2a4e8	$2a$10$KipdG9vqiI4RpmV1/tH/I.D0vbjyu62ElZvvZUaXtb82GNa5BHlxm	\N	2025-10-03 13:31:00.286	\N	::1	curl/8.15.0	desktop	t	\N	2025-09-03 13:31:00.289	2025-09-03 13:31:00.289
89651e6f-02f7-410a-a2be-08216379e8bd	4fcb92e6-d1c2-4583-8ce7-172227a2a4e8	$2a$10$XBDMRXdWNCYFjcZPgFVBued1.2XErsWqQY9jpKXQt/h.1cHZPa59q	\N	2025-10-03 13:33:02.302	\N	::1	curl/8.15.0	desktop	t	\N	2025-09-03 13:33:02.304	2025-09-03 13:33:02.304
27425889-920c-4d2b-af3e-1132e98b02e0	4fcb92e6-d1c2-4583-8ce7-172227a2a4e8	$2a$10$2MDXYFL2rZ.VNYHOX315lOml3qZD7f5tHYMMtTt/elzNVNNf5kJuy	\N	2025-10-03 13:35:40.395	\N	::1	curl/8.15.0	desktop	t	\N	2025-09-03 13:35:40.396	2025-09-03 13:35:40.396
e2932c84-e83c-432e-9ea5-66d3d8f2107e	4fcb92e6-d1c2-4583-8ce7-172227a2a4e8	$2a$10$CJtKi.VIwE4gcN2F8jTcGe4OTj/8y6v9dZSsloc/47XHQjWi2.wQK	\N	2025-10-03 13:40:41.458	\N	::1	curl/8.15.0	desktop	t	\N	2025-09-03 13:40:41.459	2025-09-03 13:40:41.459
3e48dfe1-3d26-49cf-8884-8eb254b3ec8f	4fcb92e6-d1c2-4583-8ce7-172227a2a4e8	$2a$10$FtJLe7y40fGabYNTKmG1OO/VNYexL.GYWHBpznU1mBwLlypoLRmhy	\N	2025-10-03 13:48:21.691	\N	::1	curl/8.15.0	desktop	t	\N	2025-09-03 13:48:21.692	2025-09-03 13:48:21.692
07f65a73-b02d-4930-ab75-42579d0114eb	4fcb92e6-d1c2-4583-8ce7-172227a2a4e8	$2a$10$H8y/bek5OGm5Ds6kHLSi6ugPRV.MGPIR4/wVjosM6ss6d7kUEL2nO	\N	2025-10-03 13:50:26.976	\N	::1	curl/8.15.0	desktop	t	\N	2025-09-03 13:50:26.977	2025-09-03 13:50:26.977
8ad12f49-68dd-4475-9be5-d50a70d2ac59	4fcb92e6-d1c2-4583-8ce7-172227a2a4e8	$2a$10$XpvFU2/sWlJDsD7ECdudzu8vX0pxQRoj.I/zoYRRxSGzEcHzGFpvG	\N	2025-10-03 13:58:31.602	\N	::1	curl/8.15.0	desktop	t	\N	2025-09-03 13:58:31.603	2025-09-03 13:58:31.603
865359a6-f915-4045-87e5-d505f739305f	4fcb92e6-d1c2-4583-8ce7-172227a2a4e8	$2a$10$KixY4VVMTz16vpHl7tt4sucDn6UhT.2Vd8VTb6zt0yKGdZYDcnhVq	\N	2025-10-03 14:14:20.439	\N	::1	curl/8.15.0	desktop	t	\N	2025-09-03 14:14:20.44	2025-09-03 14:14:20.44
6991f9f2-f668-4376-a875-54a17a780ae6	4fcb92e6-d1c2-4583-8ce7-172227a2a4e8	$2a$10$CQkx0byfef.ygNO/MCaB7ORd/Z2FFZG4zYAopmCeu6fUMcWslYPVS	\N	2025-10-03 14:15:44.064	\N	::1	curl/8.15.0	desktop	t	\N	2025-09-03 14:15:44.065	2025-09-03 14:15:44.065
4002d17b-5a6c-4938-b2cb-397c1c42567d	4fcb92e6-d1c2-4583-8ce7-172227a2a4e8	$2a$10$3.efx.G.IrqxT7TmxXUNa.6rPW9Zy9PsjqiY3CqO83oyn.Ad/MUza	\N	2025-10-03 14:21:26.305	\N	::1	curl/8.15.0	desktop	t	\N	2025-09-03 14:21:26.306	2025-09-03 14:21:26.306
c04994fb-7610-4cf0-974d-e3433dcdb619	4fcb92e6-d1c2-4583-8ce7-172227a2a4e8	$2a$10$J8GKN5JcJgVM1LjIRdSk9.AGn4cRlN.hCFtElcB6CMROq3ZW.CE4G	\N	2025-10-03 14:29:59.614	\N	::1	curl/8.15.0	desktop	t	\N	2025-09-03 14:29:59.615	2025-09-03 14:29:59.615
45d59124-df75-479b-afcd-87efec1473ed	4fcb92e6-d1c2-4583-8ce7-172227a2a4e8	$2a$10$5gibSG0/R9MgWwGjBxvWbuwadAGRpq9ssrHCUUO4teTN/zfpsVUVu	\N	2025-10-03 14:31:23.945	\N	::1	curl/8.15.0	desktop	t	\N	2025-09-03 14:31:23.946	2025-09-03 14:31:23.946
26d1f176-ab88-40c7-b7ed-32ea071838ac	1ec02dec-9a81-473a-9cdf-31454e2e959a	$2a$10$mgElPkRMuiZQ2AUkfQ2DwOobdAM4MkAWYk0o6etmXjhLgJn/emqR2	\N	2025-10-03 20:11:13.591	\N	::1	Mozilla/5.0 (X11; Linux x86_64) AppleWebKit/537.36 (KHTML, like Gecko) Chrome/140.0.0.0 Safari/537.36	desktop	t	\N	2025-09-03 20:11:13.592	2025-09-03 20:11:13.592
d659bf9b-723b-4708-88e3-756aa41d697e	1ec02dec-9a81-473a-9cdf-31454e2e959a	$2a$10$YzhCWsh06R8ciNbwZJbk9ONOdwkr0Ra7WKsw.s4bfCga46CMM9.2m	\N	2025-10-04 04:33:48.08	\N	::1	Mozilla/5.0 (X11; Linux x86_64) AppleWebKit/537.36 (KHTML, like Gecko) Chrome/140.0.0.0 Safari/537.36	desktop	t	\N	2025-09-04 04:33:48.081	2025-09-04 04:33:48.081
b0b57425-49ff-48ed-b321-df927e2dc41f	4fcb92e6-d1c2-4583-8ce7-172227a2a4e8	$2a$10$lHE.GwWTY9Hn00Nff8dFaO1vN60zud.j6TRrY/mSdjjtZYTA3P5bC	\N	2025-10-04 04:43:08.802	\N	::1	Menu-Test-Script/1.0	desktop	t	\N	2025-09-04 04:43:08.803	2025-09-04 04:43:08.803
505ffdd9-2529-4bfe-87ac-7759f83aea39	4fcb92e6-d1c2-4583-8ce7-172227a2a4e8	$2a$10$YcLTZQsmIVm/a25HqjhmNu1IPw5EeatQkV.HH1105qLsFPEXCaHl.	\N	2025-10-04 04:44:49.373	\N	::1	Menu-Test-Script/1.0	desktop	t	\N	2025-09-04 04:44:49.374	2025-09-04 04:44:49.374
1f5e648f-8966-4120-bc02-e0945d33a816	4fcb92e6-d1c2-4583-8ce7-172227a2a4e8	$2a$10$N7HIwGCVoUDO7nAA42UikelNqVyCihtlzdMrBguPJgnZ/Hk7WoLkW	\N	2025-10-04 04:45:11.027	\N	::1	curl/8.15.0	desktop	t	\N	2025-09-04 04:45:11.028	2025-09-04 04:45:11.028
6a2c64c0-da4b-489e-ae44-410184e17201	4fcb92e6-d1c2-4583-8ce7-172227a2a4e8	$2a$10$4vz6XhoCSz0oqgzdQspNNOLCU8oBJ/PBDRQ3.XSLY2EthOJI4FPYm	\N	2025-10-04 04:45:51.341	\N	::1	Menu-Test-Script/1.0	desktop	t	\N	2025-09-04 04:45:51.343	2025-09-04 04:45:51.343
d1ea066e-eedd-4494-a208-31f4d04b362b	4fcb92e6-d1c2-4583-8ce7-172227a2a4e8	$2a$10$46MuZRdZbc2WzVi3yoBwpOJec90Z4oTK2dHb5rZ6FjvgDLwfjJ/jO	\N	2025-10-04 04:46:21.703	\N	::1	curl/8.15.0	desktop	t	\N	2025-09-04 04:46:21.704	2025-09-04 04:46:21.704
70012cfe-4536-47a0-af04-6a164476b742	4fcb92e6-d1c2-4583-8ce7-172227a2a4e8	$2a$10$wPGseAN4ThiMojS7Vj3vsOPrt2iCQIVeBL9LKhMaaNJO3Gd6rg5Y6	\N	2025-10-04 04:46:38.052	\N	::1	Menu-Test-Script/1.0	desktop	t	\N	2025-09-04 04:46:38.053	2025-09-04 04:46:38.053
e69e54bf-16c4-4938-9dcd-9f81eb96f36d	1ec02dec-9a81-473a-9cdf-31454e2e959a	$2a$10$rdxZFKrvsdIiVY.o0/SWF.wLAVDd9Sj9smlxnkDEkL1MjI5WfPQwy	\N	2025-10-04 04:50:02.971	\N	::1	Mozilla/5.0 (X11; Linux x86_64) AppleWebKit/537.36 (KHTML, like Gecko) Chrome/140.0.0.0 Safari/537.36	desktop	t	\N	2025-09-04 04:50:02.972	2025-09-04 04:50:02.972
dc4324d4-b0f1-42e3-b66f-a2a89f6c3076	4fcb92e6-d1c2-4583-8ce7-172227a2a4e8	$2a$10$g85h0Fw9bMaPnxmNBE4sWe/d7IORvfgvarwab2jvFMGqmFIt88WT2	\N	2025-10-04 04:51:16.055	\N	::1	Menu-Error-Test/1.0	desktop	t	\N	2025-09-04 04:51:16.056	2025-09-04 04:51:16.056
a0cb31d3-1f37-423a-a041-80e2f4bc480b	4fcb92e6-d1c2-4583-8ce7-172227a2a4e8	$2a$10$sXfUV5daCeV.RG1wN./UxOyvz.kHmKo1ARBx/GPYDrstn7qF95he6	\N	2025-10-04 05:19:31.201	\N	::1	curl/8.15.0	desktop	t	\N	2025-09-04 05:19:31.202	2025-09-04 05:19:31.202
9a2f3186-58f1-4201-801a-d9cf27752f03	4fcb92e6-d1c2-4583-8ce7-172227a2a4e8	$2a$10$vue581iN73hc2VNfc3FEre6IsQ.lRJvl1H6xy.0bnWygEsTObdXZq	\N	2025-10-04 05:21:21.947	\N	::1	Menu-Error-Test/1.0	desktop	t	\N	2025-09-04 05:21:21.948	2025-09-04 05:21:21.948
0a7fea8c-5738-4f17-aa08-0a9654ddcfb4	4fcb92e6-d1c2-4583-8ce7-172227a2a4e8	$2a$10$CKJIaRwe9ZA2x/W2G6/ph.gNt.w0vhqnYrA1oM1hpJZznNGoVmj0.	\N	2025-10-04 05:21:33.305	\N	::1	Menu-Error-Test/1.0	desktop	t	\N	2025-09-04 05:21:33.306	2025-09-04 05:21:33.306
641501b5-f7f3-41a2-ae79-7ad7c2b62005	4fcb92e6-d1c2-4583-8ce7-172227a2a4e8	$2a$10$eiLUW8YkYGwWotMRE6Zkoui0A7HuR42IMaKOKg8FrhPLA2F2YXhIa	\N	2025-10-04 05:22:15.058	\N	::1	Menu-Error-Test/1.0	desktop	t	\N	2025-09-04 05:22:15.059	2025-09-04 05:22:15.059
1dd5fa63-c648-4240-a9f4-c751d5f7d8eb	1ec02dec-9a81-473a-9cdf-31454e2e959a	$2a$10$SnUnsJI3ZQwhKYb.njlOE.i2sXaG3kgZLV.0CYh5MakD/yNBf5Fga	\N	2025-10-04 12:18:49.021	\N	::1	Mozilla/5.0 (X11; Linux x86_64) AppleWebKit/537.36 (KHTML, like Gecko) Chrome/140.0.0.0 Safari/537.36	desktop	t	\N	2025-09-04 12:18:49.023	2025-09-04 12:18:49.023
86b8d76a-06cd-42fe-98b4-ce20652b1331	1ec02dec-9a81-473a-9cdf-31454e2e959a	$2a$10$d2UFdqh5aa9zAVkNesJTyOa2wWIuCeoL8vXTBrsSuaVwZYZZSbbyS	\N	2025-10-04 16:20:11.637	\N	::1	Mozilla/5.0 (X11; Linux x86_64) AppleWebKit/537.36 (KHTML, like Gecko) Chrome/140.0.0.0 Safari/537.36	desktop	t	\N	2025-09-04 16:20:11.638	2025-09-04 16:20:11.638
a618a2e6-d99c-4db2-b6d7-3dc00190733b	1ec02dec-9a81-473a-9cdf-31454e2e959a	$2a$10$45LYx7Gfk9JDBw1Nd4d7Z.D6sXB7mGtetw5T1QexLL00IyjPg0N/6	\N	2025-10-04 16:20:16.025	\N	::1	Mozilla/5.0 (X11; Linux x86_64) AppleWebKit/537.36 (KHTML, like Gecko) Chrome/140.0.0.0 Safari/537.36	desktop	t	\N	2025-09-04 16:20:16.026	2025-09-04 16:20:16.026
809f9640-e243-49a6-97dc-5b76071fc2ac	1ec02dec-9a81-473a-9cdf-31454e2e959a	$2a$10$s9YPO5z/DBE40MdPyeg83u.Th.HSifX15n/8rKRgijKAwClOzk2u.	\N	2025-10-05 03:46:17.689	\N	::1	Mozilla/5.0 (X11; Linux x86_64) AppleWebKit/537.36 (KHTML, like Gecko) Chrome/140.0.0.0 Safari/537.36	desktop	t	\N	2025-09-05 03:46:17.69	2025-09-05 03:46:17.69
c3c48f3b-8965-424e-8ec1-8cafddc48208	0358ad07-6b06-40c7-a69e-4ec9f74cd696	$2a$10$HroXecZTe0tmUfbshwknqOP9/Nzu5uLD5IPu.ZBsGs7xzbw4em8WW	\N	2025-10-05 04:06:34.821	\N	::1	curl/8.15.0	desktop	t	\N	2025-09-05 04:06:34.823	2025-09-05 04:06:34.823
feb36769-f7fe-443c-97d2-7c7181161045	4fcb92e6-d1c2-4583-8ce7-172227a2a4e8	$2a$10$gzymCWpD7ulcuNVnLTiU4e9OIo86zBGwzHpCZoJuAR4euuUX2U54.	\N	2025-10-05 04:53:09.565	\N	::1	curl/8.15.0	desktop	t	\N	2025-09-05 04:53:09.567	2025-09-05 04:53:09.567
36f8207c-a1fd-4fb0-98e5-31d59f8dbc73	4fcb92e6-d1c2-4583-8ce7-172227a2a4e8	$2a$10$yjdqag33CLSFqdXkLoVvOOeHMbxlgAPgbtDUfHPzUJF27YeWtVxoq	\N	2025-10-05 05:05:27.195	\N	::1	curl/8.15.0	desktop	t	\N	2025-09-05 05:05:27.196	2025-09-05 05:05:27.196
ff6f61d8-fded-444c-9c44-11d045479da0	4fcb92e6-d1c2-4583-8ce7-172227a2a4e8	$2a$10$RRhddc0hOSv3eLP7pZUve.4GdI2wz1zS4RlZYo.hTl3fSK0j4Mvga	\N	2025-10-05 05:05:39.064	\N	::1	curl/8.15.0	desktop	t	\N	2025-09-05 05:05:39.065	2025-09-05 05:05:39.065
09f2e07b-9e66-42e3-9b86-b86c579fd39c	4fcb92e6-d1c2-4583-8ce7-172227a2a4e8	$2a$10$crMMvgcRH6afb/8i3JJhn.qXDHA3fDHKCr8QwDVMwxO10tdy3YPie	\N	2025-10-05 05:07:20.219	\N	::1	curl/8.15.0	desktop	t	\N	2025-09-05 05:07:20.221	2025-09-05 05:07:20.221
557e583f-0de0-41f4-8108-537e16be76a5	4fcb92e6-d1c2-4583-8ce7-172227a2a4e8	$2a$10$fwvjaMTUXHlMmpM1faGlf.WTyreS41O1lGo.cUJUD0wf7GuBuVxrW	\N	2025-10-05 05:09:23.146	\N	::1	curl/8.15.0	desktop	t	\N	2025-09-05 05:09:23.147	2025-09-05 05:09:23.147
55c56aa1-c04d-4df8-ae6e-8d6f26a85094	4fcb92e6-d1c2-4583-8ce7-172227a2a4e8	$2a$10$AJvQEM6NOQSB..sPQBU5huglvil/Scgdkg1UkVsBIiqBs9D6ymZIm	\N	2025-10-05 05:12:25.084	\N	::1	curl/8.15.0	desktop	t	\N	2025-09-05 05:12:25.086	2025-09-05 05:12:25.086
f795f031-8d9c-4a0c-97ab-0b88131279f8	4fcb92e6-d1c2-4583-8ce7-172227a2a4e8	$2a$10$zwrQcB37Ln0hAgZAjJHcoe5fRc8ywJ7iKH9dmAmhZR2GsdXcJe83q	\N	2025-10-05 05:15:31.298	\N	::1	curl/8.15.0	desktop	t	\N	2025-09-05 05:15:31.3	2025-09-05 05:15:31.3
fe321156-2ab4-415b-98f0-c923543dc3bc	4fcb92e6-d1c2-4583-8ce7-172227a2a4e8	$2a$10$hqMqZs5bXlJUdySCdMGCv.UXLxg3QOOmqyUDD5hjQg1sflqBajbH2	\N	2025-10-05 05:21:13.911	\N	::1	curl/8.15.0	desktop	t	\N	2025-09-05 05:21:13.912	2025-09-05 05:21:13.912
20cb1e3b-0a84-47df-ad37-1a163ce204b2	1ec02dec-9a81-473a-9cdf-31454e2e959a	$2a$10$6H/a05INkVo6fMbDcLacYOozP2QCYqnUfoHk4FHoz9eatKX8nB63a	\N	2025-10-05 05:23:36.761	\N	::1	Mozilla/5.0 (X11; Linux x86_64) AppleWebKit/537.36 (KHTML, like Gecko) Chrome/140.0.0.0 Safari/537.36	desktop	t	\N	2025-09-05 05:23:36.763	2025-09-05 05:23:36.763
e43239d2-5c5c-46a5-b165-b281b8cf8a34	1ec02dec-9a81-473a-9cdf-31454e2e959a	$2a$10$kT1xwWr/2v/lhDWLISANJ.EHEu5TLre2Sdi5.SWoePncz4dZB1NOq	\N	2025-10-05 05:23:38.348	\N	::1	Mozilla/5.0 (X11; Linux x86_64) AppleWebKit/537.36 (KHTML, like Gecko) Chrome/140.0.0.0 Safari/537.36	desktop	t	\N	2025-09-05 05:23:38.349	2025-09-05 05:23:38.349
d162f6cd-1706-466e-85e3-ff3450445f55	1ec02dec-9a81-473a-9cdf-31454e2e959a	$2a$10$gN94/nCNvz3MnnFC11SbnuHguSexLCDui1cRE3oiseooBNxfomPOm	\N	2025-10-05 05:23:39.725	\N	::1	Mozilla/5.0 (X11; Linux x86_64) AppleWebKit/537.36 (KHTML, like Gecko) Chrome/140.0.0.0 Safari/537.36	desktop	t	\N	2025-09-05 05:23:39.726	2025-09-05 05:23:39.726
0a40fe5c-3a2c-433f-87ef-aaad64cd8edb	1ec02dec-9a81-473a-9cdf-31454e2e959a	$2a$10$gVsNJ7BLaEiArUaT/w5Fz.lCX0KmKfHgrQUp64x1fpLn21MQiy3AC	\N	2025-10-05 05:23:43.266	\N	::1	Mozilla/5.0 (X11; Linux x86_64) AppleWebKit/537.36 (KHTML, like Gecko) Chrome/140.0.0.0 Safari/537.36	desktop	t	\N	2025-09-05 05:23:43.267	2025-09-05 05:23:43.267
dc731f5e-c0a0-4b84-9b7c-08a5768e907a	1ec02dec-9a81-473a-9cdf-31454e2e959a	$2a$10$un3M7vFmSL0h5dvKbrpl4.6WeRnIM1a7ZBq/WudG//H3vnSN1J73S	\N	2025-10-05 05:24:04.663	\N	::1	Mozilla/5.0 (X11; Linux x86_64) AppleWebKit/537.36 (KHTML, like Gecko) Chrome/140.0.0.0 Safari/537.36	desktop	t	\N	2025-09-05 05:24:04.664	2025-09-05 05:24:04.664
5a944acf-b1a4-4cd8-b39d-53ff76b04104	1ec02dec-9a81-473a-9cdf-31454e2e959a	$2a$10$GE.y./npAvzF4o3nl/TFGOM2rnp87fp2508RGdemO7MX9WXd05UFC	\N	2025-10-05 05:24:11.814	\N	::1	Mozilla/5.0 (X11; Linux x86_64) AppleWebKit/537.36 (KHTML, like Gecko) Chrome/140.0.0.0 Safari/537.36	desktop	t	\N	2025-09-05 05:24:11.815	2025-09-05 05:24:11.815
1bff2c6d-4dbb-4978-afd1-dfc042ca323c	1ec02dec-9a81-473a-9cdf-31454e2e959a	$2a$10$hCwiK1NFxPuZEK6jFkvHtOrBZhVMgO9BBUPSMpZXgHNhQoN7oraG.	\N	2025-10-05 05:24:58.084	\N	::1	Mozilla/5.0 (X11; Linux x86_64) AppleWebKit/537.36 (KHTML, like Gecko) Chrome/140.0.0.0 Safari/537.36	desktop	t	\N	2025-09-05 05:24:58.086	2025-09-05 05:24:58.086
b995b18f-9c2e-41b3-8c13-74359980c8bf	1ec02dec-9a81-473a-9cdf-31454e2e959a	$2a$10$7RDkpWM73HUHBtdoNrNfUeW6E1NVdurc5hx4ZQ47bFjoEMRSDpg/G	\N	2025-10-05 05:25:00.494	\N	::1	Mozilla/5.0 (X11; Linux x86_64) AppleWebKit/537.36 (KHTML, like Gecko) Chrome/140.0.0.0 Safari/537.36	desktop	t	\N	2025-09-05 05:25:00.495	2025-09-05 05:25:00.495
90c34e8b-883a-4f87-ba23-5acce6461c2f	1ec02dec-9a81-473a-9cdf-31454e2e959a	$2a$10$ACw7qnw2lGrzTXVKdjahM.L4XzmeUZZhQZ9y1uMcmEPysU0tuPREy	\N	2025-10-05 05:25:03.747	\N	::1	Mozilla/5.0 (X11; Linux x86_64) AppleWebKit/537.36 (KHTML, like Gecko) Chrome/140.0.0.0 Safari/537.36	desktop	t	\N	2025-09-05 05:25:03.748	2025-09-05 05:25:03.748
fe50d583-280b-43db-996a-bbfcf73ba61a	1ec02dec-9a81-473a-9cdf-31454e2e959a	$2a$10$7IaicQJh2th/ZzmnnxSwG.qpXnyMKKEMhQjmKhzVkkcGZqVF8g7x.	\N	2025-10-05 05:27:45.557	\N	::1	Mozilla/5.0 (X11; Linux x86_64) AppleWebKit/537.36 (KHTML, like Gecko) Chrome/140.0.0.0 Safari/537.36	desktop	t	\N	2025-09-05 05:27:45.558	2025-09-05 05:27:45.558
85499241-10a9-49b1-9423-c18a95037172	1ec02dec-9a81-473a-9cdf-31454e2e959a	$2a$10$oKy8LTChmC/3e.XkwzANTuCiamFyFspVnatYD8jVtwhF6NijLHUQG	\N	2025-10-05 05:27:48.688	\N	::1	Mozilla/5.0 (X11; Linux x86_64) AppleWebKit/537.36 (KHTML, like Gecko) Chrome/140.0.0.0 Safari/537.36	desktop	t	\N	2025-09-05 05:27:48.689	2025-09-05 05:27:48.689
513e97d2-dc66-4d3c-8679-6a98ea81ff8d	4fcb92e6-d1c2-4583-8ce7-172227a2a4e8	$2a$10$v9vQxx21xK9PWhxWbfnYGutt9kKu8jrOrreLWPoD3djWAuI65DQla	\N	2025-10-05 05:32:54.781	\N	::1	curl/8.15.0	desktop	t	\N	2025-09-05 05:32:54.782	2025-09-05 05:32:54.782
84d5840a-6259-4c5d-ae02-e666323128ac	4fcb92e6-d1c2-4583-8ce7-172227a2a4e8	$2a$10$2jCSBbN5th96Lxw/Tt8MnOX5Gx3i7oLQ9iGTO7j9455MTDF55isQC	\N	2025-10-05 05:40:35.375	\N	::1	curl/8.15.0	desktop	t	\N	2025-09-05 05:40:35.376	2025-09-05 05:40:35.376
8cecfb6d-4f2c-4717-9c43-efc9e9cda3bc	1ec02dec-9a81-473a-9cdf-31454e2e959a	$2a$10$7aXjQDtq.M0Q73yqEJGr0.QjjJM0Ml/EsFGLfQ1vPjwsr/.nKJDUe	\N	2025-10-05 10:36:13.009	\N	::1	curl/8.15.0	desktop	t	\N	2025-09-05 10:36:13.012	2025-09-05 10:36:13.012
32016625-8ebf-44c3-a82c-7843988aa891	1ec02dec-9a81-473a-9cdf-31454e2e959a	$2a$10$.4vIf5ICcV4oZD3Fv7rIkeHh2fxYZsMcd/jmTz2Ch9tm/fnaO57SG	\N	2025-10-05 10:37:24.918	\N	::1	curl/8.15.0	desktop	t	\N	2025-09-05 10:37:24.92	2025-09-05 10:37:24.92
1f45b1a1-ab57-4f3a-8061-95e58fdf2043	1ec02dec-9a81-473a-9cdf-31454e2e959a	$2a$10$oTjWQ4NuNyrs1GEuIvgB0.085Dlwy1i7h83nHxGz1M7mTTyx4RKjG	\N	2025-10-05 10:39:41.456	\N	::1	Mozilla/5.0 (X11; Linux x86_64) AppleWebKit/537.36 (KHTML, like Gecko) Chrome/140.0.0.0 Safari/537.36	desktop	t	\N	2025-09-05 10:39:41.457	2025-09-05 10:39:41.457
758481a4-f77d-4a2a-a79b-af102a41b40f	1ec02dec-9a81-473a-9cdf-31454e2e959a	$2a$10$gvxwm3M8HXOlZmV1Cmks/u0hmZaEoxpevlVZSG0GLvRxn7CC.pjLW	\N	2025-10-05 10:39:44.86	\N	::1	Mozilla/5.0 (X11; Linux x86_64) AppleWebKit/537.36 (KHTML, like Gecko) Chrome/140.0.0.0 Safari/537.36	desktop	t	\N	2025-09-05 10:39:44.861	2025-09-05 10:39:44.861
b6ef988e-aa67-4b21-afd6-7796db9d84a8	1ec02dec-9a81-473a-9cdf-31454e2e959a	$2a$10$JKMHahSlMiT9Q4v0Qw3kW.19tS0.GHMXhvA.Ksj..gjotRlXHTXOy	\N	2025-10-05 10:48:35.69	\N	::1	curl/8.15.0	desktop	t	\N	2025-09-05 10:48:35.692	2025-09-05 10:48:35.692
ae6f0726-c5d2-4476-a6a7-65d6784f16bb	1ec02dec-9a81-473a-9cdf-31454e2e959a	$2a$10$/cPigPc4poBcGnTYatJI9.X4slH8HMjqGRPTNRR1YJuhPDib6X4SS	\N	2025-10-05 10:48:58.421	\N	::1	curl/8.15.0	desktop	t	\N	2025-09-05 10:48:58.422	2025-09-05 10:48:58.422
da22fcdb-4684-47d4-93be-33d88b978c27	1ec02dec-9a81-473a-9cdf-31454e2e959a	$2a$10$2kd0veLUfFKXBroJZfDeGe6dOZFlsIORdGetYz33lALlXOsOpVMzm	\N	2025-10-05 10:49:08.439	\N	::1	curl/8.15.0	desktop	t	\N	2025-09-05 10:49:08.44	2025-09-05 10:49:08.44
\.


--
-- Data for Name: users; Type: TABLE DATA; Schema: public; Owner: -
--

COPY public.users (id, name, email, phone, avatar_url, password_hash, pin, email_verified_at, role, status, company_id, branch_id, language, timezone, last_login_at, last_login_ip, failed_login_attempts, locked_until, must_change_password, created_at, updated_at, deleted_at, created_by, updated_by, first_name, last_name, username) FROM stdin;
9caee1f8-547d-435c-9c66-885a52ac373a	Issa Dalu Shawerma 3a saj	962795943016_1756456703665@placeholder.local	+962795943016	\N	$2a$10$Zrz1NmogqnMzv9IMXVuCHOepv8lNWYlSPgKlT6YoTFmtOwInfRPCS	\N	\N	company_owner	active	dc3c6a10-96c6-4467-9778-313af66956af	\N	en	Asia/Amman	\N	\N	0	\N	f	2025-08-29 08:38:23.666	2025-08-29 08:56:37.471	2025-08-29 08:56:37.471	1ec02dec-9a81-473a-9cdf-31454e2e959a	1ec02dec-9a81-473a-9cdf-31454e2e959a	Issa Dalu	Shawerma 3a saj	\N
21e26f55-b464-4b73-ac43-4cfd365c2184	Updated Test User	testuser@platform.com	\N	\N	$2a$10$0c3YDApfgjyJAs4qXRM8vukVzhSAF0yzrmbvQ5XzxEtZ3q4NTTSVm	\N	\N	cashier	inactive	82b4039a-f9f3-4648-b3e1-23397d83af61	\N	en	Asia/Amman	\N	\N	0	\N	f	2025-09-03 13:58:36.08	2025-09-03 13:58:36.233	2025-09-03 13:58:36.233	4fcb92e6-d1c2-4583-8ce7-172227a2a4e8	4fcb92e6-d1c2-4583-8ce7-172227a2a4e8	\N	\N	\N
ded34072-ae63-4a84-8f11-3a5dcd4bcb9a	test2	step3@criptext.com	+962795943016	\N	$2a$10$tpT7qI93474TQSH7PzYFlu7RJE6iah4g2tjXQCS0n8Dsv5F6ltuX2	\N	\N	call_center	active	c382fdd5-1a60-4481-ad5f-65b575729b2c	\N	en	Asia/Amman	2025-08-29 19:28:07.428	\N	0	\N	f	2025-08-29 19:27:53.731	2025-08-29 19:28:07.429	\N	1ec02dec-9a81-473a-9cdf-31454e2e959a	\N	\N	\N	issa2
ff25b5d8-036a-4ed9-b909-e001addf1141	ejewp owie	962694358332_1756417011721@placeholder.local	+962694358332	\N	$2a$10$DqPdz8ZyZSxsi4iV.jtLfOvFTJEAr3LlVXVRWpA1xkxE4k4Dgltlq	\N	\N	call_center	active	dc3c6a10-96c6-4467-9778-313af66956af	\N	en	Asia/Amman	\N	\N	0	\N	f	2025-08-28 21:36:51.723	2025-08-29 20:36:33.549	2025-08-29 20:36:33.549	1ec02dec-9a81-473a-9cdf-31454e2e959a	3131d1ef-ca70-4385-b142-770727c8d5a7	ejewp	owie	\N
0358ad07-6b06-40c7-a69e-4ec9f74cd696	QA Test	testqa@example.com	\N	\N	$2a$12$R38PhpNgWt33MwtZOH2UUeDpp8UGM8pnDGEYoRqSiFAykoe3ebi1m	\N	\N	cashier	active	a13343e5-3109-4dc7-8f75-77982f0cfc7a	\N	en	Asia/Amman	2025-09-05 04:06:34.686	::1	0	\N	f	2025-09-05 04:06:29.22	2025-09-05 04:06:34.693	\N	\N	\N	\N	\N	\N
e4282c30-b3b9-4168-bdb1-cb2a7bfcd20b	Main Office	a1dmin@restau1rantplatform.com	+962444444444	\N	$2a$10$ijLhRFTauQToagV08ArQHe4EeGQus2w7AQzQrXdie4lq0ai8LfEhK	\N	\N	branch_manager	active	dc3c6a10-96c6-4467-9778-313af66956af	\N	en	Asia/Amman	\N	\N	0	\N	f	2025-08-30 12:04:22.129	2025-08-30 12:04:37.007	2025-08-30 12:04:37.007	1ec02dec-9a81-473a-9cdf-31454e2e959a	1ec02dec-9a81-473a-9cdf-31454e2e959a	\N	\N	addas
test-menu-user-001	Test Menu User	test@menu.com	\N	\N	$2a$12$UYp5LE7.oSp9E83LWcxBCuBwmP8SSwuv0VbTPJeMBGJqihgyMKrMC	\N	\N	company_owner	active	82b4039a-f9f3-4648-b3e1-23397d83af61	\N	en	Asia/Amman	2025-08-30 12:07:54.682	\N	0	\N	f	2025-08-29 23:32:49.478	2025-08-30 12:07:54.683	\N	\N	\N	Test	User	testuser
86cf1cd3-0213-4671-bfa5-917c781d7871	reziq	riz@gmail.com	+962566666666	\N	$2a$10$IMCgZu/ccda/ZgdjfdRQeOx6Y9Y2H6ttCc2tlC1pFpzRrHUrK/RDq	\N	\N	call_center	active	82b4039a-f9f3-4648-b3e1-23397d83af61	\N	en	Asia/Amman	2025-08-30 12:11:33.119	\N	0	\N	f	2025-08-30 12:11:01.201	2025-08-30 12:11:33.12	\N	test-menu-user-001	\N	\N	\N	reziq
3ff50f61-1d76-4660-b390-fd8dc12cf0ed	test	a213dmin@restaurantplatform.com	+962444444443	\N	$2a$10$W2rfYoozJ/B.69IOsaSqGu4mH63PichU.cER.F3nuHJzzSnvPOpTC	\N	\N	super_admin	active	dc3c6a10-96c6-4467-9778-313af66956af	\N	en	Asia/Amman	\N	\N	0	\N	f	2025-08-30 18:26:31.855	2025-08-30 18:26:31.855	\N	1ec02dec-9a81-473a-9cdf-31454e2e959a	\N	\N	\N	5325rewf
3131d1ef-ca70-4385-b142-770727c8d5a7	Main Office	step1@criptext.com	+962795943016	\N	$2a$10$nk8iFUSE2RLFP2EleGaAN.JtouhEgBwiBXcA2w0I0OsNgg753zj4O	\N	\N	company_owner	active	dc3c6a10-96c6-4467-9778-313af66956af	\N	en	Asia/Amman	2025-08-31 13:11:52.963	\N	0	\N	f	2025-08-29 09:00:09.037	2025-08-31 13:11:52.964	\N	1ec02dec-9a81-473a-9cdf-31454e2e959a	\N	\N	\N	jess
d9136bdc-392e-445e-8ed8-60d8b0c979b6	Company B Owner	owner@companyb.com	\N	\N	$2a$12$vkPBZ/RKiS6xY/fwj/QiU.ixOJN4sxpbg7QjKAtu5Bz2K83GIBDQm	\N	\N	company_owner	active	82b4039a-f9f3-4648-b3e1-23397d83af61	\N	en	Asia/Amman	2025-08-31 14:00:20.604	::1	0	\N	f	2025-08-29 08:32:29.076	2025-08-31 14:00:20.61	2025-08-29 08:59:42.945	\N	1ec02dec-9a81-473a-9cdf-31454e2e959a	\N	\N	\N
4fcb92e6-d1c2-4583-8ce7-172227a2a4e8	Super Admin	admin@platform.com	\N	\N	$2b$12$4vT0Z4.ZXgpKxqn1O4b3Ve5jCO/i5lSbExDsOxT7Iz6J1Jx2E/UOS	\N	\N	super_admin	active	82b4039a-f9f3-4648-b3e1-23397d83af61	\N	en	Asia/Amman	2025-09-05 05:40:35.252	::1	0	\N	f	2025-08-30 05:07:35.457	2025-09-05 05:40:35.253	\N	\N	\N	\N	\N	\N
1ec02dec-9a81-473a-9cdf-31454e2e959a	System Administrator	admin@restaurantplatform.com	\N	\N	$2a$12$vkPBZ/RKiS6xY/fwj/QiU.ixOJN4sxpbg7QjKAtu5Bz2K83GIBDQm	\N	2025-08-27 09:04:10.179	super_admin	active	dc3c6a10-96c6-4467-9778-313af66956af	40f863e7-b719-4142-8e94-724572002d9b	en	Asia/Amman	2025-09-05 10:49:08.348	::1	0	\N	t	2025-08-27 09:04:10.179	2025-09-05 10:49:08.35	\N	\N	\N	System	Administrator	\N
dfed55fa-5890-426d-9960-8ee49318d18a	test2	step2@criptext.com	+962795943016	\N	$2a$10$GB9FEmwSzH9ToXVbeZc06uK3klhyZgKIy3HipHI2nW/puLDYoGRHC	\N	\N	company_owner	active	dc3c6a10-96c6-4467-9778-313af66956af	\N	en	Asia/Amman	2025-09-03 13:18:18.508	::1	0	\N	f	2025-08-29 09:34:55.462	2025-09-03 13:18:18.509	\N	1ec02dec-9a81-473a-9cdf-31454e2e959a	\N	\N	\N	issadalu2
\.


--
-- Data for Name: webhook_delivery_logs; Type: TABLE DATA; Schema: public; Owner: -
--

COPY public.webhook_delivery_logs (id, company_id, provider_type, webhook_type, order_id, payload, status, processing_attempts, processed_at, error_message, created_at, updated_at) FROM stdin;
\.


--
-- Name: license_audit_logs_id_seq; Type: SEQUENCE SET; Schema: public; Owner: -
--

SELECT pg_catalog.setval('public.license_audit_logs_id_seq', 36, true);


--
-- Name: license_invoices_id_seq; Type: SEQUENCE SET; Schema: public; Owner: -
--

SELECT pg_catalog.setval('public.license_invoices_id_seq', 1, false);


--
-- Name: _prisma_migrations _prisma_migrations_pkey; Type: CONSTRAINT; Schema: public; Owner: -
--

ALTER TABLE ONLY public._prisma_migrations
    ADD CONSTRAINT _prisma_migrations_pkey PRIMARY KEY (id);


--
-- Name: availability_alerts availability_alerts_pkey; Type: CONSTRAINT; Schema: public; Owner: -
--

ALTER TABLE ONLY public.availability_alerts
    ADD CONSTRAINT availability_alerts_pkey PRIMARY KEY (id);


--
-- Name: availability_audit_logs availability_audit_logs_pkey; Type: CONSTRAINT; Schema: public; Owner: -
--

ALTER TABLE ONLY public.availability_audit_logs
    ADD CONSTRAINT availability_audit_logs_pkey PRIMARY KEY (id);


--
-- Name: availability_templates availability_templates_pkey; Type: CONSTRAINT; Schema: public; Owner: -
--

ALTER TABLE ONLY public.availability_templates
    ADD CONSTRAINT availability_templates_pkey PRIMARY KEY (id);


--
-- Name: branch_availabilities branch_availabilities_pkey; Type: CONSTRAINT; Schema: public; Owner: -
--

ALTER TABLE ONLY public.branch_availabilities
    ADD CONSTRAINT branch_availabilities_pkey PRIMARY KEY (id);


--
-- Name: branch_provider_mappings branch_provider_mappings_pkey; Type: CONSTRAINT; Schema: public; Owner: -
--

ALTER TABLE ONLY public.branch_provider_mappings
    ADD CONSTRAINT branch_provider_mappings_pkey PRIMARY KEY (id);


--
-- Name: branches branches_pkey; Type: CONSTRAINT; Schema: public; Owner: -
--

ALTER TABLE ONLY public.branches
    ADD CONSTRAINT branches_pkey PRIMARY KEY (id);


--
-- Name: companies companies_pkey; Type: CONSTRAINT; Schema: public; Owner: -
--

ALTER TABLE ONLY public.companies
    ADD CONSTRAINT companies_pkey PRIMARY KEY (id);


--
-- Name: companies companies_slug_key; Type: CONSTRAINT; Schema: public; Owner: -
--

ALTER TABLE ONLY public.companies
    ADD CONSTRAINT companies_slug_key UNIQUE (slug);


--
-- Name: company_provider_configs company_provider_configs_pkey; Type: CONSTRAINT; Schema: public; Owner: -
--

ALTER TABLE ONLY public.company_provider_configs
    ADD CONSTRAINT company_provider_configs_pkey PRIMARY KEY (id);


--
-- Name: delivery_error_logs delivery_error_logs_pkey; Type: CONSTRAINT; Schema: public; Owner: -
--

ALTER TABLE ONLY public.delivery_error_logs
    ADD CONSTRAINT delivery_error_logs_pkey PRIMARY KEY (id);


--
-- Name: delivery_provider_analytics delivery_provider_analytics_pkey; Type: CONSTRAINT; Schema: public; Owner: -
--

ALTER TABLE ONLY public.delivery_provider_analytics
    ADD CONSTRAINT delivery_provider_analytics_pkey PRIMARY KEY (id);


--
-- Name: delivery_provider_orders delivery_provider_orders_pkey; Type: CONSTRAINT; Schema: public; Owner: -
--

ALTER TABLE ONLY public.delivery_provider_orders
    ADD CONSTRAINT delivery_provider_orders_pkey PRIMARY KEY (id);


--
-- Name: delivery_providers delivery_providers_pkey; Type: CONSTRAINT; Schema: public; Owner: -
--

ALTER TABLE ONLY public.delivery_providers
    ADD CONSTRAINT delivery_providers_pkey PRIMARY KEY (id);


--
-- Name: delivery_zones delivery_zones_pkey; Type: CONSTRAINT; Schema: public; Owner: -
--

ALTER TABLE ONLY public.delivery_zones
    ADD CONSTRAINT delivery_zones_pkey PRIMARY KEY (id);


--
-- Name: global_locations global_locations_pkey; Type: CONSTRAINT; Schema: public; Owner: -
--

ALTER TABLE ONLY public.global_locations
    ADD CONSTRAINT global_locations_pkey PRIMARY KEY (id);


--
-- Name: jordan_locations jordan_locations_pkey; Type: CONSTRAINT; Schema: public; Owner: -
--

ALTER TABLE ONLY public.jordan_locations
    ADD CONSTRAINT jordan_locations_pkey PRIMARY KEY (id);


--
-- Name: license_audit_logs license_audit_logs_pkey; Type: CONSTRAINT; Schema: public; Owner: -
--

ALTER TABLE ONLY public.license_audit_logs
    ADD CONSTRAINT license_audit_logs_pkey PRIMARY KEY (id);


--
-- Name: license_invoices license_invoices_pkey; Type: CONSTRAINT; Schema: public; Owner: -
--

ALTER TABLE ONLY public.license_invoices
    ADD CONSTRAINT license_invoices_pkey PRIMARY KEY (id);


--
-- Name: licenses licenses_pkey; Type: CONSTRAINT; Schema: public; Owner: -
--

ALTER TABLE ONLY public.licenses
    ADD CONSTRAINT licenses_pkey PRIMARY KEY (id);


--
-- Name: menu_categories menu_categories_pkey; Type: CONSTRAINT; Schema: public; Owner: -
--

ALTER TABLE ONLY public.menu_categories
    ADD CONSTRAINT menu_categories_pkey PRIMARY KEY (id);


--
-- Name: menu_products menu_products_pkey; Type: CONSTRAINT; Schema: public; Owner: -
--

ALTER TABLE ONLY public.menu_products
    ADD CONSTRAINT menu_products_pkey PRIMARY KEY (id);


--
-- Name: modifier_categories modifier_categories_pkey; Type: CONSTRAINT; Schema: public; Owner: -
--

ALTER TABLE ONLY public.modifier_categories
    ADD CONSTRAINT modifier_categories_pkey PRIMARY KEY (id);


--
-- Name: modifiers modifiers_pkey; Type: CONSTRAINT; Schema: public; Owner: -
--

ALTER TABLE ONLY public.modifiers
    ADD CONSTRAINT modifiers_pkey PRIMARY KEY (id);


--
-- Name: order_items order_items_pkey; Type: CONSTRAINT; Schema: public; Owner: -
--

ALTER TABLE ONLY public.order_items
    ADD CONSTRAINT order_items_pkey PRIMARY KEY (id);


--
-- Name: orders orders_pkey; Type: CONSTRAINT; Schema: public; Owner: -
--

ALTER TABLE ONLY public.orders
    ADD CONSTRAINT orders_pkey PRIMARY KEY (id);


--
-- Name: price_history price_history_pkey; Type: CONSTRAINT; Schema: public; Owner: -
--

ALTER TABLE ONLY public.price_history
    ADD CONSTRAINT price_history_pkey PRIMARY KEY (id);


--
-- Name: print_jobs print_jobs_pkey; Type: CONSTRAINT; Schema: public; Owner: -
--

ALTER TABLE ONLY public.print_jobs
    ADD CONSTRAINT print_jobs_pkey PRIMARY KEY (id);


--
-- Name: print_templates print_templates_pkey; Type: CONSTRAINT; Schema: public; Owner: -
--

ALTER TABLE ONLY public.print_templates
    ADD CONSTRAINT print_templates_pkey PRIMARY KEY (id);


--
-- Name: printers printers_pkey; Type: CONSTRAINT; Schema: public; Owner: -
--

ALTER TABLE ONLY public.printers
    ADD CONSTRAINT printers_pkey PRIMARY KEY (id);


--
-- Name: product_images product_images_pkey; Type: CONSTRAINT; Schema: public; Owner: -
--

ALTER TABLE ONLY public.product_images
    ADD CONSTRAINT product_images_pkey PRIMARY KEY (id);


--
-- Name: product_modifier_categories product_modifier_categories_pkey; Type: CONSTRAINT; Schema: public; Owner: -
--

ALTER TABLE ONLY public.product_modifier_categories
    ADD CONSTRAINT product_modifier_categories_pkey PRIMARY KEY (id);


--
-- Name: promotion_analytics promotion_analytics_pkey; Type: CONSTRAINT; Schema: public; Owner: -
--

ALTER TABLE ONLY public.promotion_analytics
    ADD CONSTRAINT promotion_analytics_pkey PRIMARY KEY (id);


--
-- Name: promotion_campaigns promotion_campaigns_pkey; Type: CONSTRAINT; Schema: public; Owner: -
--

ALTER TABLE ONLY public.promotion_campaigns
    ADD CONSTRAINT promotion_campaigns_pkey PRIMARY KEY (id);


--
-- Name: promotion_codes promotion_codes_pkey; Type: CONSTRAINT; Schema: public; Owner: -
--

ALTER TABLE ONLY public.promotion_codes
    ADD CONSTRAINT promotion_codes_pkey PRIMARY KEY (id);


--
-- Name: promotion_menu_items promotion_menu_items_pkey; Type: CONSTRAINT; Schema: public; Owner: -
--

ALTER TABLE ONLY public.promotion_menu_items
    ADD CONSTRAINT promotion_menu_items_pkey PRIMARY KEY (id);


--
-- Name: promotion_modifier_markups promotion_modifier_markups_pkey; Type: CONSTRAINT; Schema: public; Owner: -
--

ALTER TABLE ONLY public.promotion_modifier_markups
    ADD CONSTRAINT promotion_modifier_markups_pkey PRIMARY KEY (id);


--
-- Name: promotion_platform_configs promotion_platform_configs_pkey; Type: CONSTRAINT; Schema: public; Owner: -
--

ALTER TABLE ONLY public.promotion_platform_configs
    ADD CONSTRAINT promotion_platform_configs_pkey PRIMARY KEY (id);


--
-- Name: promotion_products promotion_products_pkey; Type: CONSTRAINT; Schema: public; Owner: -
--

ALTER TABLE ONLY public.promotion_products
    ADD CONSTRAINT promotion_products_pkey PRIMARY KEY (id);


--
-- Name: promotion_targets promotion_targets_pkey; Type: CONSTRAINT; Schema: public; Owner: -
--

ALTER TABLE ONLY public.promotion_targets
    ADD CONSTRAINT promotion_targets_pkey PRIMARY KEY (id);


--
-- Name: promotion_templates promotion_templates_pkey; Type: CONSTRAINT; Schema: public; Owner: -
--

ALTER TABLE ONLY public.promotion_templates
    ADD CONSTRAINT promotion_templates_pkey PRIMARY KEY (id);


--
-- Name: promotion_usage promotion_usage_pkey; Type: CONSTRAINT; Schema: public; Owner: -
--

ALTER TABLE ONLY public.promotion_usage
    ADD CONSTRAINT promotion_usage_pkey PRIMARY KEY (id);


--
-- Name: promotion_variants promotion_variants_pkey; Type: CONSTRAINT; Schema: public; Owner: -
--

ALTER TABLE ONLY public.promotion_variants
    ADD CONSTRAINT promotion_variants_pkey PRIMARY KEY (id);


--
-- Name: promotions promotions_pkey; Type: CONSTRAINT; Schema: public; Owner: -
--

ALTER TABLE ONLY public.promotions
    ADD CONSTRAINT promotions_pkey PRIMARY KEY (id);


--
-- Name: provider_order_logs provider_order_logs_pkey; Type: CONSTRAINT; Schema: public; Owner: -
--

ALTER TABLE ONLY public.provider_order_logs
    ADD CONSTRAINT provider_order_logs_pkey PRIMARY KEY (id);


--
-- Name: user_activity_logs user_activity_logs_pkey; Type: CONSTRAINT; Schema: public; Owner: -
--

ALTER TABLE ONLY public.user_activity_logs
    ADD CONSTRAINT user_activity_logs_pkey PRIMARY KEY (id);


--
-- Name: user_sessions user_sessions_pkey; Type: CONSTRAINT; Schema: public; Owner: -
--

ALTER TABLE ONLY public.user_sessions
    ADD CONSTRAINT user_sessions_pkey PRIMARY KEY (id);


--
-- Name: user_sessions user_sessions_refresh_token_hash_key; Type: CONSTRAINT; Schema: public; Owner: -
--

ALTER TABLE ONLY public.user_sessions
    ADD CONSTRAINT user_sessions_refresh_token_hash_key UNIQUE (refresh_token_hash);


--
-- Name: user_sessions user_sessions_token_hash_key; Type: CONSTRAINT; Schema: public; Owner: -
--

ALTER TABLE ONLY public.user_sessions
    ADD CONSTRAINT user_sessions_token_hash_key UNIQUE (token_hash);


--
-- Name: users users_email_key; Type: CONSTRAINT; Schema: public; Owner: -
--

ALTER TABLE ONLY public.users
    ADD CONSTRAINT users_email_key UNIQUE (email);


--
-- Name: users users_pkey; Type: CONSTRAINT; Schema: public; Owner: -
--

ALTER TABLE ONLY public.users
    ADD CONSTRAINT users_pkey PRIMARY KEY (id);


--
-- Name: webhook_delivery_logs webhook_delivery_logs_pkey; Type: CONSTRAINT; Schema: public; Owner: -
--

ALTER TABLE ONLY public.webhook_delivery_logs
    ADD CONSTRAINT webhook_delivery_logs_pkey PRIMARY KEY (id);


--
-- Name: _DeliveryProviderToJordanLocation_AB_unique; Type: INDEX; Schema: public; Owner: -
--

CREATE UNIQUE INDEX "_DeliveryProviderToJordanLocation_AB_unique" ON public."_DeliveryProviderToJordanLocation" USING btree ("A", "B");


--
-- Name: _DeliveryProviderToJordanLocation_B_index; Type: INDEX; Schema: public; Owner: -
--

CREATE INDEX "_DeliveryProviderToJordanLocation_B_index" ON public."_DeliveryProviderToJordanLocation" USING btree ("B");


--
-- Name: availability_alerts_branch_id_alert_type_is_resolved_idx; Type: INDEX; Schema: public; Owner: -
--

CREATE INDEX availability_alerts_branch_id_alert_type_is_resolved_idx ON public.availability_alerts USING btree (branch_id, alert_type, is_resolved);


--
-- Name: availability_alerts_company_id_is_read_severity_created_at_idx; Type: INDEX; Schema: public; Owner: -
--

CREATE INDEX availability_alerts_company_id_is_read_severity_created_at_idx ON public.availability_alerts USING btree (company_id, is_read, severity, created_at);


--
-- Name: availability_audit_logs_batch_id_idx; Type: INDEX; Schema: public; Owner: -
--

CREATE INDEX availability_audit_logs_batch_id_idx ON public.availability_audit_logs USING btree (batch_id);


--
-- Name: availability_audit_logs_branch_availability_id_timestamp_idx; Type: INDEX; Schema: public; Owner: -
--

CREATE INDEX availability_audit_logs_branch_availability_id_timestamp_idx ON public.availability_audit_logs USING btree (branch_availability_id, "timestamp");


--
-- Name: availability_audit_logs_company_id_change_type_timestamp_idx; Type: INDEX; Schema: public; Owner: -
--

CREATE INDEX availability_audit_logs_company_id_change_type_timestamp_idx ON public.availability_audit_logs USING btree (company_id, change_type, "timestamp");


--
-- Name: availability_templates_company_id_template_type_is_active_idx; Type: INDEX; Schema: public; Owner: -
--

CREATE INDEX availability_templates_company_id_template_type_is_active_idx ON public.availability_templates USING btree (company_id, template_type, is_active);


--
-- Name: branch_availabilities_branch_id_connected_type_is_active_idx; Type: INDEX; Schema: public; Owner: -
--

CREATE INDEX branch_availabilities_branch_id_connected_type_is_active_idx ON public.branch_availabilities USING btree (branch_id, connected_type, is_active);


--
-- Name: branch_availabilities_branch_id_is_active_priority_idx; Type: INDEX; Schema: public; Owner: -
--

CREATE INDEX branch_availabilities_branch_id_is_active_priority_idx ON public.branch_availabilities USING btree (branch_id, is_active, priority);


--
-- Name: branch_availabilities_company_id_connected_type_is_in_stock_idx; Type: INDEX; Schema: public; Owner: -
--

CREATE INDEX branch_availabilities_company_id_connected_type_is_in_stock_idx ON public.branch_availabilities USING btree (company_id, connected_type, is_in_stock);


--
-- Name: branch_availabilities_connected_id_connected_type_branch_id_idx; Type: INDEX; Schema: public; Owner: -
--

CREATE INDEX branch_availabilities_connected_id_connected_type_branch_id_idx ON public.branch_availabilities USING btree (connected_id, connected_type, branch_id);


--
-- Name: branch_provider_mappings_branch_id_is_active_idx; Type: INDEX; Schema: public; Owner: -
--

CREATE INDEX branch_provider_mappings_branch_id_is_active_idx ON public.branch_provider_mappings USING btree (branch_id, is_active);


--
-- Name: branch_provider_mappings_company_provider_config_id_is_acti_idx; Type: INDEX; Schema: public; Owner: -
--

CREATE INDEX branch_provider_mappings_company_provider_config_id_is_acti_idx ON public.branch_provider_mappings USING btree (company_provider_config_id, is_active);


--
-- Name: branch_provider_mappings_provider_branch_id_idx; Type: INDEX; Schema: public; Owner: -
--

CREATE INDEX branch_provider_mappings_provider_branch_id_idx ON public.branch_provider_mappings USING btree (provider_branch_id);


--
-- Name: branches_allows_delivery_allows_online_orders_idx; Type: INDEX; Schema: public; Owner: -
--

CREATE INDEX branches_allows_delivery_allows_online_orders_idx ON public.branches USING btree (allows_delivery, allows_online_orders);


--
-- Name: branches_city_is_active_idx; Type: INDEX; Schema: public; Owner: -
--

CREATE INDEX branches_city_is_active_idx ON public.branches USING btree (city, is_active);


--
-- Name: branches_company_id_is_active_idx; Type: INDEX; Schema: public; Owner: -
--

CREATE INDEX branches_company_id_is_active_idx ON public.branches USING btree (company_id, is_active);


--
-- Name: branches_company_id_is_default_idx; Type: INDEX; Schema: public; Owner: -
--

CREATE INDEX branches_company_id_is_default_idx ON public.branches USING btree (company_id, is_default);


--
-- Name: branches_latitude_longitude_idx; Type: INDEX; Schema: public; Owner: -
--

CREATE INDEX branches_latitude_longitude_idx ON public.branches USING btree (latitude, longitude);


--
-- Name: companies_business_type_status_idx; Type: INDEX; Schema: public; Owner: -
--

CREATE INDEX companies_business_type_status_idx ON public.companies USING btree (business_type, status);


--
-- Name: companies_status_idx; Type: INDEX; Schema: public; Owner: -
--

CREATE INDEX companies_status_idx ON public.companies USING btree (status);


--
-- Name: companies_subscription_expires_at_idx; Type: INDEX; Schema: public; Owner: -
--

CREATE INDEX companies_subscription_expires_at_idx ON public.companies USING btree (subscription_expires_at);


--
-- Name: company_provider_configs_company_id_priority_idx; Type: INDEX; Schema: public; Owner: -
--

CREATE INDEX company_provider_configs_company_id_priority_idx ON public.company_provider_configs USING btree (company_id, priority);


--
-- Name: company_provider_configs_company_id_provider_type_is_active_idx; Type: INDEX; Schema: public; Owner: -
--

CREATE INDEX company_provider_configs_company_id_provider_type_is_active_idx ON public.company_provider_configs USING btree (company_id, provider_type, is_active);


--
-- Name: delivery_error_logs_company_id_created_at_idx; Type: INDEX; Schema: public; Owner: -
--

CREATE INDEX delivery_error_logs_company_id_created_at_idx ON public.delivery_error_logs USING btree (company_id, created_at);


--
-- Name: delivery_error_logs_created_at_idx; Type: INDEX; Schema: public; Owner: -
--

CREATE INDEX delivery_error_logs_created_at_idx ON public.delivery_error_logs USING btree (created_at);


--
-- Name: delivery_error_logs_provider_type_error_type_created_at_idx; Type: INDEX; Schema: public; Owner: -
--

CREATE INDEX delivery_error_logs_provider_type_error_type_created_at_idx ON public.delivery_error_logs USING btree (provider_type, error_type, created_at);


--
-- Name: delivery_provider_analytics_company_id_date_idx; Type: INDEX; Schema: public; Owner: -
--

CREATE INDEX delivery_provider_analytics_company_id_date_idx ON public.delivery_provider_analytics USING btree (company_id, date);


--
-- Name: delivery_provider_analytics_company_id_provider_type_date_key; Type: INDEX; Schema: public; Owner: -
--

CREATE UNIQUE INDEX delivery_provider_analytics_company_id_provider_type_date_key ON public.delivery_provider_analytics USING btree (company_id, provider_type, date);


--
-- Name: delivery_provider_analytics_provider_type_date_idx; Type: INDEX; Schema: public; Owner: -
--

CREATE INDEX delivery_provider_analytics_provider_type_date_idx ON public.delivery_provider_analytics USING btree (provider_type, date);


--
-- Name: delivery_provider_orders_company_id_order_status_created_at_idx; Type: INDEX; Schema: public; Owner: -
--

CREATE INDEX delivery_provider_orders_company_id_order_status_created_at_idx ON public.delivery_provider_orders USING btree (company_id, order_status, created_at);


--
-- Name: delivery_provider_orders_delivery_provider_id_provider_orde_idx; Type: INDEX; Schema: public; Owner: -
--

CREATE INDEX delivery_provider_orders_delivery_provider_id_provider_orde_idx ON public.delivery_provider_orders USING btree (delivery_provider_id, provider_order_id);


--
-- Name: delivery_provider_orders_order_number_idx; Type: INDEX; Schema: public; Owner: -
--

CREATE INDEX delivery_provider_orders_order_number_idx ON public.delivery_provider_orders USING btree (order_number);


--
-- Name: delivery_providers_company_id_is_active_idx; Type: INDEX; Schema: public; Owner: -
--

CREATE INDEX delivery_providers_company_id_is_active_idx ON public.delivery_providers USING btree (company_id, is_active);


--
-- Name: delivery_providers_is_active_priority_idx; Type: INDEX; Schema: public; Owner: -
--

CREATE INDEX delivery_providers_is_active_priority_idx ON public.delivery_providers USING btree (is_active, priority);


--
-- Name: delivery_zones_branch_id_is_active_priority_level_idx; Type: INDEX; Schema: public; Owner: -
--

CREATE INDEX delivery_zones_branch_id_is_active_priority_level_idx ON public.delivery_zones USING btree (branch_id, is_active, priority_level);


--
-- Name: global_locations_city_name_area_name_idx; Type: INDEX; Schema: public; Owner: -
--

CREATE INDEX global_locations_city_name_area_name_idx ON public.global_locations USING btree (city_name, area_name);


--
-- Name: global_locations_country_name_city_name_area_name_idx; Type: INDEX; Schema: public; Owner: -
--

CREATE INDEX global_locations_country_name_city_name_area_name_idx ON public.global_locations USING btree (country_name, city_name, area_name);


--
-- Name: global_locations_governorate_city_name_idx; Type: INDEX; Schema: public; Owner: -
--

CREATE INDEX global_locations_governorate_city_name_idx ON public.global_locations USING btree (governorate, city_name);


--
-- Name: global_locations_is_active_city_name_idx; Type: INDEX; Schema: public; Owner: -
--

CREATE INDEX global_locations_is_active_city_name_idx ON public.global_locations USING btree (is_active, city_name);


--
-- Name: global_locations_search_text_idx; Type: INDEX; Schema: public; Owner: -
--

CREATE INDEX global_locations_search_text_idx ON public.global_locations USING btree (search_text);


--
-- Name: idx_branch_provider_mappings_active; Type: INDEX; Schema: public; Owner: -
--

CREATE INDEX idx_branch_provider_mappings_active ON public.branch_provider_mappings USING btree (branch_id, is_active, priority) WHERE (deleted_at IS NULL);


--
-- Name: idx_branches_active; Type: INDEX; Schema: public; Owner: -
--

CREATE INDEX idx_branches_active ON public.branches USING btree (is_active) WHERE ((deleted_at IS NULL) AND (is_active = true));


--
-- Name: idx_branches_company_active; Type: INDEX; Schema: public; Owner: -
--

CREATE INDEX idx_branches_company_active ON public.branches USING btree (company_id, is_active) WHERE (deleted_at IS NULL);


--
-- Name: idx_branches_default; Type: INDEX; Schema: public; Owner: -
--

CREATE INDEX idx_branches_default ON public.branches USING btree (company_id) WHERE ((is_default = true) AND (deleted_at IS NULL));


--
-- Name: idx_company_provider_configs_active; Type: INDEX; Schema: public; Owner: -
--

CREATE INDEX idx_company_provider_configs_active ON public.company_provider_configs USING btree (company_id, is_active, priority) WHERE (deleted_at IS NULL);


--
-- Name: idx_company_provider_configs_provider_type; Type: INDEX; Schema: public; Owner: -
--

CREATE INDEX idx_company_provider_configs_provider_type ON public.company_provider_configs USING btree (provider_type, is_active) WHERE (deleted_at IS NULL);


--
-- Name: idx_delivery_error_logs_company; Type: INDEX; Schema: public; Owner: -
--

CREATE INDEX idx_delivery_error_logs_company ON public.delivery_error_logs USING btree (company_id, created_at);


--
-- Name: idx_delivery_error_logs_provider; Type: INDEX; Schema: public; Owner: -
--

CREATE INDEX idx_delivery_error_logs_provider ON public.delivery_error_logs USING btree (provider_type, error_type, created_at);


--
-- Name: idx_delivery_error_logs_unresolved; Type: INDEX; Schema: public; Owner: -
--

CREATE INDEX idx_delivery_error_logs_unresolved ON public.delivery_error_logs USING btree (created_at) WHERE (resolved_at IS NULL);


--
-- Name: idx_delivery_provider_analytics_company; Type: INDEX; Schema: public; Owner: -
--

CREATE INDEX idx_delivery_provider_analytics_company ON public.delivery_provider_analytics USING btree (company_id, date);


--
-- Name: idx_delivery_provider_analytics_provider; Type: INDEX; Schema: public; Owner: -
--

CREATE INDEX idx_delivery_provider_analytics_provider ON public.delivery_provider_analytics USING btree (provider_type, date);


--
-- Name: idx_delivery_provider_orders_status; Type: INDEX; Schema: public; Owner: -
--

CREATE INDEX idx_delivery_provider_orders_status ON public.delivery_provider_orders USING btree (company_id, order_status, created_at);


--
-- Name: idx_licenses_days_remaining; Type: INDEX; Schema: public; Owner: -
--

CREATE INDEX idx_licenses_days_remaining ON public.licenses USING btree (days_remaining) WHERE (status = 'active'::public.license_status);


--
-- Name: idx_licenses_expires_at; Type: INDEX; Schema: public; Owner: -
--

CREATE INDEX idx_licenses_expires_at ON public.licenses USING btree (expires_at) WHERE (status = 'active'::public.license_status);


--
-- Name: idx_licenses_expiry_active; Type: INDEX; Schema: public; Owner: -
--

CREATE INDEX idx_licenses_expiry_active ON public.licenses USING btree (expires_at) WHERE (status = 'active'::public.license_status);


--
-- Name: idx_menu_categories_company_active; Type: INDEX; Schema: public; Owner: -
--

CREATE INDEX idx_menu_categories_company_active ON public.menu_categories USING btree (company_id, is_active) WHERE (deleted_at IS NULL);


--
-- Name: idx_menu_products_company_category_status; Type: INDEX; Schema: public; Owner: -
--

CREATE INDEX idx_menu_products_company_category_status ON public.menu_products USING btree (company_id, category_id, status) WHERE (deleted_at IS NULL);


--
-- Name: idx_menu_products_deleted_at; Type: INDEX; Schema: public; Owner: -
--

CREATE INDEX idx_menu_products_deleted_at ON public.menu_products USING btree (deleted_at) WHERE (deleted_at IS NOT NULL);


--
-- Name: idx_menu_products_slug; Type: INDEX; Schema: public; Owner: -
--

CREATE INDEX idx_menu_products_slug ON public.menu_products USING btree (slug) WHERE (deleted_at IS NULL);


--
-- Name: idx_menu_products_status_priority; Type: INDEX; Schema: public; Owner: -
--

CREATE INDEX idx_menu_products_status_priority ON public.menu_products USING btree (status, priority DESC) WHERE (deleted_at IS NULL);


--
-- Name: idx_order_items_order_id; Type: INDEX; Schema: public; Owner: -
--

CREATE INDEX idx_order_items_order_id ON public.order_items USING btree (order_id);


--
-- Name: idx_sessions_token; Type: INDEX; Schema: public; Owner: -
--

CREATE INDEX idx_sessions_token ON public.user_sessions USING btree (token_hash) WHERE (is_active = true);


--
-- Name: idx_user_sessions_user_active; Type: INDEX; Schema: public; Owner: -
--

CREATE INDEX idx_user_sessions_user_active ON public.user_sessions USING btree (user_id, is_active) WHERE (is_active = true);


--
-- Name: idx_users_branch_role; Type: INDEX; Schema: public; Owner: -
--

CREATE INDEX idx_users_branch_role ON public.users USING btree (branch_id, role) WHERE ((deleted_at IS NULL) AND (branch_id IS NOT NULL));


--
-- Name: idx_users_company_role_status; Type: INDEX; Schema: public; Owner: -
--

CREATE INDEX idx_users_company_role_status ON public.users USING btree (company_id, role, status) WHERE (deleted_at IS NULL);


--
-- Name: idx_users_company_status; Type: INDEX; Schema: public; Owner: -
--

CREATE INDEX idx_users_company_status ON public.users USING btree (company_id, status) WHERE (deleted_at IS NULL);


--
-- Name: idx_users_last_login; Type: INDEX; Schema: public; Owner: -
--

CREATE INDEX idx_users_last_login ON public.users USING btree (last_login_at DESC) WHERE (last_login_at IS NOT NULL);


--
-- Name: idx_users_role; Type: INDEX; Schema: public; Owner: -
--

CREATE INDEX idx_users_role ON public.users USING btree (role) WHERE (deleted_at IS NULL);


--
-- Name: idx_webhook_delivery_logs_company; Type: INDEX; Schema: public; Owner: -
--

CREATE INDEX idx_webhook_delivery_logs_company ON public.webhook_delivery_logs USING btree (company_id, created_at);


--
-- Name: idx_webhook_delivery_logs_provider; Type: INDEX; Schema: public; Owner: -
--

CREATE INDEX idx_webhook_delivery_logs_provider ON public.webhook_delivery_logs USING btree (provider_type, webhook_type, created_at);


--
-- Name: idx_webhook_delivery_logs_status; Type: INDEX; Schema: public; Owner: -
--

CREATE INDEX idx_webhook_delivery_logs_status ON public.webhook_delivery_logs USING btree (status, created_at);


--
-- Name: jordan_locations_area_name_en_area_name_ar_idx; Type: INDEX; Schema: public; Owner: -
--

CREATE INDEX jordan_locations_area_name_en_area_name_ar_idx ON public.jordan_locations USING btree (area_name_en, area_name_ar);


--
-- Name: jordan_locations_governorate_city_idx; Type: INDEX; Schema: public; Owner: -
--

CREATE INDEX jordan_locations_governorate_city_idx ON public.jordan_locations USING btree (governorate, city);


--
-- Name: license_invoices_invoice_number_key; Type: INDEX; Schema: public; Owner: -
--

CREATE UNIQUE INDEX license_invoices_invoice_number_key ON public.license_invoices USING btree (invoice_number);


--
-- Name: licenses_company_id_status_idx; Type: INDEX; Schema: public; Owner: -
--

CREATE INDEX licenses_company_id_status_idx ON public.licenses USING btree (company_id, status);


--
-- Name: licenses_days_remaining_idx; Type: INDEX; Schema: public; Owner: -
--

CREATE INDEX licenses_days_remaining_idx ON public.licenses USING btree (days_remaining);


--
-- Name: licenses_expires_at_idx; Type: INDEX; Schema: public; Owner: -
--

CREATE INDEX licenses_expires_at_idx ON public.licenses USING btree (expires_at);


--
-- Name: licenses_status_expires_at_idx; Type: INDEX; Schema: public; Owner: -
--

CREATE INDEX licenses_status_expires_at_idx ON public.licenses USING btree (status, expires_at);


--
-- Name: menu_categories_company_id_is_active_display_number_idx; Type: INDEX; Schema: public; Owner: -
--

CREATE INDEX menu_categories_company_id_is_active_display_number_idx ON public.menu_categories USING btree (company_id, is_active, display_number);


--
-- Name: menu_products_company_id_category_id_priority_idx; Type: INDEX; Schema: public; Owner: -
--

CREATE INDEX menu_products_company_id_category_id_priority_idx ON public.menu_products USING btree (company_id, category_id, priority);


--
-- Name: menu_products_company_id_created_at_idx; Type: INDEX; Schema: public; Owner: -
--

CREATE INDEX menu_products_company_id_created_at_idx ON public.menu_products USING btree (company_id, created_at);


--
-- Name: menu_products_company_id_status_idx; Type: INDEX; Schema: public; Owner: -
--

CREATE INDEX menu_products_company_id_status_idx ON public.menu_products USING btree (company_id, status);


--
-- Name: order_items_order_id_idx; Type: INDEX; Schema: public; Owner: -
--

CREATE INDEX order_items_order_id_idx ON public.order_items USING btree (order_id);


--
-- Name: order_items_product_id_idx; Type: INDEX; Schema: public; Owner: -
--

CREATE INDEX order_items_product_id_idx ON public.order_items USING btree (product_id);


--
-- Name: orders_branch_id_status_created_at_idx; Type: INDEX; Schema: public; Owner: -
--

CREATE INDEX orders_branch_id_status_created_at_idx ON public.orders USING btree (branch_id, status, created_at);


--
-- Name: orders_customer_phone_idx; Type: INDEX; Schema: public; Owner: -
--

CREATE INDEX orders_customer_phone_idx ON public.orders USING btree (customer_phone);


--
-- Name: orders_delivery_provider_id_status_idx; Type: INDEX; Schema: public; Owner: -
--

CREATE INDEX orders_delivery_provider_id_status_idx ON public.orders USING btree (delivery_provider_id, status);


--
-- Name: orders_estimated_delivery_time_idx; Type: INDEX; Schema: public; Owner: -
--

CREATE INDEX orders_estimated_delivery_time_idx ON public.orders USING btree (estimated_delivery_time);


--
-- Name: orders_order_number_idx; Type: INDEX; Schema: public; Owner: -
--

CREATE INDEX orders_order_number_idx ON public.orders USING btree (order_number);


--
-- Name: orders_order_number_key; Type: INDEX; Schema: public; Owner: -
--

CREATE UNIQUE INDEX orders_order_number_key ON public.orders USING btree (order_number);


--
-- Name: orders_order_type_status_created_at_idx; Type: INDEX; Schema: public; Owner: -
--

CREATE INDEX orders_order_type_status_created_at_idx ON public.orders USING btree (order_type, status, created_at);


--
-- Name: orders_payment_status_status_idx; Type: INDEX; Schema: public; Owner: -
--

CREATE INDEX orders_payment_status_status_idx ON public.orders USING btree (payment_status, status);


--
-- Name: print_jobs_company_id_status_created_at_idx; Type: INDEX; Schema: public; Owner: -
--

CREATE INDEX print_jobs_company_id_status_created_at_idx ON public.print_jobs USING btree (company_id, status, created_at);


--
-- Name: print_jobs_printer_id_status_created_at_idx; Type: INDEX; Schema: public; Owner: -
--

CREATE INDEX print_jobs_printer_id_status_created_at_idx ON public.print_jobs USING btree (printer_id, status, created_at);


--
-- Name: print_jobs_priority_created_at_idx; Type: INDEX; Schema: public; Owner: -
--

CREATE INDEX print_jobs_priority_created_at_idx ON public.print_jobs USING btree (priority, created_at);


--
-- Name: print_templates_company_id_type_idx; Type: INDEX; Schema: public; Owner: -
--

CREATE INDEX print_templates_company_id_type_idx ON public.print_templates USING btree (company_id, type);


--
-- Name: printers_branch_id_assignedTo_idx; Type: INDEX; Schema: public; Owner: -
--

CREATE INDEX "printers_branch_id_assignedTo_idx" ON public.printers USING btree (branch_id, "assignedTo");


--
-- Name: printers_company_id_status_idx; Type: INDEX; Schema: public; Owner: -
--

CREATE INDEX printers_company_id_status_idx ON public.printers USING btree (company_id, status);


--
-- Name: product_images_created_at_idx; Type: INDEX; Schema: public; Owner: -
--

CREATE INDEX product_images_created_at_idx ON public.product_images USING btree (created_at);


--
-- Name: product_images_product_id_idx; Type: INDEX; Schema: public; Owner: -
--

CREATE INDEX product_images_product_id_idx ON public.product_images USING btree (product_id);


--
-- Name: promotion_analytics_campaign_id_date_platform_key; Type: INDEX; Schema: public; Owner: -
--

CREATE UNIQUE INDEX promotion_analytics_campaign_id_date_platform_key ON public.promotion_analytics USING btree (campaign_id, date, platform);


--
-- Name: promotion_campaigns_slug_key; Type: INDEX; Schema: public; Owner: -
--

CREATE UNIQUE INDEX promotion_campaigns_slug_key ON public.promotion_campaigns USING btree (slug);


--
-- Name: promotion_codes_campaign_id_code_key; Type: INDEX; Schema: public; Owner: -
--

CREATE UNIQUE INDEX promotion_codes_campaign_id_code_key ON public.promotion_codes USING btree (campaign_id, code);


--
-- Name: promotion_menu_items_campaign_id_menu_item_id_key; Type: INDEX; Schema: public; Owner: -
--

CREATE UNIQUE INDEX promotion_menu_items_campaign_id_menu_item_id_key ON public.promotion_menu_items USING btree (campaign_id, menu_item_id);


--
-- Name: promotion_menu_items_campaign_id_platforms_idx; Type: INDEX; Schema: public; Owner: -
--

CREATE INDEX promotion_menu_items_campaign_id_platforms_idx ON public.promotion_menu_items USING btree (campaign_id, platforms);


--
-- Name: promotion_menu_items_menu_item_id_is_active_idx; Type: INDEX; Schema: public; Owner: -
--

CREATE INDEX promotion_menu_items_menu_item_id_is_active_idx ON public.promotion_menu_items USING btree (menu_item_id, is_active);


--
-- Name: promotion_platform_configs_campaign_id_platform_key; Type: INDEX; Schema: public; Owner: -
--

CREATE UNIQUE INDEX promotion_platform_configs_campaign_id_platform_key ON public.promotion_platform_configs USING btree (campaign_id, platform);


--
-- Name: provider_order_logs_company_provider_config_id_created_at_idx; Type: INDEX; Schema: public; Owner: -
--

CREATE INDEX provider_order_logs_company_provider_config_id_created_at_idx ON public.provider_order_logs USING btree (company_provider_config_id, created_at);


--
-- Name: provider_order_logs_order_id_idx; Type: INDEX; Schema: public; Owner: -
--

CREATE INDEX provider_order_logs_order_id_idx ON public.provider_order_logs USING btree (order_id);


--
-- Name: provider_order_logs_order_status_idx; Type: INDEX; Schema: public; Owner: -
--

CREATE INDEX provider_order_logs_order_status_idx ON public.provider_order_logs USING btree (order_status);


--
-- Name: provider_order_logs_provider_order_id_idx; Type: INDEX; Schema: public; Owner: -
--

CREATE INDEX provider_order_logs_provider_order_id_idx ON public.provider_order_logs USING btree (provider_order_id);


--
-- Name: user_activity_logs_action_timestamp_idx; Type: INDEX; Schema: public; Owner: -
--

CREATE INDEX user_activity_logs_action_timestamp_idx ON public.user_activity_logs USING btree (action, "timestamp");


--
-- Name: user_activity_logs_resource_type_resource_id_idx; Type: INDEX; Schema: public; Owner: -
--

CREATE INDEX user_activity_logs_resource_type_resource_id_idx ON public.user_activity_logs USING btree (resource_type, resource_id);


--
-- Name: user_activity_logs_success_timestamp_idx; Type: INDEX; Schema: public; Owner: -
--

CREATE INDEX user_activity_logs_success_timestamp_idx ON public.user_activity_logs USING btree (success, "timestamp");


--
-- Name: user_activity_logs_timestamp_idx; Type: INDEX; Schema: public; Owner: -
--

CREATE INDEX user_activity_logs_timestamp_idx ON public.user_activity_logs USING btree ("timestamp");


--
-- Name: user_activity_logs_user_id_timestamp_idx; Type: INDEX; Schema: public; Owner: -
--

CREATE INDEX user_activity_logs_user_id_timestamp_idx ON public.user_activity_logs USING btree (user_id, "timestamp");


--
-- Name: user_sessions_expires_at_is_active_idx; Type: INDEX; Schema: public; Owner: -
--

CREATE INDEX user_sessions_expires_at_is_active_idx ON public.user_sessions USING btree (expires_at, is_active);


--
-- Name: user_sessions_ip_address_user_agent_idx; Type: INDEX; Schema: public; Owner: -
--

CREATE INDEX user_sessions_ip_address_user_agent_idx ON public.user_sessions USING btree (ip_address, user_agent);


--
-- Name: user_sessions_last_used_at_idx; Type: INDEX; Schema: public; Owner: -
--

CREATE INDEX user_sessions_last_used_at_idx ON public.user_sessions USING btree (last_used_at);


--
-- Name: user_sessions_refresh_expires_at_idx; Type: INDEX; Schema: public; Owner: -
--

CREATE INDEX user_sessions_refresh_expires_at_idx ON public.user_sessions USING btree (refresh_expires_at);


--
-- Name: user_sessions_user_id_is_active_idx; Type: INDEX; Schema: public; Owner: -
--

CREATE INDEX user_sessions_user_id_is_active_idx ON public.user_sessions USING btree (user_id, is_active);


--
-- Name: users_branch_id_idx; Type: INDEX; Schema: public; Owner: -
--

CREATE INDEX users_branch_id_idx ON public.users USING btree (branch_id);


--
-- Name: users_company_id_role_idx; Type: INDEX; Schema: public; Owner: -
--

CREATE INDEX users_company_id_role_idx ON public.users USING btree (company_id, role);


--
-- Name: users_company_id_status_idx; Type: INDEX; Schema: public; Owner: -
--

CREATE INDEX users_company_id_status_idx ON public.users USING btree (company_id, status);


--
-- Name: users_failed_login_attempts_locked_until_idx; Type: INDEX; Schema: public; Owner: -
--

CREATE INDEX users_failed_login_attempts_locked_until_idx ON public.users USING btree (failed_login_attempts, locked_until);


--
-- Name: users_status_last_login_at_idx; Type: INDEX; Schema: public; Owner: -
--

CREATE INDEX users_status_last_login_at_idx ON public.users USING btree (status, last_login_at);


--
-- Name: users_username_key; Type: INDEX; Schema: public; Owner: -
--

CREATE UNIQUE INDEX users_username_key ON public.users USING btree (username);


--
-- Name: webhook_delivery_logs_company_id_created_at_idx; Type: INDEX; Schema: public; Owner: -
--

CREATE INDEX webhook_delivery_logs_company_id_created_at_idx ON public.webhook_delivery_logs USING btree (company_id, created_at);


--
-- Name: webhook_delivery_logs_provider_type_webhook_type_created_at_idx; Type: INDEX; Schema: public; Owner: -
--

CREATE INDEX webhook_delivery_logs_provider_type_webhook_type_created_at_idx ON public.webhook_delivery_logs USING btree (provider_type, webhook_type, created_at);


--
-- Name: webhook_delivery_logs_status_created_at_idx; Type: INDEX; Schema: public; Owner: -
--

CREATE INDEX webhook_delivery_logs_status_created_at_idx ON public.webhook_delivery_logs USING btree (status, created_at);


--
-- Name: licenses license_audit_trigger; Type: TRIGGER; Schema: public; Owner: -
--

CREATE TRIGGER license_audit_trigger AFTER INSERT OR UPDATE ON public.licenses FOR EACH ROW EXECUTE FUNCTION public.trigger_license_audit_log();


--
-- Name: delivery_error_logs update_delivery_error_logs_updated_at; Type: TRIGGER; Schema: public; Owner: -
--

CREATE TRIGGER update_delivery_error_logs_updated_at BEFORE UPDATE ON public.delivery_error_logs FOR EACH ROW EXECUTE FUNCTION public.update_updated_at_column();


--
-- Name: delivery_provider_analytics update_delivery_provider_analytics_updated_at; Type: TRIGGER; Schema: public; Owner: -
--

CREATE TRIGGER update_delivery_provider_analytics_updated_at BEFORE UPDATE ON public.delivery_provider_analytics FOR EACH ROW EXECUTE FUNCTION public.update_updated_at_column();


--
-- Name: webhook_delivery_logs update_webhook_delivery_logs_updated_at; Type: TRIGGER; Schema: public; Owner: -
--

CREATE TRIGGER update_webhook_delivery_logs_updated_at BEFORE UPDATE ON public.webhook_delivery_logs FOR EACH ROW EXECUTE FUNCTION public.update_updated_at_column();


--
-- Name: _DeliveryProviderToJordanLocation _DeliveryProviderToJordanLocation_A_fkey; Type: FK CONSTRAINT; Schema: public; Owner: -
--

ALTER TABLE ONLY public."_DeliveryProviderToJordanLocation"
    ADD CONSTRAINT "_DeliveryProviderToJordanLocation_A_fkey" FOREIGN KEY ("A") REFERENCES public.delivery_providers(id) ON UPDATE CASCADE ON DELETE CASCADE;


--
-- Name: _DeliveryProviderToJordanLocation _DeliveryProviderToJordanLocation_B_fkey; Type: FK CONSTRAINT; Schema: public; Owner: -
--

ALTER TABLE ONLY public."_DeliveryProviderToJordanLocation"
    ADD CONSTRAINT "_DeliveryProviderToJordanLocation_B_fkey" FOREIGN KEY ("B") REFERENCES public.jordan_locations(id) ON UPDATE CASCADE ON DELETE CASCADE;


--
-- Name: availability_alerts availability_alerts_branch_id_fkey; Type: FK CONSTRAINT; Schema: public; Owner: -
--

ALTER TABLE ONLY public.availability_alerts
    ADD CONSTRAINT availability_alerts_branch_id_fkey FOREIGN KEY (branch_id) REFERENCES public.branches(id) ON UPDATE CASCADE ON DELETE SET NULL;


--
-- Name: availability_alerts availability_alerts_company_id_fkey; Type: FK CONSTRAINT; Schema: public; Owner: -
--

ALTER TABLE ONLY public.availability_alerts
    ADD CONSTRAINT availability_alerts_company_id_fkey FOREIGN KEY (company_id) REFERENCES public.companies(id) ON UPDATE CASCADE ON DELETE CASCADE;


--
-- Name: availability_audit_logs availability_audit_logs_branch_availability_id_fkey; Type: FK CONSTRAINT; Schema: public; Owner: -
--

ALTER TABLE ONLY public.availability_audit_logs
    ADD CONSTRAINT availability_audit_logs_branch_availability_id_fkey FOREIGN KEY (branch_availability_id) REFERENCES public.branch_availabilities(id) ON UPDATE CASCADE ON DELETE CASCADE;


--
-- Name: availability_audit_logs availability_audit_logs_company_id_fkey; Type: FK CONSTRAINT; Schema: public; Owner: -
--

ALTER TABLE ONLY public.availability_audit_logs
    ADD CONSTRAINT availability_audit_logs_company_id_fkey FOREIGN KEY (company_id) REFERENCES public.companies(id) ON UPDATE CASCADE ON DELETE CASCADE;


--
-- Name: availability_templates availability_templates_company_id_fkey; Type: FK CONSTRAINT; Schema: public; Owner: -
--

ALTER TABLE ONLY public.availability_templates
    ADD CONSTRAINT availability_templates_company_id_fkey FOREIGN KEY (company_id) REFERENCES public.companies(id) ON UPDATE CASCADE ON DELETE CASCADE;


--
-- Name: branch_availabilities branch_availabilities_branch_id_fkey; Type: FK CONSTRAINT; Schema: public; Owner: -
--

ALTER TABLE ONLY public.branch_availabilities
    ADD CONSTRAINT branch_availabilities_branch_id_fkey FOREIGN KEY (branch_id) REFERENCES public.branches(id) ON UPDATE CASCADE ON DELETE CASCADE;


--
-- Name: branch_availabilities branch_availabilities_company_id_fkey; Type: FK CONSTRAINT; Schema: public; Owner: -
--

ALTER TABLE ONLY public.branch_availabilities
    ADD CONSTRAINT branch_availabilities_company_id_fkey FOREIGN KEY (company_id) REFERENCES public.companies(id) ON UPDATE CASCADE ON DELETE CASCADE;


--
-- Name: branch_provider_mappings branch_provider_mappings_branch_id_fkey; Type: FK CONSTRAINT; Schema: public; Owner: -
--

ALTER TABLE ONLY public.branch_provider_mappings
    ADD CONSTRAINT branch_provider_mappings_branch_id_fkey FOREIGN KEY (branch_id) REFERENCES public.branches(id) ON UPDATE CASCADE ON DELETE CASCADE;


--
-- Name: branch_provider_mappings branch_provider_mappings_company_provider_config_id_fkey; Type: FK CONSTRAINT; Schema: public; Owner: -
--

ALTER TABLE ONLY public.branch_provider_mappings
    ADD CONSTRAINT branch_provider_mappings_company_provider_config_id_fkey FOREIGN KEY (company_provider_config_id) REFERENCES public.company_provider_configs(id) ON UPDATE CASCADE ON DELETE CASCADE;


--
-- Name: branches branches_company_id_fkey; Type: FK CONSTRAINT; Schema: public; Owner: -
--

ALTER TABLE ONLY public.branches
    ADD CONSTRAINT branches_company_id_fkey FOREIGN KEY (company_id) REFERENCES public.companies(id) ON UPDATE CASCADE ON DELETE CASCADE;


--
-- Name: company_provider_configs company_provider_configs_company_id_fkey; Type: FK CONSTRAINT; Schema: public; Owner: -
--

ALTER TABLE ONLY public.company_provider_configs
    ADD CONSTRAINT company_provider_configs_company_id_fkey FOREIGN KEY (company_id) REFERENCES public.companies(id) ON UPDATE CASCADE ON DELETE CASCADE;


--
-- Name: delivery_error_logs delivery_error_logs_company_id_fkey; Type: FK CONSTRAINT; Schema: public; Owner: -
--

ALTER TABLE ONLY public.delivery_error_logs
    ADD CONSTRAINT delivery_error_logs_company_id_fkey FOREIGN KEY (company_id) REFERENCES public.companies(id) ON UPDATE CASCADE ON DELETE CASCADE;


--
-- Name: delivery_provider_analytics delivery_provider_analytics_company_id_fkey; Type: FK CONSTRAINT; Schema: public; Owner: -
--

ALTER TABLE ONLY public.delivery_provider_analytics
    ADD CONSTRAINT delivery_provider_analytics_company_id_fkey FOREIGN KEY (company_id) REFERENCES public.companies(id) ON UPDATE CASCADE ON DELETE CASCADE;


--
-- Name: delivery_provider_orders delivery_provider_orders_branch_id_fkey; Type: FK CONSTRAINT; Schema: public; Owner: -
--

ALTER TABLE ONLY public.delivery_provider_orders
    ADD CONSTRAINT delivery_provider_orders_branch_id_fkey FOREIGN KEY (branch_id) REFERENCES public.branches(id) ON UPDATE CASCADE ON DELETE RESTRICT;


--
-- Name: delivery_provider_orders delivery_provider_orders_company_id_fkey; Type: FK CONSTRAINT; Schema: public; Owner: -
--

ALTER TABLE ONLY public.delivery_provider_orders
    ADD CONSTRAINT delivery_provider_orders_company_id_fkey FOREIGN KEY (company_id) REFERENCES public.companies(id) ON UPDATE CASCADE ON DELETE RESTRICT;


--
-- Name: delivery_provider_orders delivery_provider_orders_delivery_provider_id_fkey; Type: FK CONSTRAINT; Schema: public; Owner: -
--

ALTER TABLE ONLY public.delivery_provider_orders
    ADD CONSTRAINT delivery_provider_orders_delivery_provider_id_fkey FOREIGN KEY (delivery_provider_id) REFERENCES public.delivery_providers(id) ON UPDATE CASCADE ON DELETE RESTRICT;


--
-- Name: delivery_providers delivery_providers_company_id_fkey; Type: FK CONSTRAINT; Schema: public; Owner: -
--

ALTER TABLE ONLY public.delivery_providers
    ADD CONSTRAINT delivery_providers_company_id_fkey FOREIGN KEY (company_id) REFERENCES public.companies(id) ON UPDATE CASCADE ON DELETE SET NULL;


--
-- Name: delivery_zones delivery_zones_branch_id_fkey; Type: FK CONSTRAINT; Schema: public; Owner: -
--

ALTER TABLE ONLY public.delivery_zones
    ADD CONSTRAINT delivery_zones_branch_id_fkey FOREIGN KEY (branch_id) REFERENCES public.branches(id) ON UPDATE CASCADE ON DELETE CASCADE;


--
-- Name: delivery_zones delivery_zones_global_location_id_fkey; Type: FK CONSTRAINT; Schema: public; Owner: -
--

ALTER TABLE ONLY public.delivery_zones
    ADD CONSTRAINT delivery_zones_global_location_id_fkey FOREIGN KEY (global_location_id) REFERENCES public.global_locations(id) ON UPDATE CASCADE ON DELETE SET NULL;


--
-- Name: licenses licenses_company_id_fkey; Type: FK CONSTRAINT; Schema: public; Owner: -
--

ALTER TABLE ONLY public.licenses
    ADD CONSTRAINT licenses_company_id_fkey FOREIGN KEY (company_id) REFERENCES public.companies(id) ON UPDATE CASCADE ON DELETE CASCADE;


--
-- Name: menu_categories menu_categories_company_id_fkey; Type: FK CONSTRAINT; Schema: public; Owner: -
--

ALTER TABLE ONLY public.menu_categories
    ADD CONSTRAINT menu_categories_company_id_fkey FOREIGN KEY (company_id) REFERENCES public.companies(id) ON UPDATE CASCADE ON DELETE CASCADE;


--
-- Name: menu_products menu_products_category_id_fkey; Type: FK CONSTRAINT; Schema: public; Owner: -
--

ALTER TABLE ONLY public.menu_products
    ADD CONSTRAINT menu_products_category_id_fkey FOREIGN KEY (category_id) REFERENCES public.menu_categories(id) ON UPDATE CASCADE ON DELETE SET NULL;


--
-- Name: menu_products menu_products_company_id_fkey; Type: FK CONSTRAINT; Schema: public; Owner: -
--

ALTER TABLE ONLY public.menu_products
    ADD CONSTRAINT menu_products_company_id_fkey FOREIGN KEY (company_id) REFERENCES public.companies(id) ON UPDATE CASCADE ON DELETE CASCADE;


--
-- Name: modifier_categories modifier_categories_company_id_fkey; Type: FK CONSTRAINT; Schema: public; Owner: -
--

ALTER TABLE ONLY public.modifier_categories
    ADD CONSTRAINT modifier_categories_company_id_fkey FOREIGN KEY (company_id) REFERENCES public.companies(id) ON UPDATE CASCADE ON DELETE CASCADE;


--
-- Name: modifiers modifiers_company_id_fkey; Type: FK CONSTRAINT; Schema: public; Owner: -
--

ALTER TABLE ONLY public.modifiers
    ADD CONSTRAINT modifiers_company_id_fkey FOREIGN KEY (company_id) REFERENCES public.companies(id) ON UPDATE CASCADE ON DELETE CASCADE;


--
-- Name: modifiers modifiers_modifier_category_id_fkey; Type: FK CONSTRAINT; Schema: public; Owner: -
--

ALTER TABLE ONLY public.modifiers
    ADD CONSTRAINT modifiers_modifier_category_id_fkey FOREIGN KEY (modifier_category_id) REFERENCES public.modifier_categories(id) ON UPDATE CASCADE ON DELETE CASCADE;


--
-- Name: order_items order_items_order_id_fkey; Type: FK CONSTRAINT; Schema: public; Owner: -
--

ALTER TABLE ONLY public.order_items
    ADD CONSTRAINT order_items_order_id_fkey FOREIGN KEY (order_id) REFERENCES public.orders(id) ON UPDATE CASCADE ON DELETE CASCADE;


--
-- Name: order_items order_items_product_id_fkey; Type: FK CONSTRAINT; Schema: public; Owner: -
--

ALTER TABLE ONLY public.order_items
    ADD CONSTRAINT order_items_product_id_fkey FOREIGN KEY (product_id) REFERENCES public.menu_products(id) ON UPDATE CASCADE ON DELETE RESTRICT;


--
-- Name: orders orders_branch_id_fkey; Type: FK CONSTRAINT; Schema: public; Owner: -
--

ALTER TABLE ONLY public.orders
    ADD CONSTRAINT orders_branch_id_fkey FOREIGN KEY (branch_id) REFERENCES public.branches(id) ON UPDATE CASCADE ON DELETE RESTRICT;


--
-- Name: orders orders_delivery_provider_id_fkey; Type: FK CONSTRAINT; Schema: public; Owner: -
--

ALTER TABLE ONLY public.orders
    ADD CONSTRAINT orders_delivery_provider_id_fkey FOREIGN KEY (delivery_provider_id) REFERENCES public.delivery_providers(id) ON UPDATE CASCADE ON DELETE SET NULL;


--
-- Name: orders orders_delivery_zone_id_fkey; Type: FK CONSTRAINT; Schema: public; Owner: -
--

ALTER TABLE ONLY public.orders
    ADD CONSTRAINT orders_delivery_zone_id_fkey FOREIGN KEY (delivery_zone_id) REFERENCES public.delivery_zones(id) ON UPDATE CASCADE ON DELETE SET NULL;


--
-- Name: price_history price_history_promotion_id_fkey; Type: FK CONSTRAINT; Schema: public; Owner: -
--

ALTER TABLE ONLY public.price_history
    ADD CONSTRAINT price_history_promotion_id_fkey FOREIGN KEY (promotion_id) REFERENCES public.promotions(id) ON UPDATE CASCADE ON DELETE SET NULL;


--
-- Name: print_jobs print_jobs_branch_id_fkey; Type: FK CONSTRAINT; Schema: public; Owner: -
--

ALTER TABLE ONLY public.print_jobs
    ADD CONSTRAINT print_jobs_branch_id_fkey FOREIGN KEY (branch_id) REFERENCES public.branches(id) ON UPDATE CASCADE ON DELETE SET NULL;


--
-- Name: print_jobs print_jobs_company_id_fkey; Type: FK CONSTRAINT; Schema: public; Owner: -
--

ALTER TABLE ONLY public.print_jobs
    ADD CONSTRAINT print_jobs_company_id_fkey FOREIGN KEY (company_id) REFERENCES public.companies(id) ON UPDATE CASCADE ON DELETE CASCADE;


--
-- Name: print_jobs print_jobs_printer_id_fkey; Type: FK CONSTRAINT; Schema: public; Owner: -
--

ALTER TABLE ONLY public.print_jobs
    ADD CONSTRAINT print_jobs_printer_id_fkey FOREIGN KEY (printer_id) REFERENCES public.printers(id) ON UPDATE CASCADE ON DELETE CASCADE;


--
-- Name: print_jobs print_jobs_user_id_fkey; Type: FK CONSTRAINT; Schema: public; Owner: -
--

ALTER TABLE ONLY public.print_jobs
    ADD CONSTRAINT print_jobs_user_id_fkey FOREIGN KEY (user_id) REFERENCES public.users(id) ON UPDATE CASCADE ON DELETE SET NULL;


--
-- Name: print_templates print_templates_company_id_fkey; Type: FK CONSTRAINT; Schema: public; Owner: -
--

ALTER TABLE ONLY public.print_templates
    ADD CONSTRAINT print_templates_company_id_fkey FOREIGN KEY (company_id) REFERENCES public.companies(id) ON UPDATE CASCADE ON DELETE CASCADE;


--
-- Name: printers printers_branch_id_fkey; Type: FK CONSTRAINT; Schema: public; Owner: -
--

ALTER TABLE ONLY public.printers
    ADD CONSTRAINT printers_branch_id_fkey FOREIGN KEY (branch_id) REFERENCES public.branches(id) ON UPDATE CASCADE ON DELETE SET NULL;


--
-- Name: printers printers_company_id_fkey; Type: FK CONSTRAINT; Schema: public; Owner: -
--

ALTER TABLE ONLY public.printers
    ADD CONSTRAINT printers_company_id_fkey FOREIGN KEY (company_id) REFERENCES public.companies(id) ON UPDATE CASCADE ON DELETE CASCADE;


--
-- Name: product_images product_images_product_id_fkey; Type: FK CONSTRAINT; Schema: public; Owner: -
--

ALTER TABLE ONLY public.product_images
    ADD CONSTRAINT product_images_product_id_fkey FOREIGN KEY (product_id) REFERENCES public.menu_products(id) ON UPDATE CASCADE ON DELETE CASCADE;


--
-- Name: product_modifier_categories product_modifier_categories_modifier_category_id_fkey; Type: FK CONSTRAINT; Schema: public; Owner: -
--

ALTER TABLE ONLY public.product_modifier_categories
    ADD CONSTRAINT product_modifier_categories_modifier_category_id_fkey FOREIGN KEY (modifier_category_id) REFERENCES public.modifier_categories(id) ON UPDATE CASCADE ON DELETE CASCADE;


--
-- Name: product_modifier_categories product_modifier_categories_product_id_fkey; Type: FK CONSTRAINT; Schema: public; Owner: -
--

ALTER TABLE ONLY public.product_modifier_categories
    ADD CONSTRAINT product_modifier_categories_product_id_fkey FOREIGN KEY (product_id) REFERENCES public.menu_products(id) ON UPDATE CASCADE ON DELETE CASCADE;


--
-- Name: promotion_analytics promotion_analytics_campaign_id_fkey; Type: FK CONSTRAINT; Schema: public; Owner: -
--

ALTER TABLE ONLY public.promotion_analytics
    ADD CONSTRAINT promotion_analytics_campaign_id_fkey FOREIGN KEY (campaign_id) REFERENCES public.promotion_campaigns(id) ON UPDATE CASCADE ON DELETE CASCADE;


--
-- Name: promotion_campaigns promotion_campaigns_company_id_fkey; Type: FK CONSTRAINT; Schema: public; Owner: -
--

ALTER TABLE ONLY public.promotion_campaigns
    ADD CONSTRAINT promotion_campaigns_company_id_fkey FOREIGN KEY (company_id) REFERENCES public.companies(id) ON UPDATE CASCADE ON DELETE CASCADE;


--
-- Name: promotion_codes promotion_codes_campaign_id_fkey; Type: FK CONSTRAINT; Schema: public; Owner: -
--

ALTER TABLE ONLY public.promotion_codes
    ADD CONSTRAINT promotion_codes_campaign_id_fkey FOREIGN KEY (campaign_id) REFERENCES public.promotion_campaigns(id) ON UPDATE CASCADE ON DELETE CASCADE;


--
-- Name: promotion_menu_items promotion_menu_items_campaign_id_fkey; Type: FK CONSTRAINT; Schema: public; Owner: -
--

ALTER TABLE ONLY public.promotion_menu_items
    ADD CONSTRAINT promotion_menu_items_campaign_id_fkey FOREIGN KEY (campaign_id) REFERENCES public.promotion_campaigns(id) ON UPDATE CASCADE ON DELETE CASCADE;


--
-- Name: promotion_menu_items promotion_menu_items_menu_item_id_fkey; Type: FK CONSTRAINT; Schema: public; Owner: -
--

ALTER TABLE ONLY public.promotion_menu_items
    ADD CONSTRAINT promotion_menu_items_menu_item_id_fkey FOREIGN KEY (menu_item_id) REFERENCES public.menu_products(id) ON UPDATE CASCADE ON DELETE CASCADE;


--
-- Name: promotion_modifier_markups promotion_modifier_markups_modifier_id_fkey; Type: FK CONSTRAINT; Schema: public; Owner: -
--

ALTER TABLE ONLY public.promotion_modifier_markups
    ADD CONSTRAINT promotion_modifier_markups_modifier_id_fkey FOREIGN KEY (modifier_id) REFERENCES public.modifiers(id) ON UPDATE CASCADE ON DELETE CASCADE;


--
-- Name: promotion_modifier_markups promotion_modifier_markups_product_id_fkey; Type: FK CONSTRAINT; Schema: public; Owner: -
--

ALTER TABLE ONLY public.promotion_modifier_markups
    ADD CONSTRAINT promotion_modifier_markups_product_id_fkey FOREIGN KEY (product_id) REFERENCES public.menu_products(id) ON UPDATE CASCADE ON DELETE CASCADE;


--
-- Name: promotion_modifier_markups promotion_modifier_markups_promotion_id_fkey; Type: FK CONSTRAINT; Schema: public; Owner: -
--

ALTER TABLE ONLY public.promotion_modifier_markups
    ADD CONSTRAINT promotion_modifier_markups_promotion_id_fkey FOREIGN KEY (promotion_id) REFERENCES public.promotions(id) ON UPDATE CASCADE ON DELETE CASCADE;


--
-- Name: promotion_platform_configs promotion_platform_configs_campaign_id_fkey; Type: FK CONSTRAINT; Schema: public; Owner: -
--

ALTER TABLE ONLY public.promotion_platform_configs
    ADD CONSTRAINT promotion_platform_configs_campaign_id_fkey FOREIGN KEY (campaign_id) REFERENCES public.promotion_campaigns(id) ON UPDATE CASCADE ON DELETE CASCADE;


--
-- Name: promotion_products promotion_products_product_id_fkey; Type: FK CONSTRAINT; Schema: public; Owner: -
--

ALTER TABLE ONLY public.promotion_products
    ADD CONSTRAINT promotion_products_product_id_fkey FOREIGN KEY (product_id) REFERENCES public.menu_products(id) ON UPDATE CASCADE ON DELETE CASCADE;


--
-- Name: promotion_products promotion_products_promotion_id_fkey; Type: FK CONSTRAINT; Schema: public; Owner: -
--

ALTER TABLE ONLY public.promotion_products
    ADD CONSTRAINT promotion_products_promotion_id_fkey FOREIGN KEY (promotion_id) REFERENCES public.promotions(id) ON UPDATE CASCADE ON DELETE CASCADE;


--
-- Name: promotion_targets promotion_targets_campaign_id_fkey; Type: FK CONSTRAINT; Schema: public; Owner: -
--

ALTER TABLE ONLY public.promotion_targets
    ADD CONSTRAINT promotion_targets_campaign_id_fkey FOREIGN KEY (campaign_id) REFERENCES public.promotion_campaigns(id) ON UPDATE CASCADE ON DELETE CASCADE;


--
-- Name: promotion_templates promotion_templates_company_id_fkey; Type: FK CONSTRAINT; Schema: public; Owner: -
--

ALTER TABLE ONLY public.promotion_templates
    ADD CONSTRAINT promotion_templates_company_id_fkey FOREIGN KEY (company_id) REFERENCES public.companies(id) ON UPDATE CASCADE ON DELETE CASCADE;


--
-- Name: promotion_usage promotion_usage_campaign_id_fkey; Type: FK CONSTRAINT; Schema: public; Owner: -
--

ALTER TABLE ONLY public.promotion_usage
    ADD CONSTRAINT promotion_usage_campaign_id_fkey FOREIGN KEY (campaign_id) REFERENCES public.promotion_campaigns(id) ON UPDATE CASCADE ON DELETE CASCADE;


--
-- Name: promotion_usage promotion_usage_code_id_fkey; Type: FK CONSTRAINT; Schema: public; Owner: -
--

ALTER TABLE ONLY public.promotion_usage
    ADD CONSTRAINT promotion_usage_code_id_fkey FOREIGN KEY (code_id) REFERENCES public.promotion_codes(id) ON UPDATE CASCADE ON DELETE SET NULL;


--
-- Name: promotion_variants promotion_variants_campaign_id_fkey; Type: FK CONSTRAINT; Schema: public; Owner: -
--

ALTER TABLE ONLY public.promotion_variants
    ADD CONSTRAINT promotion_variants_campaign_id_fkey FOREIGN KEY (campaign_id) REFERENCES public.promotion_campaigns(id) ON UPDATE CASCADE ON DELETE CASCADE;


--
-- Name: promotions promotions_company_id_fkey; Type: FK CONSTRAINT; Schema: public; Owner: -
--

ALTER TABLE ONLY public.promotions
    ADD CONSTRAINT promotions_company_id_fkey FOREIGN KEY (company_id) REFERENCES public.companies(id) ON UPDATE CASCADE ON DELETE CASCADE;


--
-- Name: provider_order_logs provider_order_logs_company_provider_config_id_fkey; Type: FK CONSTRAINT; Schema: public; Owner: -
--

ALTER TABLE ONLY public.provider_order_logs
    ADD CONSTRAINT provider_order_logs_company_provider_config_id_fkey FOREIGN KEY (company_provider_config_id) REFERENCES public.company_provider_configs(id) ON UPDATE CASCADE ON DELETE CASCADE;


--
-- Name: user_activity_logs user_activity_logs_user_id_fkey; Type: FK CONSTRAINT; Schema: public; Owner: -
--

ALTER TABLE ONLY public.user_activity_logs
    ADD CONSTRAINT user_activity_logs_user_id_fkey FOREIGN KEY (user_id) REFERENCES public.users(id) ON UPDATE CASCADE ON DELETE CASCADE;


--
-- Name: user_sessions user_sessions_user_id_fkey; Type: FK CONSTRAINT; Schema: public; Owner: -
--

ALTER TABLE ONLY public.user_sessions
    ADD CONSTRAINT user_sessions_user_id_fkey FOREIGN KEY (user_id) REFERENCES public.users(id) ON UPDATE CASCADE ON DELETE CASCADE;


--
-- Name: users users_branch_id_fkey; Type: FK CONSTRAINT; Schema: public; Owner: -
--

ALTER TABLE ONLY public.users
    ADD CONSTRAINT users_branch_id_fkey FOREIGN KEY (branch_id) REFERENCES public.branches(id) ON UPDATE CASCADE ON DELETE SET NULL;


--
-- Name: users users_company_id_fkey; Type: FK CONSTRAINT; Schema: public; Owner: -
--

ALTER TABLE ONLY public.users
    ADD CONSTRAINT users_company_id_fkey FOREIGN KEY (company_id) REFERENCES public.companies(id) ON UPDATE CASCADE ON DELETE CASCADE;


--
-- Name: webhook_delivery_logs webhook_delivery_logs_company_id_fkey; Type: FK CONSTRAINT; Schema: public; Owner: -
--

ALTER TABLE ONLY public.webhook_delivery_logs
    ADD CONSTRAINT webhook_delivery_logs_company_id_fkey FOREIGN KEY (company_id) REFERENCES public.companies(id) ON UPDATE CASCADE ON DELETE CASCADE;


--
-- Name: branches; Type: ROW SECURITY; Schema: public; Owner: -
--

ALTER TABLE public.branches ENABLE ROW LEVEL SECURITY;

--
-- Name: companies; Type: ROW SECURITY; Schema: public; Owner: -
--

ALTER TABLE public.companies ENABLE ROW LEVEL SECURITY;

--
-- Name: users; Type: ROW SECURITY; Schema: public; Owner: -
--

ALTER TABLE public.users ENABLE ROW LEVEL SECURITY;

--
-- PostgreSQL database dump complete
--

\unrestrict qElUIrtRO7jgKilmjf88PrcWHW68FMHLcPd42KkxT2Kzo7OitQgvVeZBQwEf97L

